电影名,海报链接,导演,时间,地区,演员,评分
长大 Big,https://img3.doubanio.com/view/movie_poster_cover/lpst/public/p1675497800.jpg,潘妮·马歇尔,1988-06-03(美国), 美国,汤姆·汉克斯 / 伊丽莎白·帕金斯 / 罗伯特·劳吉亚 / 约翰·赫德 / 杰瑞德·拉什顿 / 大卫·莫斯科 / 乔恩·拉威茨 / 梅塞迪丝·鲁尔 / ,7.9
中国电视史 中國電視史,https://img3.doubanio.com/view/movie_poster_cover/lpst/public/p2177800624.jpg,王伟忠,1988-10-19, 台湾,澎恰恰 / 许效舜 / 洪胜德 / 杨丽音 / ,9.4
午夜狂奔 Midnight Run,https://img3.doubanio.com/view/movie_poster_cover/lpst/public/p1483943303.jpg,马丁·布莱斯,1988-07-20, 美国,罗伯特·德尼罗 / 查尔斯·格罗丁 / ,8.5
孽扣 Dead Ringers,https://img3.doubanio.com/view/movie_poster_cover/lpst/public/p2187073166.jpg,大卫·柯南伯格,1988-09-23, 加拿大 / 美国,杰瑞米·艾恩斯 / 詹妮薇芙·布卓 / Heidi von Palleske / ,7.7
上班女郎 Working Girl,https://img1.doubanio.com/view/movie_poster_cover/lpst/public/p684784247.jpg,迈克·尼科尔斯,1988, 美国,哈里森·福特 / 西格妮·韦弗 / 梅兰尼·格里菲斯 / ,7.2
中国最后一个太监,https://img3.doubanio.com/view/movie_poster_cover/lpst/public/p2204679692.jpg,张之亮,1988-03-04, 香港,莫少聪 / 温碧霞 / 午马 / 林正英 / 洪金宝 / 刘德华 / 归亚蕾 / 文隽 / 王小凤 / 陈友 / 张坚庭 / ,7.0
危险关系 Dangerous Liaisons,https://img3.doubanio.com/view/movie_poster_cover/lpst/public/p1427106020.jpg,斯蒂芬·弗雷斯,1988-12-16, 美国 / 英国,格伦·克洛斯 / 约翰·马尔科维奇 / 米歇尔·菲佛 / 基努·里维斯 / ,7.7
意外的旅客 The Accidental Tourist,https://img3.doubanio.com/lpic/s2718560.jpg,劳伦斯·卡斯丹,1988-12-23, 美国,凯瑟琳·特纳 / 吉娜·戴维斯 / ,7.7
细细的蓝线 The Thin Blue Line,https://img1.doubanio.com/view/movie_poster_cover/lpst/public/p2217896078.jpg,埃罗尔·莫里斯,1988-08-25, 美国,Randall Adams / David Harris / ,8.1
鬼娃回魂 Child's Play,https://img3.doubanio.com/view/movie_poster_cover/lpst/public/p1302801606.jpg,汤姆·霍兰德,1988-11-09, 美国,凯瑟琳·海克丝 / 克里斯·萨兰登 / 艾力克斯·文森特 / 布拉德·道里夫 / ,6.8
嫁给歹徒 Married to the Mob,https://img3.doubanio.com/view/movie_poster_cover/lpst/public/p2376796121.jpg,乔纳森 德梅 (Jonathan Demme),1988-08-19, 美国,,6.0
为人师表 Stand and Deliver,https://img3.doubanio.com/lpic/s10479400.jpg,Ramón Menéndez (I),1988-12-15, 美国,爱德华·詹姆斯·奥莫斯 / 爱丝黛儿·哈里斯 / ,7.6
鸡同鸭讲 雞同鴨講,https://img3.doubanio.com/view/movie_poster_cover/lpst/public/p1606370083.jpg,高志森,1988-07-14, 香港,许冠文 / 许冠英 / 张艾嘉 / 卢冠廷 / 吴启华 / 谷峰 / 白茵 / 叶荣祖 / 何启南 / 许莹英 / 高志森 / 罗冠兰 / 叶蕴仪 / 许冠杰 / ,7.6
黑心鬼,https://img3.doubanio.com/view/movie_poster_cover/lpst/public/p2232857323.jpg,陈会毅,, 香港,陈友 / 梅艳芳 / 午马 / ,6.4
"崩溃边缘的女人 Mujeres al borde de un ataque de ""nervios""",https://img3.doubanio.com/view/movie_poster_cover/lpst/public/p1264704890.jpg,佩德罗·阿莫多瓦,1988-11-11, 西班牙,卡门·毛拉 / 安东尼奥·班德拉斯 / 胡丽叶塔·塞德拉诺 / 萝西·德·帕尔马 / ,7.8
纯属巧合 À gauche en sortant de l'ascenseur,https://img3.doubanio.com/view/movie_poster_cover/lpst/public/p2193086156.jpg,埃德沃德·莫利纳罗,1988-08-31(法国), 法国,皮埃尔·里夏尔 / 艾曼纽·贝阿 / ,7.6
另一个女人 Another Woman,https://img1.doubanio.com/view/movie_poster_cover/lpst/public/p2182320999.jpg,伍迪·艾伦,1988-11-18, 美国,吉娜·罗兰兹 / 米亚·法罗 / 伊安·霍姆 / 布莱思·丹纳 / ,8.2
最佳损友闯情关,https://img3.doubanio.com/view/movie_poster_cover/lpst/public/p2415586874.jpg,王晶,1988-12-15, 香港,刘德华 / 关之琳 / 郑裕玲 / 冯淬帆 / 邱淑贞 / 吴君如 / 陈百祥 / 曹查理 / 吴启华 / 苗侨伟 / 成奎安 / 罗兰 / ,6.5
警察故事续集 警察故事續集,https://img3.doubanio.com/view/movie_poster_cover/lpst/public/p2408355680.jpg,成龙,1988-08-20(香港), 香港,成龙 / 张曼玉 / 陈国新 / 楚原 / ,7.2
公子多情,https://img3.doubanio.com/view/movie_poster_cover/lpst/public/p2347616685.jpg,霍耀良,1988-07-30, 香港,周润发 / 梅艳芳 / 利智 / 曾志伟 / ,7.0
最佳女婿,https://img3.doubanio.com/view/movie_poster_cover/lpst/public/p2179237032.jpg,黄华麒,1988-12-17(香港), 香港,张学友 / 周星驰 / 莫少聪 / 张敏 / 吴耀汉 / 沈殿霞 / 梁荣忠 / 胡枫 / 廖启智 / ,6.4
捕风汉子,https://img3.doubanio.com/view/movie_poster_cover/lpst/public/p2347443822.jpg,赖建国,1988-04-21, 香港,万梓良 / 李美凤 / 周星驰 / 吴家丽 / ,5.9
毕加索与公牛,https://img3.doubanio.com/lpic/s1829231.jpg,金石,1988, 中国大陆,,7.7
诅咒 Kárhozat,https://img1.doubanio.com/view/movie_poster_cover/lpst/public/p2357414357.jpg,贝拉·塔尔,1988-10-20(匈牙利), 匈牙利,Vali Kerekes / 乔治·切豪尔米 / ,8.4
幽异仲夏 異人たちとの夏,https://img3.doubanio.com/view/movie_poster_cover/lpst/public/p2152946436.jpg,大林宣彦,1988-09-15, 日本,风间杜夫 / 秋吉久美子 / 片冈鹤太郎 / 永岛敏行 / 名取裕子 / 本多猪四郎 / 峰岸彻 / 笹野高史 / ,7.4
京华烟云,https://img3.doubanio.com/view/movie_poster_cover/lpst/public/p2375023085.jpg,李英,1988年3月30日, 中国台湾,赵雅芝 / 官晶华 / 赵家蓉 / ,8.1
学校风云 學校風雲,https://img3.doubanio.com/lpic/s4105760.jpg,林岭东,1988-08-20(香港), 香港,袁洁莹 / 张耀扬 / 刘松仁 / 林正英 / 郑雷 / 何家驹 / ,7.7
魔神英雄传 魔神英雄伝ワタル,https://img3.doubanio.com/view/movie_poster_cover/lpst/public/p2167978086.jpg,井内秀治,1988-04-15(日本), 日本,田中真弓 / 林原惠美 / 山寺宏一 / 玄田哲章 / 伊仓一惠 / ,8.7
天朝国库之谜,https://img1.doubanio.com/view/movie_poster_cover/lpst/public/p2341833197.jpg,徐纪宏,, 中国大陆,盖丽丽 / 吕凉 / ,7.4
黄河大侠,https://img1.doubanio.com/view/movie_poster_cover/lpst/public/p2345585739.jpg,张鑫炎,1988-06-09, 中国大陆,于承惠 / 靳德茂 / 淳于珊珊 / 赵志刚 / 计春华 / ,7.4
黑僧 Чёрный монах,https://img1.doubanio.com/lpic/s7060838.jpg,Ivan Dykhovichnyj,1989-05-25, 苏联 / 西德,Tatyana Drubich / ,8.0
艳妇转世 艷妇转世,https://img3.doubanio.com/view/movie_poster_cover/lpst/public/p2374972055.jpg,何方,, 香港,,"
    "
仲夏之恋 A Summer Story,https://img3.doubanio.com/view/movie_poster_cover/lpst/public/p2153088176.jpg,皮尔斯·哈格德,1988-08-11(美国), 英国,詹姆斯·维尔拜 / 伊莫金·斯塔布斯 / ,7.9
功夫大师 Le petit amour,https://img3.doubanio.com/view/movie_poster_cover/lpst/public/p2285522622.jpg,阿涅斯·瓦尔达,1988-03-09, 法国,简·伯金 / 夏洛特·甘斯布 / 马修·戴米 / ,7.5
千面珍宝金 Jane B. par Agnès V.,https://img3.doubanio.com/view/movie_poster_cover/lpst/public/p2285522254.jpg,阿涅斯·瓦尔达,1988-03-02, 法国,简·伯金 / 让-皮埃尔·利奥德 / Philippe Léotard / ,7.6
天罗地网,https://img3.doubanio.com/view/movie_poster_cover/lpst/public/p1270971114.jpg,黄志强,1990-06-20, 香港,郑少秋 / 梁家辉 / 李子雄 / 李美凤 / ,6.1
极度空间 They Live,https://img3.doubanio.com/view/movie_poster_cover/lpst/public/p2221132020.jpg,约翰·卡朋特,1988-11-04, 美国,Roddy Piper / 凯斯·大卫 / 梅格·福斯特 / ,7.3
加菲猫和他的朋友们 第一季 Garfield and Friends Season 1,https://img3.doubanio.com/view/movie_poster_cover/lpst/public/p2199527672.jpg,Steve Clark,1988-09-17, 美国,Lorenzo Music / Gregg Berger / Thom Huge / Desiree Goyette / Howie Morris / Frank Welker / Julie Payne / ,9.0
三人世界,https://img1.doubanio.com/lpic/s3449109.jpg,冼杞然,1988-08-25, 香港,林子祥 / 郑裕玲 / 关之琳 / 周慧敏 / 刘嘉玲 / 罗美薇 / ,6.8
轮回,https://img3.doubanio.com/view/movie_poster_cover/lpst/public/p2157718016.jpg,黄建新,1988, 中国大陆,雷汉 / 谭小燕 / 刘丽军 / 王学圻 / 罗京民 / 贾宏声 / 柳荻 / 阚丽君 / 卢君 / 李虎 / 金馥丽 / 唐爱梅 / 刘惠宁 / 张建栋 / 张金生 / 王建成 / 马刚 / 陆树铭 / 钟兰辉 / 王大为 / 吴小汀 / 潘杰 / 吴长雁 / 张自力 / 黄翔 / 贾兆冀 / 郝阳 / ,7.2
长短脚之恋 長短腳之戀,https://img3.doubanio.com/view/movie_poster_cover/lpst/public/p1994737902.jpg,王钟,1988-07-07, 香港,周润发 / 王祖贤 / ,6.7
怨女,https://img3.doubanio.com/view/movie_poster_cover/lpst/public/p2327163701.jpg,但汉章,1988-09-15, 台湾,夏文汐 / 高捷 / ,7.3
三宝闹深圳,https://img3.doubanio.com/lpic/s6880225.jpg,凌子,1988, 中国大陆,郭锋 / 李娟娟 / 韩国财 / 车保罗 / ,6.2
严凤英,https://img1.doubanio.com/lpic/s2676977.jpg,金继武,, 中国大陆,马兰 / Guorong Wang / ,8.1
誓不低头,https://img1.doubanio.com/lpic/s2666608.jpg,梁材远,, 香港,陈秀珠 / 郑少秋 / 罗嘉良 / 郭晋安 / 曾江 / 李丽蕊 / ,7.8
钢丝人 Vykrutasy,https://img3.doubanio.com/lpic/s3944530.jpg,Garry Bardin,2001-04-01(法国), 苏联,,7.9
License to Drive,https://img3.doubanio.com/view/movie_poster_cover/lpst/public/p1502593002.jpg,Greg Beeman,1988-07-06, 美国,Corey Haim / Heather Graham / ,"
    "
异魔 Monkey Shines,https://img1.doubanio.com/lpic/s3736788.jpg,乔治·A·罗梅罗,1988-07-29, 美国,杰森·贝吉 / 约翰·潘科夫 / ,7.0
爵士乐手 Bird,https://img3.doubanio.com/view/movie_poster_cover/lpst/public/p2205890630.jpg,克林特·伊斯特伍德,1988-06-01, 美国,福里斯特·惠特克 /  戴安·维诺拉 / ,7.4
在水一方,https://img3.doubanio.com/view/movie_poster_cover/lpst/public/p2207014670.jpg,刘立立,1988-01-11, 台湾,秦汉 / 刘雪华 / 林在培 / 李天柱 / 徐贵樱 / ,6.7
火舞风云 火舞風雲,https://img1.doubanio.com/view/movie_poster_cover/lpst/public/p2181464159.jpg,张同祖,1988-06-04(香港), 香港,钟楚红 / 张敏 / 秦沛 / 陈百祥 / 曹查理 / 冯淬帆 / 玛利亚 / 成奎安 / 侯炳莹 / 杜丽莎 / 薛芷伦 / 王晶 / ,6.6
她说了算 She's Gotta Have It,https://img3.doubanio.com/view/movie_poster_cover/lpst/public/p2399619634.jpg,斯派克·李,1986-08-08, 美国,崔西•卡米拉•琼斯（Tracy Camilla Johns） / 斯派克•李 / ,7.3
痴情大丈夫 Buster,https://img3.doubanio.com/lpic/s2964226.jpg,David Green (I),, 英国,菲尔·柯林斯 / Julie Walters / ,"
    "
飞龙猛将 飛龍猛將,https://img1.doubanio.com/view/movie_poster_cover/lpst/public/p1994755138.jpg,洪金宝,1988-02-11, 香港,成龙 / 洪金宝 / 元彪 / 叶德娴 / 杨宝玲 / 元华 / 周比利 / 冯淬帆 / 乔宏 / 袁祥仁 / ,7.0
惊狂记 Frantic,https://img3.doubanio.com/view/movie_poster_cover/lpst/public/p1402604885.jpg,罗曼·波兰斯基,1988-02-16, 美国 / 法国,哈里森·福特 / 艾玛纽尔·塞尼耶 / ,6.8
杀之恋 殺之戀,https://img1.doubanio.com/view/movie_poster_cover/lpst/public/p862141919.jpg,梁普智,1988-08-11, 香港,张国荣 / 钟楚红 / 柏安妮 / 胡大为 / 黄锦燊 / ,6.9
第一茧 第一繭,https://img3.doubanio.com/view/movie_poster_cover/lpst/public/p2382529246.jpg,梁本熙,1989, 香港,刘德华 / 吴家丽 / 曾江 / 马斯晨 / ,7.1
烈血大风暴 Mississippi Burning,https://img3.doubanio.com/view/movie_poster_cover/lpst/public/p2263692001.jpg,艾伦·帕克,1988-12-09, 美国,吉恩·哈克曼 / 威廉·达福 / 弗兰西斯·麦克多蒙德 / 布拉德·道里夫 / ,7.9
升空号 Ariel,https://img1.doubanio.com/view/movie_poster_cover/lpst/public/p2276729008.jpg,阿基·考里斯马基,1988-10-21(芬兰), 芬兰,Turo Pajala / Susanna Haavisto / ,8.1
鸡尾酒 Cocktail,https://img3.doubanio.com/view/movie_poster_cover/lpst/public/p1562274872.jpg,罗杰·唐纳森,1988-07-29, 美国,汤姆·克鲁斯 / 布莱恩·布朗 / ,6.8
最佳损友,https://img3.doubanio.com/view/movie_poster_cover/lpst/public/p2347431502.jpg,王晶,1988-03-27(香港), 香港,刘德华 / 陈百祥 / 冯淬帆 / 邱淑贞 / 陈玉莲 / ,6.6
春秋茶室,https://img1.doubanio.com/view/movie_poster_cover/lpst/public/p2182034658.jpg,陈坤厚,1988, 台湾,张艾嘉 / 梁家辉 / 杨洁玫 / 吴豪文 / 杨中化 / 杨明佑 / 陈德政 / 方龙 / 李宗盛 / 周华健 / 丁亚民 / ,7.6
赌彩黑名单 The Dead Pool,https://img3.doubanio.com/view/movie_poster_cover/lpst/public/p2008947203.jpg,Buddy Van Horn,1988-07-13, 美国,克林特·伊斯特伍德 / 派翠西娅·克拉克森 / 连姆·尼森 / ,6.4
入侵阿富汗 The Beast of War,https://img1.doubanio.com/view/movie_poster_cover/lpst/public/p2453642267.jpg,凯文·雷诺兹,1988-09-14, 美国,杰森·帕特里克 / 乔治·杜兹达扎 / 斯蒂文·鲍尔 / ,7.4
铁男1：金属兽 Tetsuo,https://img1.doubanio.com/view/movie_poster_cover/lpst/public/p1967145707.jpg,塚本晋也,1989-07-01, 日本,田口智朗 / 石桥莲司 / 六平直政 / 塚本晋也 / ,7.2
江湖接班人,https://img3.doubanio.com/view/movie_poster_cover/lpst/public/p2348545825.jpg,潘文杰 (Man Kit Poon),1988, 香港,莫少聪 / ,6.3
姐御,https://img3.doubanio.com/view/movie_poster_cover/lpst/public/p1453162954.jpg,鷹森立一 Tatsuichi Takamori,1988-11-09, 日本,黑木瞳 / 香山美子 / 白都真理 / 寺田農 / 高部知子 / ,6.8
狗心 Собачье сердце,https://img1.doubanio.com/lpic/s6981217.jpg,弗拉基米尔·博尔特科,1988, 苏联,Vladimir Tolokonnikov / Yevgeni Yevstigneyev / ,7.9
华之乱 華の乱,https://img1.doubanio.com/view/movie_poster_cover/lpst/public/p1560074509.jpg,深作欣二,1988-10-01, 日本,吉永小百合 / 松田优作 / 绪形拳 / 池上季实子 / 石田惠理 / 松坂庆子 / 石桥莲司 / 内藤刚志 / 蟹江敬三 / ,8.0
巍巍昆仑,https://img3.doubanio.com/lpic/s2741836.jpg,景慕逵,, 中国大陆,张梅棣 / 孙飞虎 / ,6.1
大蛇王,https://img1.doubanio.com/view/movie_poster_cover/lpst/public/p2282104799.jpg,李超,, 台湾,Pierre Kirby / 李修贤 / Danny Ravebeck / 李修贤 Danny Lee / ,7.3
撞邪先生,https://img3.doubanio.com/view/movie_poster_cover/lpst/public/p2348578785.jpg,王晶,1988-06-09, 香港,钟镇涛 / 陈百祥 / 郑裕玲 / 刘家荣 / 万梓良 / 邱淑贞 / ,6.1
开膛手杰克 Jack The Ripper,https://img3.doubanio.com/lpic/s3694106.jpg,David Wickes,1988-10-11, 英国,Michael Caine / Armand Assante / Ray McAnally / Hugh Fraser / ,7.4
欲焰浓情 慾燄濃情,https://img3.doubanio.com/lpic/s24225860.jpg,何藩,1988-12-10, 香港,張采眉 / 潘震伟 / 李殿朗 / ,"
    "
神秘的电波 Qualcuno in ascolto,https://img3.doubanio.com/lpic/s3113673.jpg,Faliero Rosati,1990-07-28, 意大利,文森特·斯帕诺 / Oliver Benny / ,8.5
神州魑魅变 神州魑魅変,https://img1.doubanio.com/lpic/s6776677.jpg,出崎哲,1988-12-10, 日本,梅津亮介 / 安原義人 / 玄田哲章 / ,7.6
我不是卖春女 我不是賣春女,https://img3.doubanio.com/f/movie/30c6263b6db26d055cbbe73fe653e29014142ea3/pics/movie/movie_default_large.png,黄新村,, 台湾,姚欣儀 / 井廣 / 秦隆 / 陳為柱 / ,"
    "
断喉剑,https://img1.doubanio.com/lpic/s3116518.jpg,李歇甫,1988, 中国大陆,王恒 / 张鸿 / 盖丽丽 / ,5.9
帝都物语 帝都物語,https://img1.doubanio.com/view/movie_poster_cover/lpst/public/p2241925319.jpg,実相寺昭雄,1988-01-30(日本), 日本,勝新太郎 / 嶋田久作 / 原田美枝子 / 石田純一 / ,7.1
迷雾森林十八年 Gorillas in the Mist: The Story of Dian Fossey,https://img1.doubanio.com/lpic/s4133897.jpg,迈克尔·艾普特,1988-09-23, 美国,西格妮·韦弗 / 布莱恩·布朗 / ,8.1
"主仆轶事 You Rang, M'Lord?",https://img1.doubanio.com/view/movie_poster_cover/lpst/public/p2326534708.jpg,David Croft/Roy Gould,1988, 英国,Paul Shane / Jeffrey Holland / ,9.2
群莺乱舞 群鶯亂舞,https://img3.doubanio.com/view/movie_poster_cover/lpst/public/p2231192026.jpg,区丁平,1988-05-05, 香港,郑少秋 / 关之琳 / 利智 / 刘嘉玲 / ,6.8
飞跃巅峰 トップをねらえ！,https://img3.doubanio.com/view/movie_poster_cover/lpst/public/p2238703586.jpg,庵野秀明,1988-10-07(日本), 日本,日高法子 / 佐久间玲 / ,8.9
十三号星期五7 Friday the 13th Part VII: The New Blood,https://img1.doubanio.com/view/movie_poster_cover/lpst/public/p2209367528.jpg,John Carl Buechler,1988-05-13, 美国,,6.1
脑髓地狱 ドグラ・マグラ,https://img3.doubanio.com/view/movie_poster_cover/lpst/public/p2171386680.jpg,松本俊夫,1988-02-20, 日本,松田洋治 / 桂枝雀 / ,7.2
母亲 母,https://img1.doubanio.com/view/movie_poster_cover/lpst/public/p2407724279.jpg,松山善三 Zenzo Matsuyama,1988-04-29, 日本,吉村实子 / 未来贵子 / ,7.5
奸人本色,https://img3.doubanio.com/view/movie_poster_cover/lpst/public/p2347387676.jpg,潘文杰,1988-01-01, 香港,董骠 / ,6.3
霹雳金光,https://img1.doubanio.com/lpic/s1912969.jpg,黄文择,1988-06(台湾), 台湾,,8.6
寅次郎的故事40：寅次郎沙拉纪念日 男はつらいよ 寅次郎サラダ記念日,https://img3.doubanio.com/view/movie_poster_cover/lpst/public/p2248493436.jpg,山田洋次,1988-12-24, 日本,渥美清 / 倍赏千惠子 / 三田佳子 / ,8.6
黑爵士之骑士时代 Blackadder: The Cavalier Years,https://img3.doubanio.com/lpic/s2161891.jpg,Mandie Fletcher,1988-02-05, UK / BBC,罗温·艾金森 / 托尼·罗宾逊 / 斯蒂芬·弗雷 / 休·劳瑞 / ,8.7
终点旅店 Hôtel Terminus,https://img1.doubanio.com/view/movie_poster_cover/lpst/public/p1675829977.jpg,马塞尔·奥菲尔斯,1988-10-09, 西德 / 法国 / 美国,,"
    "
那五,https://img3.doubanio.com/lpic/s2759292.jpg,谢添,, 中国大陆,冯巩 / 倪萍 / 牛群 / ,7.7
基督山伯爵 Узник замка Иф,https://img1.doubanio.com/lpic/s3465789.jpg,Georgi Yungvald-Khilkevich,1988, 法国 / 苏联,米哈依尔·波亚尔斯卡亚 / Viktor Avilov / ,8.4
宇宙战士 宇宙の戦士,https://img3.doubanio.com/view/movie_poster_cover/lpst/public/p2011402461.jpg,アミノテツロー,1988, 日本,松本保典 / 佐久間レイ / 神谷明 / 小川真司 / 弥永和子 / 井上和彦 / 池田秀一 / ,7.5
法国小馆儿  第五季 'Allo 'Allo! Season 5,https://img3.doubanio.com/lpic/s6335724.jpg,David Croft,1988-09-03, 英国,Gorden Kaye / Carmen Silvera / ,9.3
龙兄鼠弟 Twins,https://img1.doubanio.com/view/movie_poster_cover/lpst/public/p2200099609.jpg,伊万·雷特曼,1988-12-09(美国), 美国,阿诺·施瓦辛格 / 丹尼·德维托 / 凯利·普雷斯顿 / ,6.6
天下父母心 She's Having a Baby,https://img1.doubanio.com/view/movie_poster_cover/lpst/public/p2197580307.jpg,约翰·休斯,1988-02-05, 美国,Kevin Bacon / ,7.8
豆田战役 The Milagro Beanfield War,https://img3.doubanio.com/view/movie_poster_cover/lpst/public/p1566389901.jpg,罗伯特·雷德福,1988-03-18, 美国,卢宾·布雷兹 / Richard Bradford / 索尼娅·布拉加 / ,7.2
精装追女仔之2 精裝追女仔之2,https://img1.doubanio.com/view/movie_poster_cover/lpst/public/p2161916167.jpg,王晶,1988-01-21(香港), 香港,刘德华 / 陈百祥 / 冯淬帆 / 李美凤 / 黄韵诗 / 刘嘉玲 / ,6.4
头条笑料 Punchline,https://img1.doubanio.com/view/movie_poster_cover/lpst/public/p2177824307.jpg,David Seltzer,1988-10-07, 美国,Tom Hanks / Sally Field / ,7.0
吸血姬美夕(OVA) 吸血姫美夕,https://img1.doubanio.com/lpic/s2341077.jpg,平野俊弘,1988-07-21(日本), 日本,渡辺菜生子 / 小山茉美 / 荘真由美 / 堀川亮 / 盐泽兼人 / ,7.9
种树的牧羊人 L'homme qui plantait des arbres,https://img1.doubanio.com/view/movie_poster_cover/lpst/public/p2242923109.jpg,弗雷德里克·贝克,1988-06-11, 加拿大,Philippe Noiret / ,9.1
小薇拉 Маленькая Вера,https://img3.doubanio.com/view/movie_poster_cover/lpst/public/p986303663.jpg,Vasili Pichul,1989-04-28, 苏联,Natalya Negoda / Andrei Sokolov / ,6.9
森林好小子 燃える！お兄さん,https://img1.doubanio.com/lpic/s1665108.jpg,小林治,1988-03-14(日本), 日本,矢尾一树 / 本多知惠子 / 速水奖 / ,8.8
天堂窃情 Stealing Heaven,https://img3.doubanio.com/view/movie_poster_cover/lpst/public/p2181313290.jpg,克里夫·唐纳,1989-04-28, 南斯拉夫 / 英国,德雷克·德·林特 / 金·汤普森 / 丹霍姆·艾略特 / ,7.9
闪电行动 閃電行動,https://img3.doubanio.com/view/movie_poster_cover/lpst/public/p2238482030.jpg,朱岩,1987-12-03(香港), 香港 / 中国大陆,杜振清 / 储智博 / 赵小锐 / 孙海英 / 孙成斌 / 祝新运 / 张玲 / 迟蓬 / 赵军凯 / 陈晓雷 / 春歌 / 杨军 / ,7.8
破晓时刻 Tequila Sunrise,https://img3.doubanio.com/lpic/s4467523.jpg,罗伯特·汤,1988-12-02, 美国,梅尔·吉布森 / 米歇尔·菲佛 / 库尔特·拉塞尔 / 劳尔·朱力亚 / ,6.5
风的故事 Une histoire de vent,https://img1.doubanio.com/view/movie_poster_cover/lpst/public/p2215638457.jpg,尤里斯·伊文思,1988-09-09, 法国 / 英国 / 西德 / 荷兰,,8.6
大话神探 大話神探,https://img3.doubanio.com/view/movie_poster_cover/lpst/public/p2348550181.jpg,黎应就,1988-10-14(香港), 香港,陈百祥 / 钱小豪 / 曹查理 / 冯淬帆 / 许冠英 / 叶童 / 郑君绵 / 成奎安 / ,4.7
无罪的杀手,https://img3.doubanio.com/view/movie_poster_cover/lpst/public/p1897305890.jpg,豫梅,1988-12, 中国大陆,杜雨露 / 向梅 / ,"
    "
花心野玫瑰,https://img3.doubanio.com/lpic/s24514671.jpg,张雁名,1988, 香港,曹查理 / 金姬美 / 潘震伟 / 颜丽如 / 李凯君 / ,"
    "
神秘的背影 Jack's Back,https://img3.doubanio.com/view/movie_poster_cover/lpst/public/p2368444186.jpg,罗迪·赫林顿,1988-05-06(美国), 美国,詹姆斯·斯派德 / 辛西娅·吉布 / 吉姆·海尼 / 罗伯特·皮卡多 / Rod Loomis / Rex Ryon / 克里斯·马尔基 / Wendell Wright / John Wesley / 鲍比·霍希 / Danitza Kingsley / 安妮·贝坦克特 / Diane Erickson / Sis Greenspon / ,6.4
变形金刚之隐者战士 トランスフォーマー 超神マスターフォース,https://img3.doubanio.com/lpic/s3944526.jpg,Tetsuo Imazawa,1988-4-12, 日本,,8.0
请回答1988 응답하라 1988,https://img3.doubanio.com/view/movie_poster_cover/lpst/public/p2272563445.jpg,申源浩,2015-11-06(韩国), 韩国,成东日 / 李日花 / 罗美兰 / 金成钧 / 崔武成 / 金善英 / 柳慧英 / 李惠利 / 柳俊烈 / 高庚杓 / 朴宝剑 / 安在洪 / 李东辉 / 金秀路 / 李美妍 / 金柱赫 / 全美善 / 李世英 / 金英玉 / 朴智允 / 李秀卿 / 金太勋 / 朴正民 / ,9.5
通天拍档 通天拍檔,https://img3.doubanio.com/lpic/s4432603.jpg,徐虾,1988, 香港,董骠 / 梁小龙 / ,6.2
一掬尘土 A Handful of Dust,https://img3.doubanio.com/view/movie_poster_cover/lpst/public/p1870656081.jpg,查尔斯·斯特里奇,1988-06-24, 英国,詹姆斯·维尔拜 / 克里斯汀·斯科特·托马斯 / 鲁珀特·格雷夫斯 / 朱迪·丹奇 / ,7.8
风云际会 Willow,https://img3.doubanio.com/view/movie_poster_cover/lpst/public/p2358245973.jpg,朗·霍华德,1988-12-02, 美国,方·基默 / Joanne Whalley / Warwick Davis / Jean Marsh / ,7.0
今夜星光灿烂 今夜星光燦爛,https://img3.doubanio.com/view/movie_poster_cover/lpst/public/p2187475155.jpg,许鞍华,1988-10-13, 香港,林子祥 / 林青霞 / ,6.7
血洗鳄鱼仇 Khoon Bhari Maang,https://img3.doubanio.com/lpic/s1661083.jpg,Rakesh Roshan,, 印度,Shatrughan Sinha / Rakesh Roshan / ,8.0
应召女郎1988,https://img3.doubanio.com/view/movie_poster_cover/lpst/public/p2228398612.jpg,林德禄,1988-01-01, 香港,张曼玉 / 冯宝宝 / 吴家丽 / 齐秦 / 汤镇业 / 陈奕诗 / ,6.9
羞羞鬼,https://img3.doubanio.com/view/movie_poster_cover/lpst/public/p2047103460.jpg,庄胤建,1988, 香港,曾志伟 / 林正英 / ,5.5
春桃,https://img3.doubanio.com/view/movie_poster_cover/lpst/public/p2322104871.jpg,凌子风,1988, 中国大陆,刘晓庆 / 姜文 / 曹前明 / 冯汉元 / 王心丽 / 姚建国 / ,7.6
四个女人的故事 La Bande des quatre,https://img1.doubanio.com/lpic/s3097349.jpg,雅克·里维特,1988, 法国 / 瑞士,布鲁·欧吉尔 / 贝努特·里格恩特 / ,7.5
场面调度：安德烈·塔可夫斯基 Regi Andrej Tarkovskij,https://img1.doubanio.com/lpic/s3741909.jpg,Michal Leszczylowski,1988-09-23, 瑞典,Andrei Tarkovsky / Brian Cox / ,9.0
男性游戏 Muzné hry,https://img3.doubanio.com/view/movie_poster_cover/lpst/public/p2290814204.jpg,杨·史云梅耶,, 捷克斯洛伐克,,8.1
天下第一剑,https://img3.doubanio.com/lpic/s8950516.jpg,赵心水,1988-03, 中国大陆,赵阳 / 张素霞 / 寇占文 / ,6.4
好小子5：万能运动员 好小子5－萬能運動員,https://img3.doubanio.com/view/movie_poster_cover/lpst/public/p2211570046.jpg,周腾,, 台湾,颜正国 / 彭恰恰 / 左孝虎 / 陈崇荣 / 胡瓜 / 倪敏然 / 林光进 / 蔡中秋 / ,7.5
龙珠剧场版：摩诃不可思议大冒险 ドラゴンボール 摩訶不思議大冒険,https://img1.doubanio.com/view/movie_poster_cover/lpst/public/p2195406779.jpg,竹之内和久,1988-07-09, 日本,野泽雅子 / 古谷彻 / 鹤广美 / 田中真弓 / 宫内幸平 / 大冢周夫 / 永井一郎 / ,7.9
法内情,https://img3.doubanio.com/view/movie_poster_cover/lpst/public/p2347444843.jpg,黄泰来,1988-04-28, 香港,刘德华 / 叶德娴 / 周海媚 / 秦沛 / ,7.4
偷月情 Two Moon Junction,https://img3.doubanio.com/view/movie_poster_cover/lpst/public/p2324247222.jpg,扎尔曼·金,1988-04-29, 美国,雪琳·芬 / 理查德·泰森 / ,6.4
大哥大 大頭仔,https://img3.doubanio.com/view/movie_poster_cover/lpst/public/p2348555840.jpg,蔡扬名,1988-06-25, 台湾,万梓良 / 恬妞 / 陈震雷 / ,7.5
纯真年代 第一季 The Wonder Years Season 1,https://img3.doubanio.com/lpic/s2737115.jpg,"Peter Baldwin, etc.",1988-01-31(美国), 美国,Fred Savage / ,8.5
机械战警 RoboCop,https://img3.doubanio.com/view/movie_poster_cover/lpst/public/p1972704130.jpg,,1988-10-02, 美国,Robert Bockstael / Barbara Budd / Len Carlson / Rex Hagon / Dan Hennessey / Greg Morton / Susan Roman / ,7.7
红楼梦,https://img1.doubanio.com/view/movie_poster_cover/lpst/public/p2362030018.jpg,谢铁骊,1989, 中国大陆,夏菁 / 陶慧敏 / 傅艺伟 / 刘晓庆 / 林默予 / 章杰 / 赵丽蓉 / 何赛飞 / ,7.8
西藏的诱惑,https://img3.doubanio.com/lpic/s3851162.jpg,刘郎,1989, 中国大陆,,5.9
一代妖后,https://img3.doubanio.com/view/movie_poster_cover/lpst/public/p1914274753.jpg,李翰祥,1989-03-02, 中国大陆 / 香港,刘晓庆 / 巩俐 / 陈烨 / 陈道明 / 李岩 / 刘红 / 阎青妤 / ,6.9
师魂,https://img3.doubanio.com/f/movie/03d3c900d2a79a15dc1295154d5293a2d5ebd792/pics/movie/tv_default_large.png,杨韬,, 中国大陆,,"
    "
Reefer and the Model,https://img3.doubanio.com/view/movie_poster_cover/lpst/public/p2449911100.jpg,Joe Comerford,1988-08-05, 爱尔兰,伊恩·麦克尔希尼 / Carol Moore / 辛·劳洛 / ,"
    "
法网柔情,https://img1.doubanio.com/lpic/s3273737.jpg,李铁,1988年5月31日, 中国香港,刘松仁 / 米雪 / 汤镇宗 / ,7.6
橙路：但愿回到过去 きまぐれオレンジ☆ロード あの日にかえりたい,https://img3.doubanio.com/lpic/s2784110.jpg,望月智充,1988-10-08, 日本,,8.5
野性任务 野性任務,https://img1.doubanio.com/view/movie_poster_cover/lpst/public/p1965921389.jpg,朱伟光,, 香港,谢天华 Michael Tse / 麦家琪 Teresa Mak / ,3.4
美苏间谍战 Little Nikita,https://img1.doubanio.com/lpic/s1487749.jpg,理查德 本杰明 (Richard Benjamin),1988-03-18, 美国,,7.0
月色撩人 Moonstruck,https://img1.doubanio.com/view/movie_poster_cover/lpst/public/p512901188.jpg,诺曼·杰威森,1988-04-21, 美国,雪儿 / 尼古拉斯·凯奇 / 文森特·加迪尼亚 / 奥林匹亚·杜卡基斯 / 丹尼·爱罗 / ,7.5
鬼掹脚,https://img3.doubanio.com/view/movie_poster_cover/lpst/public/p2042926073.jpg,洪金宝,1988-10-19, 香港,张坚庭 / 陈友 / 午马 / 高丽虹 / 刘天兰 / 元华 / 元奎 / ,6.7
龙在天涯,https://img3.doubanio.com/view/movie_poster_cover/lpst/public/p2348867014.jpg,邓衍成,1989-09-01, 香港,李连杰 / 利智 / 周星驰 / 狄威 / ,6.3
机动警察 初期 OVA版 機動警察パトレイバー OVA：（初期）,https://img3.doubanio.com/lpic/s4671671.jpg,押井守,1988-04-25(日本), 日本,富永美伊奈 / 古川登志夫 / 二又一成 / 池水通洋 / 井上瑶 / 阪修 / 千叶繁 / 大林隆介 / ,8.8
月光光心慌慌4 Halloween 4: The Return of Michael Myers,https://img3.doubanio.com/view/movie_poster_cover/lpst/public/p2177127725.jpg,德怀特·H·里特,1988-10-21, 美国,唐纳德·普利森斯 / 艾莉·康纳尔 / 丹妮尔·哈丽丝 / George P. Wilbur / ,6.1
活死人归来2 Return of the Living Dead Part II,https://img3.doubanio.com/view/movie_poster_cover/lpst/public/p2209372282.jpg,Ken Wiederhorn,1988-05-04, 美国,詹姆斯·凯伦 / Thom Mathews / 达纳·艾希布鲁克 / 米彻·佩勒吉 / Michael Kenworthy / Thor Van Lingen / Jason Hogan / Suzanne Snyder / Marsha Dietlein / ,6.2
同性三分亲 Torch Song Trilogy,https://img3.doubanio.com/view/movie_poster_cover/lpst/public/p2296060023.jpg,保罗·博加特,1988-12-14, 美国,安妮·班克罗夫特 / 马修·布罗德里克 / 哈维·费斯特恩 / 布莱恩·科尔文 / 凯伦·杨 / Eddie Castrodad / ,8.9
傻冒经理,https://img3.doubanio.com/view/movie_poster_cover/lpst/public/p2205941173.jpg,段吉顺,1988, 中国大陆,陈佩斯 / 陈强 / 宋丹丹 / ,7.2
莫负当年情 Beaches,https://img1.doubanio.com/lpic/s3774187.jpg,盖瑞·马歇尔,1988-12-21, 美国,Bette Midler / 芭芭拉·赫希 / ,8.1
吟游诗人 Ашик-Кериб,https://img3.doubanio.com/view/movie_poster_cover/lpst/public/p2455627123.jpg,谢尔盖·帕拉杰诺夫,1988-10-01, 格鲁吉亚 / 苏联,Yuri Mgoyan / Sofiko Chiaureli / ,8.3
逃学外传 逃學外傳,https://img1.doubanio.com/lpic/s1480478.jpg,朱延平,1992-10-01(香港), 香港 / 台湾,张卫健 / 林志颖 / 朱茵 / 吴奇隆 / 吴孟达 / 黄一山 / 苑琼丹 / ,6.7
龙虎智多星Criminal Hunter 龙虎智多星,https://img3.doubanio.com/view/movie_poster_cover/lpst/public/p2347538323.jpg,陈勋奇,, 香港,曾志伟 / 利智 / ,5.6
僵尸叔叔 殭屍叔叔,https://img1.doubanio.com/view/movie_poster_cover/lpst/public/p2217843198.jpg,刘观伟,1988-12-22, 香港,午马 / 钱嘉乐 / 李丽珍 / 陈友 / 元华 / ,7.5
大喘气,https://img3.doubanio.com/view/movie_poster_cover/lpst/public/p2254731460.jpg,叶大鹰,1988, 中国大陆,,6.4
神探父子兵,https://img1.doubanio.com/view/movie_poster_cover/lpst/public/p2307162298.jpg,元奎,1988-07-22, 香港,刘德华 / 萧红梅 / 钱小豪 / 董骠 / 午马 / 元奎 / 洪金宝 / 陈友 / 吴耀汉 / ,5.9
爱丽丝 Neco z Alenky,https://img3.doubanio.com/view/movie_poster_cover/lpst/public/p2239402054.jpg,杨·史云梅耶,1988-08-03, 捷克 / 西德 / 瑞士 / 英国,,8.3
女人韵事 Une affaire de femmes,https://img3.doubanio.com/view/movie_poster_cover/lpst/public/p1998671066.jpg,克劳德·夏布洛尔,1988-09-14, 法国,伊莎贝尔·于佩尔 / 弗朗索瓦·克鲁塞 / 尼尔斯·塔维涅 / ,8.0
雄狮萨姆 Itinéraire d'un enfant gâté,https://img1.doubanio.com/view/movie_poster_cover/lpst/public/p2186389158.jpg,克劳德·勒鲁什,1988-11-30, 法国 / 西德,让-保罗·贝尔蒙多 / 里夏尔·安科尼纳 / ,7.3
"远方的声音 Distant Voices, Still Lives",https://img3.doubanio.com/view/movie_poster_cover/lpst/public/p2083896401.jpg,特伦斯·戴维斯,1988-09-11, 英国,Lorraine Ashbourne / 吉恩·波特 / ,7.9
孔雀王子,https://img3.doubanio.com/view/movie_poster_cover/lpst/public/p2204698472.jpg,蓝乃才,"1988-12-10(日本),1989-03-13(香港)", 香港 / 日本,元彪 / 叶蕴仪 / 王小凤 / ,6.4
肥猫流浪记,https://img3.doubanio.com/lpic/s3824224.jpg,曹建南,1988-11-27, 香港,张曼玉 / 郑则仕 / 成奎安 / 午马 / 郑敬基 / 楼南光 / ,7.0
花之飞鸟组 花のあすか組,https://img1.doubanio.com/lpic/s1909807.jpg,崔洋一,1988-08-13, 日本,菊地阳子 / 伊藤洋三 / ,"
    "
约翰·列侬的理想世界 Imagine: John Lennon,https://img1.doubanio.com/view/movie_poster_cover/lpst/public/p1848836257.jpg,安德鲁·索特,1988-10-07, 美国,约翰·列侬 / 小野洋子 / 辛西娅·列侬 / Julian Lennon / 肖恩·列侬 / George Martin / ,9.0
哆啦A梦：大雄的平行西游记 ドラえもん のび太のパラレル西游记,https://img3.doubanio.com/view/movie_poster_cover/lpst/public/p2190700183.jpg,芝山努,1988-03-12(日本), 日本,大山信代 / 小原乃梨子 / 野村道子 / 立壁和也 / ,7.4
少年金米 鉄拳チンミ,https://img1.doubanio.com/view/movie_poster_cover/lpst/public/p1630032768.jpg,大庭寿太郎,1988-07-02(日本), 日本,坂本千夏 / 中原茂 / 坂上とし恵 / 佐々木優子 / 久保田雅人 / 水岛裕 / 向殿あさみ / 增冈弘 / ,7.9
月亮星星太阳 月亮星星太陽,https://img3.doubanio.com/view/movie_poster_cover/lpst/public/p1958005034.jpg,麦当杰,1988-07-08, 香港,钟楚红 / 郑裕玲 / 张曼玉 / 胡锦 / 苏文锦 / 成奎安 / 谭倩红 / ,7.5
恐怖夜,https://img1.doubanio.com/view/movie_poster_cover/lpst/public/p2230773627.jpg,毛玉勤,1988, 中国大陆,涂中如 / 程之 / ,6.0
帕斯卡利之岛 Pascali's Island,https://img3.doubanio.com/lpic/s3556282.jpg,James Dearden,1988-07-22, 英国,本·金斯利 / 查尔斯·丹斯 / Kevork Malikyan / George Murcell / ,"
    "
女子监狱,https://img1.doubanio.com/view/movie_poster_cover/lpst/public/p2228074818.jpg,林德禄 ,1988-08-11, 香港,郑裕玲 / 冯宝宝 / 夏文汐 / 任达华 / 陈加玲 / 陈奕诗 / 鲁芬 / 玛利亚 / 黄光亮 / 关明玉 / 梁韵蕊 / 谢月美 / 谭倩红 / 顾嘉玲 / 陈凤芝 / ,7.0
摇滚乐式的悲剧 Трагедия в стиле рок,https://img3.doubanio.com/lpic/s3819860.jpg,Savva Kulish,1988, 苏联,Aleksei Shkatov / Olga Alyoshina / ,"
    "
全家福 Photo de famille,https://img3.doubanio.com/lpic/s4564474.jpg,弗朗索瓦·欧容,1988, 法国,Guillaume Ozon / Anne-Marie Ozon / René Ozon / ,6.7
妈妈吉利小叮当 媽媽吉利小叮噹,https://img3.doubanio.com/f/movie/03d3c900d2a79a15dc1295154d5293a2d5ebd792/pics/movie/tv_default_large.png,周游,1988-08-01, 台湾,潘迎紫 / 姜厚任 / 潘哲蒲 / ,8.0
圣斗士星矢  真红少年传说 劇場版 聖闘士星矢 真紅の少年伝説,https://img3.doubanio.com/lpic/s3525373.jpg,山内重保,1988-07-23, 日本,広川太一郎 / 神谷明 / ,6.5
圣斗士星矢：众神的激战 聖闘士星矢 神々の熱き戦い,https://img1.doubanio.com/lpic/s3837469.jpg,山内重保,1988-03-12, 日本,古谷彻 / 铃置洋孝 / 桥本晃一 / 堀川亮 / 堀秀行 / ,6.3
老虎出更,https://img1.doubanio.com/view/movie_poster_cover/lpst/public/p1610658667.jpg,刘家良,1988-03-19, 香港,周润发 / 利智 / 李元霸 / 高飞 / 吴宁 / 黄沾 / 狄龙 / 刘家辉 / 徐少强 / 成奎安 / 沈殿霞 / 熊欣欣 / ,6.7
养鬼吃人2 Hellbound: Hellraiser II,https://img1.doubanio.com/view/movie_poster_cover/lpst/public/p1964210977.jpg,Tony Randel,1988-09-09, 英国,Clare Higgins / Ashley Laurence / Kenneth Cranham / Imogen Boorman / ,7.3
谁陷害了兔子罗杰 Who Framed Roger Rabbit,https://img3.doubanio.com/view/movie_poster_cover/lpst/public/p1833260775.jpg,罗伯特·泽米吉斯,1988-06-22, 美国,鲍勃·霍斯金斯 / 克里斯托弗·洛伊德 / 乔安娜·卡西迪 / Frank Sinatra / 凯瑟琳·特纳 / ,7.6
猛鬼街4：梦幻主宰 A Nightmare On Elm Street 4: The Dream Master,https://img3.doubanio.com/view/movie_poster_cover/lpst/public/p1267599900.jpg,雷尼·哈林,1988-08-19, 美国,John Beckman / Kisha Brackel / 布鲁克·邦迪 / Wanda Bursey / Hope Marie Carlton / Kristen Clayton / Duane Davis / 罗德尼·伊士曼 / 罗伯特·英格兰德 / Richard Garrison / Danny Hassel / Lisa Wilcox / 屈丝苔·奈特 / Jeff Levine / ,6.5
心动的感觉 L'étudiante,https://img3.doubanio.com/view/movie_poster_cover/lpst/public/p2377321052.jpg,克劳德·比诺多,1988-10-05(法国), 法国 / 意大利,苏菲·玛索 / ,7.5
流浪者之歌 Dom za vešanje,https://img3.doubanio.com/view/movie_poster_cover/lpst/public/p2267333084.jpg,埃米尔·库斯图里卡,1988-12-21, 意大利 / 英国 / 南斯拉夫,达沃尔·杜伊莫维奇 / 博拉·托德洛维奇 / ,9.1
怪鸭历险记 第一季 Count Duckula Season 1,https://img3.doubanio.com/view/movie_poster_cover/lpst/public/p2181894046.jpg,克里斯·兰达尔,1988-09-06(英国), 英国,大卫·杰森 / Jack May / Brian Trueman / Jimmy Hibbert / ,8.7
霹雳贝贝,https://img3.doubanio.com/view/movie_poster_cover/lpst/public/p2374042335.jpg,翁路明,1988, 中国大陆,张京 / 王莹 / 章萍 / 刘长 / 鄢丽娜 / 张驰 / 景丽平 / ,7.6
霹雳先锋 霹靂先鋒,https://img3.doubanio.com/view/movie_poster_cover/lpst/public/p2002729254.jpg,黄柏文/Parkman Wong,1988-06-23, 香港,周星驰/Stephen Chow / 李修贤/Danny Lee / ,6.7
天伦乐 Rocket Gibraltar,https://img3.doubanio.com/view/movie_poster_cover/lpst/public/p2384559035.jpg,丹尼尔·皮特里,1988-09-02, 美国,伯特·兰卡斯特 / 苏茜·爱米斯 / 麦考利·卡尔金 / 西妮德·库萨克 Sinéad Cusack / ,8.3
刑警本色,https://img1.doubanio.com/lpic/s3102038.jpg,李惠民,, 香港,周星驰 / 陈松伶 / 甄子丹 / 吴镇宇 / ,6.0
会社物語 MEMORIES OF YOU,https://img3.doubanio.com/lpic/s4330730.jpg,市川準,1988, 日本,ハナ肇 / ,"
    "
绝代双骄 絕代雙驕,https://img3.doubanio.com/view/movie_poster_cover/lpst/public/p2266117036.jpg,伍润泉,1988-06-13(香港), 香港,梁朝伟 / 苗侨伟 / 吴岱融 / 黎美娴 / 谢宁 / 戚美珍 / 关礼杰 / 刘美娟 / 吴君如 / 吴孟达 / 陈美琪 / ,8.3
À la recherche de Tadzio,https://img3.doubanio.com/f/movie/30c6263b6db26d055cbbe73fe653e29014142ea3/pics/movie/movie_default_large.png,Étienne Faure,1988, 法国,伯恩·安德森 / ,"
    "
群龙夺宝 群龍奪寶,https://img3.doubanio.com/view/movie_poster_cover/lpst/public/p2333944240.jpg,袁振洋,1988-09-22, 香港,刘德华 / 关之琳 / 林忆莲 / 泰迪·罗宾 / 徐少强 / 午马 / 钱嘉乐 / 叶荣祖 / 谢宁 / 元奎 / 袁和平 / 曹达华 / 成奎安 / ,7.0
"蛞蝓之灾 Slugs, muerte viscosa",https://img1.doubanio.com/view/movie_poster_cover/lpst/public/p1078008667.jpg,Juan Piquer Simón,1988-09-16, 西班牙 / 美国,Michael Garfield / Kim Terry / Philip MacHale / Alicia Moro / ,6.5
骗徒臭事多 Dirty Rotten Scoundrels,https://img3.doubanio.com/view/movie_poster_cover/lpst/public/p1096752980.jpg,弗兰克·奥兹,1988-12-14(美国), 美国,史蒂夫·马丁 / 迈克尔·凯恩 / 格伦妮·海德利 / 安东·罗杰斯 / 芭芭拉·哈里斯 / 伊恩·麦克迪阿梅德 / 丹娜·爱薇 / 米根·费伊 / 弗兰西丝·康罗伊 / 尼可·卡芳 / ,8.2
终极天将 The Adventures of Baron Munchausen,https://img1.doubanio.com/view/movie_poster_cover/lpst/public/p1986429489.jpg,特瑞·吉列姆,1988-12-08, 英国 / 原西德,约翰·内威尔 / 艾瑞克·爱都 / 萨拉·波莉 / 奥列佛·里德 / 乔纳森·普雷斯 / 乌玛·瑟曼 / 罗宾·威廉姆斯 / ,7.7
熊的故事 L'ours,https://img3.doubanio.com/view/movie_poster_cover/lpst/public/p2454268056.jpg,让-雅克·阿诺,1988-10-19(法国), 法国 / 美国,巴特熊 / Youk the Bear / 切基·卡尤 / 杰克·华莱士 / ,9.1
杀人短片 Krótki film o zabijaniu,https://img3.doubanio.com/view/movie_poster_cover/lpst/public/p2262879631.jpg,克日什托夫·基耶斯洛夫斯基,1988-03-11, 波兰,米罗斯洛·巴卡 / Krzysztof Globisz / Jan Tesarz / Zbigniew Zapasiewicz / Barbara Dziekan / Aleksander Bednarz / Jerzy Zass / Zdzislaw Tobiasz / 阿图尔·巴奇斯 / 克里斯提娜·杨达 / 奥尔基尔德·鲁卡斯瑟维克茨 / Leonard Andrzejewski / Wieslaw Bednarz / Zbigniew Borek / ,8.5
铁甲无敌玛利亚 鐵甲無敵瑪利亞,https://img1.doubanio.com/view/movie_poster_cover/lpst/public/p2239123827.jpg,钟志文,1988-03-10, 香港,梁朝伟 / 叶倩文 / 徐克 / 林正英 / 岑建勋 / 陈国新 / 林国斌 / ,6.0
富贵再逼人,https://img1.doubanio.com/view/movie_poster_cover/lpst/public/p1958008958.jpg,高志森,1988-02-13, 香港,沈殿霞 / ,7.2
不设限通缉 Running on Empty,https://img1.doubanio.com/view/movie_poster_cover/lpst/public/p1702441438.jpg,西德尼·吕美特,1988-09-09, 美国,克里斯汀·拉蒂 / 瑞凡·菲尼克斯 / 玛莎·普林顿 / 贾德·赫希 / ,8.5
生活是一条宁静的长河 La Vie est un long fleuve tranquille,https://img3.doubanio.com/view/movie_poster_cover/lpst/public/p2165008723.jpg,Étienne Chatiliez,1988-02-03, 法国,Martin Lassalle / 玛莉卡·格林 / ,7.0
敦煌,https://img1.doubanio.com/view/movie_poster_cover/lpst/public/p2219570449.jpg,佐藤纯弥,1988-06-25, 中国大陆 / 日本,西田敏行 / 佐藤浩市 / 中川安奈 / 渡濑恒彦 / 田村高广 / 柄本明 / 原田大二郎 / 三田佳子 / 蜷川幸雄 / 新藤荣作 / ,8.3
锡铁小兵 Tin Toy,https://img3.doubanio.com/view/movie_poster_cover/lpst/public/p1565465795.jpg,约翰·拉塞特,1988-08-02(美国), 美国,,7.1
机动战士高达：逆袭的夏亚 機動戦士ガンダム：逆襲のシャア,https://img3.doubanio.com/view/movie_poster_cover/lpst/public/p546980785.jpg,富野由悠季,1988-03-12(日本), 日本,古谷彻 / 池田秀一 / 铃置洋孝 / 川村万梨阿 / 佐佐木望 / 山寺宏一 / 榊原良子 / 白石冬美 / 伊仓一惠 / 潘惠子 / 星野充昭 / 池田胜 / 石冢运升 / ,8.9
暴劫梨花 The Accused,https://img3.doubanio.com/view/movie_poster_cover/lpst/public/p1910917302.jpg,乔纳森·卡普兰,1988-10-14, 加拿大 / 美国,朱迪·福斯特 / 凯莉·麦吉利斯 / ,7.8
一条叫旺达的鱼 A Fish Called Wanda,https://img3.doubanio.com/view/movie_poster_cover/lpst/public/p1259577341.jpg,查尔斯·克瑞奇顿,1988-07-07, 美国 / 英国,约翰·克立斯 / 杰米·李·柯蒂斯 / 凯文·克莱恩 / ,7.7
基督最后的诱惑 The Last Temptation of Christ,https://img1.doubanio.com/view/movie_poster_cover/lpst/public/p2158728089.jpg,马丁·斯科塞斯,1988-08-12, 美国,威廉·达福 / 哈威·凯特尔 / Paul Greco / 弗娜·布鲁姆 / ,7.8
霸王花,https://img1.doubanio.com/view/movie_poster_cover/lpst/public/p2081177319.jpg,钱升玮,1988-06-03, 香港,胡慧中 / 惠英红 / 罗芙洛 / 柏安妮 / 杜德伟 / 吴君如 / 陈雅伦 / 简慧真 / 丁宁 / 陈佩珊 / 冯淬帆 / 楼南光 / 董骠 / 周文健 / 成奎安 / ,6.6
罗丹的情人 Camille Claudel,https://img3.doubanio.com/view/movie_poster_cover/lpst/public/p1360115216.jpg,布鲁诺·努坦,1988-12-07, 法国,伊莎贝尔·阿佳妮 / 杰拉尔·德帕迪约 / Laurent Grévill / ,8.1
另一种爱 Another Kind of Love,https://img3.doubanio.com/lpic/s1506095.jpg,杨·史云梅耶,, 英国 / 西德,,7.6
雾中风景 Τοπίο στην ομίχλη,https://img3.doubanio.com/view/movie_poster_cover/lpst/public/p1117765592.jpg,西奥·安哲罗普洛斯,1988-09-10, 法国 / 希腊 / 意大利,Michalis Zeke / Tania Palaiologou / Stratos Tzortzoglou / 伊娃·科塔曼尼多 / ,8.8
银色星球 Na srebrnym globie,https://img1.doubanio.com/view/movie_poster_cover/lpst/public/p2154974499.jpg,安德烈·祖拉斯基,1988-05-12, 波兰,安德烈·瑟韦林 / Jerzy Trela / ,7.8
阴间大法师 Beetlejuice,https://img3.doubanio.com/view/movie_poster_cover/lpst/public/p1128954153.jpg,蒂姆·波顿,1988-03-30(美国), 美国,亚历克·鲍德温 / 吉娜·戴维斯 / 薇诺娜·瑞德 / 杰弗瑞·琼斯 / 凯瑟琳·欧哈拉 / ,7.7
"丹佛，最后的恐龙 Denver, the Last Dinosaur",https://img3.doubanio.com/view/movie_poster_cover/lpst/public/p2374100563.jpg,,1988-09-12(美国), 美国,Pat Fraley / 杰克·安琪 / ,7.8
七小福,https://img1.doubanio.com/view/movie_poster_cover/lpst/public/p2047110347.jpg,罗启锐,1988-11-10, 香港,洪金宝 / 郑佩佩 / 林正英 / 钟锦任 / 张文龙 / 岑建勋 / 午马 / 杨任贤 / ,7.5
大丈夫日记 大丈夫日記,https://img3.doubanio.com/view/movie_poster_cover/lpst/public/p2258660233.jpg,楚原,1988-07-21, 香港,周润发 / 王祖贤 / 叶倩文 / ,7.4
百万金臂 Bull Durham,https://img3.doubanio.com/view/movie_poster_cover/lpst/public/p809923324.jpg,罗恩·谢尔顿,1988-06-15(美国), 美国,凯文·科斯特纳 / 苏珊·萨兰登 / ,6.9
龙猫 となりのトトロ,https://img1.doubanio.com/view/movie_poster_cover/lpst/public/p1910829638.jpg,宫崎骏,1988-04-16(日本), 日本,日高法子 / 坂本千夏 / 岛本须美 / 北林谷荣 / ,9.1
天堂电影院 Nuovo Cinema Paradiso,https://img3.doubanio.com/view/movie_poster_cover/lpst/public/p1910901025.jpg,朱塞佩·托纳多雷,1988-11-17(意大利), 意大利 / 法国,安东娜拉·塔莉 / 恩佐·卡拉瓦勒 / 艾萨·丹尼埃利 / 里奥·故罗塔 / 马克·莱昂纳蒂 / 普佩拉·玛奇奥 / 阿格妮丝·那诺 / 里奥普尔多·特里斯特 / 萨瓦特利·卡西欧 / 塔诺·希玛罗萨 / 尼古拉·平托 / Roberta Lena / 尼诺·戴罗佐 / 雅克·贝汉 / 布丽吉特·佛西 / ,9.1
第一滴血3 Rambo III,https://img3.doubanio.com/view/movie_poster_cover/lpst/public/p1437954055.jpg,彼得·麦克唐纳德,1988-05-25(美国), 美国,西尔维斯特·史泰龙 / 理查德·克里纳 / 马克德容 / 柯特伍德·史密斯 / Spiros Focás / ,7.4
布拉格之恋 The Unbearable Lightness of Being,https://img1.doubanio.com/view/movie_poster_cover/lpst/public/p1910915447.jpg,菲利普·考夫曼,1988-02-05, 美国,丹尼尔·戴-刘易斯 / 朱丽叶·比诺什 / 莉娜·奥琳 / 德雷克·德·林特 / 厄兰·约瑟夫森 / ,8.1
山水情,https://img3.doubanio.com/lpic/s4515652.jpg,特伟,1988, 中国大陆,,9.3
雨人 Rain Man,https://img3.doubanio.com/view/movie_poster_cover/lpst/public/p942376281.jpg,巴瑞·莱文森,1988-12-16(美国), 美国,达斯汀·霍夫曼 / 汤姆·克鲁斯 / 瓦莱莉·高利诺 / ,8.6
虎胆龙威 Die Hard,https://img3.doubanio.com/view/movie_poster_cover/lpst/public/p1617429340.jpg,约翰·麦克蒂尔南,1988-07-20(美国), 美国,布鲁斯·威利斯 / 艾伦·瑞克曼 / 邦妮·比蒂丽娅 / 亚历山大·乔杜诺夫 / 威廉·阿瑟东 / 哈特·巴克纳 / ,8.1
疯狂的代价,https://img3.doubanio.com/view/movie_poster_cover/lpst/public/p2230955614.jpg,周晓文,1989-09-10, 中国大陆,常戎 / 李靖 / 伍宇娟 / 谢园 / 林永健 / 尤勇 / ,7.4
妈妈再爱我一次 媽媽再愛我一次,https://img3.doubanio.com/view/movie_poster_cover/lpst/public/p2196346882.jpg,陈朱煌,"1990-09(中国大陆),1988(台湾)", 台湾,杨贵媚 / 谢小鱼 / 李小飞 / 文英 / 赖德南 / ,8.3
萤火虫之墓 火垂るの墓,https://img1.doubanio.com/view/movie_poster_cover/lpst/public/p1157334208.jpg,高畑勋,1988-04-16(日本), 日本,辰己努 / 白石绫乃 / 志乃原良子 / 山口朱美 / ,8.7
银河英雄传说 銀河英雄伝説,https://img1.doubanio.com/view/movie_poster_cover/lpst/public/p2257348358.jpg,Noboru Ishiguro,1988-08-01, 日本,堀川亮 / 富山敬 / 小林清志 / 佐佐木望 / 井上和彦 / 盐泽兼人 / 天野由梨 / 速水奖 / 田中秀幸 / 古谷彻 / 池田秀一 / 三石琴乃 / ,9.4
魔神坛斗士 鎧伝サムライトルーパー,https://img3.doubanio.com/view/movie_poster_cover/lpst/public/p2331800893.jpg,池田成,1988-04-30(日本), 日本,草尾毅 / 竹村拓 / 中村大树 / 佐佐木望 / ,8.6
爱情短片 Krótki film o miłości,https://img1.doubanio.com/view/movie_poster_cover/lpst/public/p2189908788.jpg,克日什托夫·基耶斯洛夫斯基,1988-10-21, 波兰,格拉齐娜·扎波罗夫斯卡 / 奥拉夫·卢巴申科 / Stefania Iwinska / Piotr Machalica / 阿图尔·巴奇斯 / Hanna Chojnacka / Stanislaw Gawlik / Tomasz Gradowski / Rafal Imbro / Jan Piechocinski / Krzysztof Koperski / Jaroslawa Michalewska / Malgorzata Rozniatowska / ,8.8
胭脂扣,https://img1.doubanio.com/view/movie_poster_cover/lpst/public/p2205476838.jpg,关锦鹏,1988-01-07, 香港,梅艳芳 / 张国荣 / 万梓良 / 朱宝意 / 温碧霞 / 谭倩红 / 谢贤 / 汪禹 / 刘家荣 / 惠英红 / ,8.3
碧海蓝天 Le grand bleu,https://img1.doubanio.com/view/movie_poster_cover/lpst/public/p455724599.jpg,吕克·贝松,1988-05-11(法国), 法国 / 美国 / 意大利,让-马克·巴尔 / 让·雷诺 / ,8.7
性感的双腿 Hot Legs,https://img1.doubanio.com/view/movie_poster_cover/lpst/public/p2262579629.jpg,Luiz DeBaross,, 美国 / 南非,David Ducas / ,6.9
合成人,https://img3.doubanio.com/view/movie_poster_cover/lpst/public/p2430777281.jpg,尹爱群,1988, 中国大陆,黄爱玲 / 赵宝才 / 房燕 / 杜澎 / ,7.0
白头神探 The Naked Gun: From the Files of Police Squad!,https://img1.doubanio.com/view/movie_poster_cover/lpst/public/p2136952828.jpg,大卫·扎克,1988-12-02(美国), 美国,莱斯利·尼尔森 / 普瑞希拉·普雷斯利 / 里卡多·蒙特尔班 / 乔治·肯尼迪 / O·J·辛普森 / Susan Beaubian / ,7.6
阿基拉 Akira,https://img3.doubanio.com/view/movie_poster_cover/lpst/public/p711283071.jpg,大友克洋,1988-07-16(日本), 日本,岩田光央 / 佐佐木望 / 小山茉美 / 玄田哲章 / 北村弘一 / ,8.3
旺角卡门 旺角卡門,https://img1.doubanio.com/view/movie_poster_cover/lpst/public/p1266443127.jpg,王家卫,1988-06-09(香港), 香港,刘德华 / 张学友 / 张曼玉 / 万梓良 / 林蛟 / 黄斌 / 陈志辉 / 王剑风 / 江道海 / ,7.6
八星报喜 八星報喜,https://img3.doubanio.com/view/movie_poster_cover/lpst/public/p2167152345.jpg,杜琪峰,1988-02-11, 香港,周润发 / 黄百鸣 / 张学友 / 钟楚红 / 郑裕玲 / 袁洁莹 / 冯宝宝 / 黄坤玄 / 李香琴 / ,7.3
顽主,https://img3.doubanio.com/view/movie_poster_cover/lpst/public/p2363497441.jpg,米家山,1989-09-15(多伦多电影节), 中国大陆,葛优 / 张国立 / 梁天 / 马晓晴 / ,8.3
今古婚俗奇观 今古婚俗奇觀,https://img3.doubanio.com/view/movie_poster_cover/lpst/public/p2222695121.jpg,孙华,, 香港,,8.4
