电影名,海报链接,导演,时间,地区,演员,评分
猎杀红色十月 The Hunt for Red October,https://img3.doubanio.com/view/movie_poster_cover/lpst/public/p2359862934.jpg,约翰·麦克蒂尔南,1990-03-02, 美国,肖恩·康纳利 / 亚历克·鲍德温 / 斯科特·格伦 / 山姆·尼尔 / ,7.7
女囚尼基塔 Nikita,https://img3.doubanio.com/view/movie_poster_cover/lpst/public/p1336469864.jpg,吕克·贝松,"1993-10(中国大陆),1990-02-21(法国)", 法国 / 意大利,安娜·帕里约 / 马克·迪莱特 / Patrick Fontana / Alain Lathière / Laura Chéron / 切基·卡尤 / 让·雨果·安格拉德 / 让·雷诺 / ,7.5
米勒的十字路口 Miller's Crossing,https://img3.doubanio.com/view/movie_poster_cover/lpst/public/p1612603891.jpg,伊桑·科恩,1990-09-21, 美国,加布里埃尔·伯恩 / 马西娅·盖伊·哈登 / 约翰·特托罗 / 阿尔伯特·芬尼 / ,8.0
喋血街头 喋血街頭,https://img3.doubanio.com/view/movie_poster_cover/lpst/public/p633487475.jpg,吴宇森,1990-08-17(香港), 香港,梁朝伟 / 张学友 / 李子雄 / 任达华 / 甄楚倩 / 袁洁莹 / 鲍起静 / ,8.1
望夫成龙 望夫成龍,https://img1.doubanio.com/view/movie_poster_cover/lpst/public/p2349243227.jpg,梁家树,1990-02-15, 香港,周星驰 / 吴君如 / 成奎安 / 关秀媚 / 关佩琳 / 胡枫 / 王敏德  / 单立文 / ,6.8
天若有情,https://img3.doubanio.com/view/movie_poster_cover/lpst/public/p2212204532.jpg,陈木胜,1990-06-14(中国香港), 香港,刘德华 / 吴倩莲 / 吴孟达 / 朱铁和 / 刘江 / 黄光亮 / ,8.0
我心狂野 Wild at Heart,https://img3.doubanio.com/view/movie_poster_cover/lpst/public/p1153178291.jpg,大卫·林奇,1990-08-17, 美国,尼古拉斯·凯奇 / 劳拉·邓恩 / 威廉·达福 / J·E·弗里曼 / Crispin Glover / 戴安·拉德 / Calvin Lockhart / 伊莎贝拉·罗西里尼 / 哈利·戴恩·斯坦通 / 格蕾丝·扎布里斯基 / 雪琳·芬 / Marvin Kaplan / 威廉姆·摩根·谢泼德 / 大卫·帕特里克·凯利 / ,7.4
妈妈,https://img3.doubanio.com/view/movie_poster_cover/lpst/public/p1978155120.jpg,张元,1990, 中国大陆,秦燕 / 黄海波 / 潘沙采 / 马征 / ,7.3
驱魔警察,https://img1.doubanio.com/view/movie_poster_cover/lpst/public/p2162764447.jpg,董玮,1990-11-02, 香港,林正英 / 苗乔伟 / 林俊贤 / 王美华 / 西协美智子 / 午马 / 周比利 / ,7.3
情迷六月花 Henry & June,https://img1.doubanio.com/view/movie_poster_cover/lpst/public/p886218998.jpg,菲利普·考夫曼,"1990-09-28(瑞典),1990-10-05(美国)", 美国,弗莱德·沃德 / 乌玛·瑟曼 / 玛丽亚·德·梅黛洛 / 理查德·E·格兰特 / 凯文·史派西 / 让-菲利普·艾科菲 / 胡安·路易斯·布努埃尔 / 费奥多尔·阿特金 / 艾特·迪·彭吉云 / ,7.5
尸家重地 屍家重地,https://img3.doubanio.com/view/movie_poster_cover/lpst/public/p2332476790.jpg,刘镇伟,1990-08-11, 香港,元奎 / 吴君如 / 卢冠廷 / 杜德伟 / 陈淑兰 / ,7.0
虎胆龙威2 Die Hard 2,https://img3.doubanio.com/view/movie_poster_cover/lpst/public/p1507504094.jpg,雷尼·哈林,1990-07-04(美国), 美国,布鲁斯·威利斯 / 邦妮·比蒂丽娅 / 威廉·阿瑟东 / 雷金纳德·维尔约翰逊 / ,7.7
君臣人子小命呜呼 Rosencrantz and Guildenstern Are Dead,https://img3.doubanio.com/view/movie_poster_cover/lpst/public/p1020454375.jpg,汤姆·斯托帕德,1990-09-12, 英国 / 美国,蒂姆·罗斯 / 加里·奥德曼 / ,8.5
咖喱辣椒,https://img3.doubanio.com/view/movie_poster_cover/lpst/public/p1148019254.jpg,柯受良,1990-05-24, 香港,周星驰 / 张学友 / 柏安妮 / 柯受良 / 曾志伟 / ,6.9
火烧岛,https://img3.doubanio.com/view/movie_poster_cover/lpst/public/p2255620642.jpg,朱延平,1991, 台湾,成龙 / 刘德华 / 洪金宝 / 梁家辉 / 叶全真 / 王羽 / 柯俊雄 / 庹宗华 / ,6.6
憨豆先生 Mr. Bean,https://img3.doubanio.com/view/movie_poster_cover/lpst/public/p2364077150.jpg,John Birkin,1990-01-01(英国), 英国,罗温·艾金森 / Matilda Ziegler / Robyn Driscoll / ,9.2
新浪潮 Nouvelle vague,https://img3.doubanio.com/lpic/s1433091.jpg,让-吕克·戈达尔,1990-05-23, 法国 / 瑞士,阿兰·德龙 / 多美兹亚娜·佐丹奴 / Jacques Dacqmine / Christophe Odent / ,7.6
特写 نمای نزدیک,https://img3.doubanio.com/view/movie_poster_cover/lpst/public/p2350715785.jpg,阿巴斯·基亚罗斯塔米,1990-09(意大利), 伊朗,,8.4
我聘请了职业杀手 I Hired a Contract Killer,https://img3.doubanio.com/view/movie_poster_cover/lpst/public/p842073336.jpg,阿基·考里斯马基,1990-09-13, 芬兰 / 德国 / 瑞典 / 法国 / 英国,让-皮埃尔·利奥德 / Margi Clarke / 肯尼斯·考利 / T.R. Bowen / ,7.5
一本漫画闯天涯,https://img3.doubanio.com/view/movie_poster_cover/lpst/public/p2179236616.jpg,梁家仁,1990-03-22(香港), 香港,周星驰 / 林俊贤 / 柏安妮 / 成奎安 / 梁家仁 / ,6.4
龙的传人 龍的傳人,https://img3.doubanio.com/view/movie_poster_cover/lpst/public/p2204523090.jpg,李修贤,1991-03-07(香港), 香港,周星驰 / 梁家仁 / 毛舜筠 / 元华 / 李海生 / 龙方 / 叶子楣 / 元奎 / ,6.9
我的九月,https://img3.doubanio.com/lpic/s3222840.jpg,尹力,1990, 中国大陆,张萌 / 张国立 / 陶泽如 / 沈丹萍 / ,8.8
摩登如来神掌,https://img3.doubanio.com/view/movie_poster_cover/lpst/public/p2349367183.jpg,黃泰來 Taylor Wong,1990-07-21(香港), 香港,刘德华 / 王祖贤 / 陈百祥 / 陈敬 / 曹达华 / 刘洵 / 梅小惠 / 成奎安 / ,6.2
封神榜,https://img1.doubanio.com/view/movie_poster_cover/lpst/public/p1656357359.jpg,郭信玲,1990, 中国大陆,傅艺伟 / 达奇 / 蓝天野 / 何威 / 雷长喜 / 张晓林 / 汤镇宗 / 魏启明 / 卢玲 / 计镇华 / 施正泉 / 乔奇 / 王正伟 / 朱伟忠 / 李建华 / 余华东 / 王若荔 / 徐娅 / 夏莎莎 / ,7.9
魔方大厦,https://img3.doubanio.com/lpic/s3384200.jpg,查侃,, 中国大陆,,8.7
川岛芳子 川島芳子,https://img3.doubanio.com/view/movie_poster_cover/lpst/public/p2382529375.jpg,方令正,1990-07-28(香港), 香港,梅艳芳 / 刘德华 / 谢贤 / ,7.0
师兄撞鬼,https://img3.doubanio.com/view/movie_poster_cover/lpst/public/p2349229892.jpg,刘仕裕,1990-07-28, 香港,周星驰 / 董骠 / 陈德容 / 冯淬帆 / 方刚 / ,6.6
家有仙妻,https://img1.doubanio.com/view/movie_poster_cover/lpst/public/p2374140537.jpg,伍宗德,1991-04-23(台湾), 台湾,林以真 / 澎恰恰 / 孙兴 / 白冰冰 / 戈伟如 / ,8.2
客途秋恨,https://img3.doubanio.com/view/movie_poster_cover/lpst/public/p2197624980.jpg,许鞍华,1990-04-27(香港), 香港 / 台湾,陆小芬 / 张曼玉 / 李子雄 / ,8.4
双峰  第二季 Twin Peaks Season 2,https://img3.doubanio.com/view/movie_poster_cover/lpst/public/p2423131086.jpg,大卫·林奇,1990-09-30(美国), 美国,凯尔·麦克拉克伦 / 迈克尔·昂吉恩 / 梅晨·阿米克 / 达纳·艾希布鲁克 / 理查德·贝梅尔 / 劳拉·弗林·鲍尔 / 雪琳·芬 / 沃伦·福斯特 / 佩吉·利普顿 / 詹姆斯·马歇尔 / 埃沃雷特·麦克吉尔 / 杰克·南斯 / 金米·罗伯特森 / 陈冲 / ,8.2
世界奇妙物语 世にも奇妙な物語,https://img3.doubanio.com/lpic/s2740655.jpg,雨宫庆太,1990-04-19(日本), 日本,织田裕二 / 中山美穗 / 国生小百合 / 坂上香织 / 樱田淳子 / ,9.1
正大综艺,https://img3.doubanio.com/view/movie_poster_cover/lpst/public/p2227958120.jpg,,1990-04-21(中国大陆), 中国大陆,杨澜 / 朱迅 / 高博 / 王雪纯 / 林海 / 程前 / 李秀媛 / 郑毅 / 马东 / ,8.6
飞离航道 Air America,https://img1.doubanio.com/lpic/s6919618.jpg,罗杰·斯波蒂伍德,1990-08-10, 美国,梅尔·吉布森 / 小罗伯特·唐尼 / 南希·特拉维斯 / ,6.5
大话西游之大圣娶亲 西遊記大結局之仙履奇緣,https://img3.doubanio.com/view/movie_poster_cover/lpst/public/p2455050536.jpg,刘镇伟,"2017-04-13(中国大陆重映),2014-10-24(中国大陆),1995-02-04(香港)", 香港 / 中国大陆,周星驰 / 吴孟达 / 朱茵 / 蔡少芬 / 蓝洁瑛 / 莫文蔚 / 罗家英 / 刘镇伟 / 陆树铭 / ,9.2
铁案风云 Q & A,https://img3.doubanio.com/lpic/s8624414.jpg,西德尼·吕美特,1990-04-27, 美国,尼克·诺特 / 蒂莫西·赫顿 / 阿曼德·阿山特 / 帕特里克·奥尼尔 / ,"
    "
霹雳男儿 Days of Thunder,https://img3.doubanio.com/view/movie_poster_cover/lpst/public/p2219417150.jpg,托尼·斯科特,1990-06-27, 美国,汤姆·克鲁斯 / 妮可·基德曼 / ,6.7
绿卡 Green Card,https://img3.doubanio.com/view/movie_poster_cover/lpst/public/p1464613872.jpg,彼得·威尔,1990-12-23, 澳大利亚 / 法国 / 美国,杰拉尔·德帕迪约 / 安迪·麦克道威尔 / ,7.6
霹雳战士龙 Hardware,https://img3.doubanio.com/view/movie_poster_cover/lpst/public/p1326334875.jpg,Richard Stanley (I),1990-09-14, 英国 / 美国,,6.4
死囚漫步 Dead Man Walking,https://img3.doubanio.com/view/movie_poster_cover/lpst/public/p1305391776.jpg,蒂姆·罗宾斯,1995-12-29, 英国 / 美国,苏珊·萨兰登 / 西恩·潘 / 罗伯特·普罗斯基 / 雷蒙德·J·巴里 / 李·厄米 / 彼得·萨斯加德 / ,8.0
北京，你早,https://img1.doubanio.com/lpic/s1442269.jpg,张暖忻,1990, 中国大陆,马晓晴 / 王全安 / 贾宏声 / 金铁峰 / 李连义 / 江珊 / ,8.1
皇家女将,https://img1.doubanio.com/view/movie_poster_cover/lpst/public/p1423783647.jpg,元奎,1990-04-07, 香港,高丽虹 / 刘嘉玲 / 洪金宝 / 邓碧云 / 元华 / 梁家辉 / 李丽蕊 / 吴君如 / 元奎 / ,6.4
中日南北和 Zhong Ri nan bei he,https://img1.doubanio.com/view/movie_poster_cover/lpst/public/p1977673299.jpg,胡大为,1990-05-10, 香港,钟镇涛 / 王祖贤 / ,6.0
江湖最后一个大佬,https://img1.doubanio.com/view/movie_poster_cover/lpst/public/p2240480039.jpg,沈威,1990-10-11, 香港,周星驰 / 柯俊雄 / 午马 / 成奎安 / 吴孟达 / 夏志珍 / 龚嘉玲 / ,6.3
宋飞正传 第一季 Seinfeld Season 1,https://img3.doubanio.com/lpic/s4696184.jpg,Tom Cherones,1990-05-31(美国), 美国,杰瑞·宋飞 / 杰森·亚历山大 / 茱莉亚·路易斯-德瑞弗斯 / ,8.5
吉星拱照,https://img1.doubanio.com/view/movie_poster_cover/lpst/public/p2349194057.jpg,杜琪峰,1990-01-08(香港), 香港,周润发 / 张艾嘉 / 郑丹瑞 / 利智 / 黄坤玄 / 黄家驹 / 叶世荣 / 黄家强 / ,7.4
欢迎来到东京上空 東京上空いらっしゃいませ,https://img3.doubanio.com/view/movie_poster_cover/lpst/public/p1806116771.jpg,相米慎二,1990-06-09, 日本,中井貴一 / 牧瀬里穂 / 笑福亭鶴瓶 / ,"
    "
救命宣言,https://img3.doubanio.com/view/movie_poster_cover/lpst/public/p2233496466.jpg,林德禄 (David Lam),, 香港,李嘉欣 / 郑浩南 / 董骠 / 任达华 / 卢冠廷 / 叶子楣 / 倪匡 / 高志森 / 马清仪 / 西瓜刨 / ,7.1
大决战之辽沈战役,https://img3.doubanio.com/lpic/s2182750.jpg,李俊,1991, 中国大陆,古月 / 苏林 / 赵恒多 / 吴志远 / ,7.6
好小子之游侠儿,https://img1.doubanio.com/view/movie_poster_cover/lpst/public/p2361702939.jpg,朱延平,1990-03-29, 台湾,吴奇隆 / 苏有朋 / 陈志朋 / ,6.6
婚姻的肖像 Portrait of a Marriage,https://img1.doubanio.com/view/movie_poster_cover/lpst/public/p2368409298.jpg,史蒂芬·惠特克,1990-09-19, 英国 / 新西兰,珍妮·麦克蒂尔 / 大卫·海格 / ,8.1
跨过边境的一步 Step Across the Border,https://img3.doubanio.com/lpic/s1474642.jpg,Nicolas Humbert,1990-06-13, 德国 / 瑞士,,9.3
靓足100分,https://img3.doubanio.com/view/movie_poster_cover/lpst/public/p2349375271.jpg,王晶,1990-07-07, 香港,李嘉欣 / 陈法蓉 / 利智 / 林俊贤 / 王晶 / 陈百祥 / 梅小惠 / 成奎安 / 文隽 / ,5.9
"桃色吸引力 After Dark, My Sweet",https://img3.doubanio.com/lpic/s3866640.jpg,詹姆斯·弗雷,1990-08-24, 美国,杰森·帕特里克 / Rocky Giordani / ,6.7
魔表,https://img1.doubanio.com/view/movie_poster_cover/lpst/public/p2376836909.jpg,徐耿,1990, 中国大陆,张嘉译 / 金佳 / ,7.7
罗德斯岛战记 ロードス島戦記,https://img1.doubanio.com/view/movie_poster_cover/lpst/public/p2326435517.jpg,永丘昭典,1990-06-30(日本), 日本,草尾毅 / 冬馬由美 / 坂口芳貞 / ,8.8
教父家族 The Godfather Family: A Look Inside,https://img1.doubanio.com/view/movie_poster_cover/lpst/public/p2218631317.jpg,杰夫·沃纳,1990-07-12(美国), 美国,弗朗西斯·福特·科波拉 / 马里奥·普佐 / 马龙·白兰度 / 詹姆斯·肯恩 / 约翰·凯泽尔 / 索菲亚·科波拉 / 罗伯特·德尼罗 / 罗伯特·杜瓦尔 / 安迪·加西亚 / 黛安·基顿 / 乔·曼特纳 / 阿尔·帕西诺 / 塔莉娅·夏尔 / 埃里·瓦拉赫 / ,8.9
NINETEEN 19,https://img3.doubanio.com/lpic/s4119890.jpg,千明孝一,1990, 日本,小野坂昌也 / ,7.2
樱之园 櫻の園,https://img1.doubanio.com/view/movie_poster_cover/lpst/public/p719355697.jpg,中原俊,1990-11-03, 日本,梶原阿贵 / 三野轮有纪 / ,7.3
血婴 Baby Blood,https://img3.doubanio.com/view/movie_poster_cover/lpst/public/p2327759516.jpg,Alain Robak,1990-01-24, 法国,Emmanuelle Escourrou / Christian Sinniger / ,5.5
混世魔王程咬金,https://img3.doubanio.com/view/movie_poster_cover/lpst/public/p2163831455.jpg,李文化,1990, 中国大陆,德力格尔 / 格巴图·青格勒 / 王文升 / 陈琦 / ,6.4
鲜花献给山田奶奶 山田ババアに花束を,https://img3.doubanio.com/lpic/s2794393.jpg,大井利夫,1990-12-15, 日本,山田邦子  ...山田正子 / ,8.8
娱乐圈血肉史 娛樂圈血肉史,https://img3.doubanio.com/view/movie_poster_cover/lpst/public/p2210682395.jpg,黄子华,1990.08.30, 香港,,9.3
星光迷乱 Etoile,https://img3.doubanio.com/view/movie_poster_cover/lpst/public/p2220155194.jpg,彼特·德尔·蒙特,1989-03-17(意大利), 意大利,詹妮弗·康纳利 / Gary McCleery / ,7.7
大话西游之月光宝盒 西遊記第壹佰零壹回之月光寶盒,https://img3.doubanio.com/view/movie_poster_cover/lpst/public/p1280323646.jpg,刘镇伟,"2014-10-24(中国大陆),1995-01-21(香港)", 香港 / 中国大陆,周星驰 / 吴孟达 / 罗家英 / 蓝洁瑛 / 莫文蔚 / 江约诚 / 陆树铭 / 刘镇伟 / 朱茵 / ,8.9
死灵之书 Necronomicon,https://img3.doubanio.com/view/movie_poster_cover/lpst/public/p1997494123.jpg,布莱恩·尤兹纳,1994-05-11, 法国 / 美国,,7.4
醉鬼张三,https://img3.doubanio.com/lpic/s3949273.jpg,戴宝山 (Baoshan Dai),1990, 中国大陆 / 香港,徐麒威 / 惠英红 / 谷峰 / ,6.0
海上钢琴师 La leggenda del pianista sull'oceano,https://img1.doubanio.com/view/movie_poster_cover/lpst/public/p511146957.jpg,朱塞佩·托纳多雷,1998-10-28(意大利), 意大利,蒂姆·罗斯 / 普路特·泰勒·文斯 / 比尔·努恩 / 梅兰尼·蒂埃里 / ,9.2
一咬OK,https://img3.doubanio.com/view/movie_poster_cover/lpst/public/p2164904891.jpg,冼杞然,1990-08-24, 香港,林子祥 / 关之琳 / 徐少强 / 许绍雄 / ,5.6
童年记趣 Motýlí cas,https://img3.doubanio.com/lpic/s10419042.jpg,布雷梯斯拉夫·波杰,1990, 捷克斯洛伐克 / 加拿大,Ludek Navratil / Katerina Machácková / Jaromír Hanzlík / Lubor Tokos / ,9.1
忍者神龟 Teenage Mutant Ninja Turtles,https://img3.doubanio.com/view/movie_poster_cover/lpst/public/p2019654024.jpg,斯蒂夫·巴伦,1990-03-30, 美国 / 香港,乔什·帕斯 / Michelan Sisti / 利夫·蒂尔登 / ,7.4
蓝调计程车 Такси-блюз,https://img3.doubanio.com/lpic/s2698683.jpg,帕维·龙根,1990-09-07, 苏联 / 法国,彼得·马莫诺夫 / Pyotr Zaychenko / ,7.9
别闯阴阳界 Flatliners,https://img3.doubanio.com/view/movie_poster_cover/lpst/public/p1183344245.jpg,乔·舒马赫,1990-08-10, 美国,基弗·萨瑟兰 / 朱莉娅·罗伯茨 / 凯文·贝肯 / 威廉·鲍德温 / ,6.4
我真的爱死你 I Love You to Death,https://img3.doubanio.com/view/movie_poster_cover/lpst/public/p1198885693.jpg,Lawrence Kasdan,1990-04-06, 美国,Kevin Kline / Tracey Ullman / River Phoenix / ,7.4
脂粉双雄,https://img3.doubanio.com/view/movie_poster_cover/lpst/public/p2349237154.jpg,洪金宝,1990-08-08, 香港,谭咏麟 / 洪金宝 / 唐丽球 / 朱慧珊 / 任炜雄 / 午马 / 秦沛 / ,6.5
赤裸探戈 Naked Tango,https://img1.doubanio.com/lpic/s1434658.jpg,Leonard Schrader  里昂纳·史莱德,1990-09-27, 瑞士 / 阿根廷 / 日本 / 美国,文森特·多诺费奥 / 玛蒂尔达·梅 / ,7.7
幼儿园警探 Kindergarten Cop,https://img1.doubanio.com/view/movie_poster_cover/lpst/public/p2166195347.jpg,伊万·雷特曼,1991-05-23, 美国,阿诺·施瓦辛格 / 佩内洛普·安·米勒 / ,6.6
一级恐惧 Primal Fear,https://img1.doubanio.com/view/movie_poster_cover/lpst/public/p1150407027.jpg,格里高利·霍布里特,1996-04-03(美国), 美国,理查·基尔 / 劳拉·琳妮 / 约翰·马奥尼 / 阿尔法·伍达德 / 弗兰西斯·麦克多蒙德 / 爱德华·诺顿 / 特瑞·欧奎恩 / 安德鲁·布劳尔 / 斯蒂文·鲍尔 / 乔·斯帕诺 / 托尼·普拉纳 / 斯坦利·安德森 / 毛拉·蒂尔内 / 乔恩·塞达 / ,8.4
活跳尸2 Bride of Re-Animator,https://img3.doubanio.com/view/movie_poster_cover/lpst/public/p2229523795.jpg,布莱恩·尤兹纳,1990-07-08, 美国,杰弗里·寇姆 / Mel Stewartk / Fabiana Udenio / ,6.7
彩虹大盗 The Rainbow Thief,https://img3.doubanio.com/view/movie_poster_cover/lpst/public/p2383547641.jpg,亚历桑德罗·佐杜洛夫斯基,1994-01-19, 英国,彼得·奥图尔 / 奥马尔·沙里夫 / ,6.1
魔鬼双瞳 Two Evil Eyes,https://img3.doubanio.com/view/movie_poster_cover/lpst/public/p2264502681.jpg,乔治·A·罗梅罗,1990-01-25, 意大利 / 美国,阿德里安娜·巴比欧 / Ramy Zada / Bingo O'Malley / E.G.马绍尔 / 哈威·凯特尔 / 约翰·阿莫斯 / 莎莉·柯克兰德 / 金·亨特 / 霍尔特·格拉汉姆 / 马丁·鲍尔萨姆 / Jonathan Adams / ,6.5
失翼灵雀 Skrivánci na niti,https://img1.doubanio.com/view/movie_poster_cover/lpst/public/p1632314768.jpg,伊利·曼佐,1990-05-16, 捷克斯洛伐克,鲁道夫·霍辛斯基 / 伏拉基米尔·布劳德斯基 / ,8.4
死之棘 死の棘,https://img1.doubanio.com/view/movie_poster_cover/lpst/public/p2186395477.jpg,小栗康平,1990-04-28, 日本,松坂庆子 / 岸部一德 / ,7.7
唐明皇,https://img3.doubanio.com/view/movie_poster_cover/lpst/public/p2374992150.jpg,陈家林,1993, 中国大陆,刘威 / 林芳兵 / 李如平 / 黄小雷 / 严敏裘 / 周洁 / 李建群 / 郑榕 / 李迎秋 / 陈颖 / 李静莉 / ,7.3
不良影响 Bad Influence,https://img1.doubanio.com/view/movie_poster_cover/lpst/public/p2204971847.jpg,Curtis Hanson,1990-03-09, 美国,Rob Lowe / James Spader / ,6.5
皇家师姐5 皇家师姐：中间人,https://img3.doubanio.com/lpic/s2829266.jpg,查传谊,1991-01-12, 香港,杨丽菁 / 吴大维 / ,5.7
冷暖人间 第一部 渡る世間は鬼ばかり 第1シリーズ,https://img3.doubanio.com/lpic/s2872760.jpg,井下靖央,1990-10-11(日本), 日本,藤冈琢也 / 山冈久乃 / 泉品子 / 角野卓造 / 唐泽寿明 / 长山蓝子 / 中田喜子 / 野村真美 / 藤田朋子 / 前田吟 / ,9.2
十六岁的花季,https://img3.doubanio.com/view/movie_poster_cover/lpst/public/p2431124261.jpg,富敏,1989, 中国大陆,战士强 / 吉雪萍 / 池华琼 / 杨晓宁 / ,8.2
飞天神鼠,https://img3.doubanio.com/view/movie_poster_cover/lpst/public/p2236177632.jpg,王微,1990, 中国大陆,孙晨曦 / 王岩 / ,6.7
宛如飞翔 翔ぶが如く,https://img3.doubanio.com/lpic/s3110205.jpg,平山武之,1990-01-07, 日本,西田敏行 / 鹿賀丈史 / 三木のり平 / 小林稔侍 / 加山雄三 / 竜 雷太 / 高橋英樹 / 田中裕子 / 賀来千香子 / 緒方直人 / 佐藤浩市 / 林 隆三 / 樹木希林 / 角野卓造 / ,8.8
龙珠Z剧场版3：地球超级大决战 ドラゴンボールZ 劇場版 地球まるごと超決戦,https://img3.doubanio.com/view/movie_poster_cover/lpst/public/p2195433813.jpg,,1990-07-07, 日本,,6.9
四驱兄弟 爆走兄弟レッツ&ゴー!!,https://img3.doubanio.com/lpic/s4650462.jpg,纲野哲朗,1996-01-08(日本), 日本,安藤亚里沙 / 池泽春菜 / 高乃丽 / 神代知衣 / 渡边久美子 / 今井由香 Yuka Imai / ,7.7
索命逍遥楼,https://img3.doubanio.com/view/movie_poster_cover/lpst/public/p2274447591.jpg,李文化,1990-01-01, 中国大陆,杨凤一 / 黄国强 / ,5.9
Vita coi figli,https://img3.doubanio.com/lpic/s24437381.jpg,Dino Risi,1990, 意大利,Giancarlo Giannini / Monica Bellucci / Corinne Cléry / ,6.1
孖仔孖心肝,https://img3.doubanio.com/lpic/s3239646.jpg,曾励珍,1990-07-09, 香港,周星驰 刘青云 / ,7.7
来自边缘的明信片 Postcards from the Edge,https://img3.doubanio.com/view/movie_poster_cover/lpst/public/p2158165293.jpg,迈克·尼科尔斯,1990-09-12, 美国,梅丽尔·斯特里普 / 雪莉·麦克雷恩 / 丹尼斯·奎德 / 吉恩·哈克曼 / 理查德·德莱弗斯 / ,7.5
龙珠Z剧场版2：世界最強的高手 ドラゴンボールZ この世で一番強いヤツ,https://img1.doubanio.com/view/movie_poster_cover/lpst/public/p2195406938.jpg,西尾大介,1990-03-10, 日本,,7.1
美国丽人 American Beauty,https://img3.doubanio.com/view/movie_poster_cover/lpst/public/p571671715.jpg,萨姆·门德斯,"1999-09-08(洛杉矶首映),1999-10-01(美国)", 美国,凯文·史派西 / 安妮特·贝宁 / 索拉·伯奇 / 米娜·苏瓦丽 / 克里斯·库珀 / 韦斯·本特利 / 彼得·盖勒 / 艾莉森·珍妮 / 斯科特·巴库拉 / 山姆·洛巴兹 / ,8.4
龙珠Z特别篇 一个人的最终决战 挑战弗利萨的Z战士 孙悟空之父 ドラゴンボールZ たったひとりの最終決戦〜フリーザに挑んだZ戦士 孫悟空の父〜,https://img3.doubanio.com/view/movie_poster_cover/lpst/public/p2195449592.jpg,Mitsuo Hashimoto,1990-10-17(日本), 日本,,8.2
电子情书 You've Got Mail,https://img1.doubanio.com/view/movie_poster_cover/lpst/public/p469986867.jpg,诺拉·艾芙隆,1998-12-18, 美国,汤姆·汉克斯 / 梅格·瑞恩 / Katie Sagona / 格雷戈·金尼尔 / ,7.8
爱是唯一 She's the One,https://img3.doubanio.com/view/movie_poster_cover/lpst/public/p2332347074.jpg,爱德华·伯恩斯,1996-08-23, 美国,约翰·马奥尼 / 爱德华·伯恩斯 / 迈克·麦格隆 / 詹妮弗·安妮斯顿 / 卡梅隆·迪亚茨 / ,6.7
激情沸点 The Hot Spot,https://img3.doubanio.com/view/movie_poster_cover/lpst/public/p2196572301.jpg,丹尼斯·霍珀,1990-09-08, 美国,詹妮弗·康纳利 / 维吉妮娅·马德森 / ,6.4
吧女斯特拉 Stella,https://img3.doubanio.com/view/movie_poster_cover/lpst/public/p2225225535.jpg,约翰·厄曼,1990-02-02(美国), 美国,贝特·米德勒 / 翠尼·阿瓦拉多 / ,"
    "
大地的女儿 Nell,https://img3.doubanio.com/view/movie_poster_cover/lpst/public/p2191234492.jpg,迈克尔·艾普特,1994-12-23, 美国,朱迪·福斯特 / ,7.6
天与地 天と地と,https://img1.doubanio.com/view/movie_poster_cover/lpst/public/p1561041058.jpg,角川春树,1990-06-23(日本), 日本,榎木孝明 / 津川雅彦 / ,7.9
致命赌局 The Grifters,https://img3.doubanio.com/view/movie_poster_cover/lpst/public/p761705713.jpg,斯蒂芬·弗雷斯,1990-09-14, 美国,安杰丽卡·休斯顿 / 约翰·库萨克 / ,6.5
天罗地网,https://img3.doubanio.com/view/movie_poster_cover/lpst/public/p1270971114.jpg,黄志强,1990-06-20, 香港,郑少秋 / 梁家辉 / 李子雄 / 李美凤 / ,6.1
一千零一夜 Les 1001 nuits,https://img3.doubanio.com/view/movie_poster_cover/lpst/public/p1162498712.jpg,菲利普·德·普劳加,1990-04-11, 法国 / 意大利 / 瑞士,凯瑟琳·泽塔-琼斯 / 杰拉尔·朱诺 / 斯特凡纳·弗雷斯 / 蒂埃里·莱尔米特 / ,7.1
焦裕禄,https://img3.doubanio.com/lpic/s1480510.jpg,王冀邢,1990, 中国大陆,李雪健 / 李仁堂 / 周宗印 / 田园 / 张英 / ,6.9
月出何方 月はどっちに出ている,https://img3.doubanio.com/view/movie_poster_cover/lpst/public/p2154078024.jpg,崔洋一,1993-11-06(日本), 日本,岸谷五朗 / Ruby Moreno / 绘泽萠子 / 小木茂光 / 远藤宪一 / 有园芳记 / 麿赤児 / 國村隼 / 芹沢正和 / 金田明夫 / 萩原圣人 / ,7.3
截杀威龙 Death Warrant,https://img1.doubanio.com/view/movie_poster_cover/lpst/public/p2253357077.jpg,德兰 萨拉菲安 (Deran Sarafian),1990-09-14, 加拿大 / 美国,尚格·云顿 / ,5.3
哆啦A梦：大雄与惑星之谜 ドラえもん のび太とアニマル惑,https://img3.doubanio.com/view/movie_poster_cover/lpst/public/p2190699275.jpg,芝山努,1990-03-10(日本), 日本,大山信代 / 小原乃梨子 / 野村道子 / 立壁和也 / ,8.0
将军的儿子 장군의 아들,https://img1.doubanio.com/lpic/s1660367.jpg,林权泽,1990-06-09(韩国), 韩国,朴尚民 / ,7.0
喋血风云 喋血風雲,https://img1.doubanio.com/view/movie_poster_cover/lpst/public/p2303533378.jpg,陈观泰 (Kuan Tai Chen),1990-03-29, 香港,关之琳 / 万梓良 / 郑浩南 / 于芷蔚 / ,5.5
僵尸医生 僵屍醫生,https://img3.doubanio.com/view/movie_poster_cover/lpst/public/p2224091823.jpg,陆剑明,1990-12-06, 香港,林保怡 / 陈雅伦 / 陈淑兰 / ,5.7
奥兹国历险记 The Wizard of Oz,https://img3.doubanio.com/view/movie_poster_cover/lpst/public/p2176026135.jpg,,1990-09-08, 美国,查尔斯·阿德勒 / Liz Georges / ,8.7
金装武术电影大全 The Best of the Martial Arts Films,https://img3.doubanio.com/lpic/s1829521.jpg,Sandra Weintraub,1990-12-15, 香港,约翰·萨克松 / 卡里姆·阿卜杜尔-贾巴尔 / Chris Casamassa / 成龙 / 罗伯特·高洛斯 / Keith Cooke / Peter Cunningham / 高丽虹 / 洪金宝 / 胡慧中 / 小杉正一 / 李小龙 / 茅瑛 / 西协美智子 / 理查德·诺顿 / Ron Pohnel / 罗芙洛 / Karen Sheperd / 宾尼·尤奎德兹 / 李·范·克里夫 / 尚格·云顿 / 元彪 / 元华 / 梁小龙 / ,6.8
信任 Trust,https://img3.doubanio.com/view/movie_poster_cover/lpst/public/p2162715082.jpg,霍尔·哈特利,1990-09-09, 英国 / 美国,安德林妮·夏莉 / 马丁·唐文 / Merritt Nelson / John MacKay / ,8.3
异梦卡拉OK ฝันบ้าคาราโอเกะ,https://img3.doubanio.com/view/movie_poster_cover/lpst/public/p2325230524.jpg,彭力·云旦拿域安,1997-02-20, 泰国,Fay Atsawet / Phaibunkiat Khiaogao / ,"
    "
机动警察 后期 OVA版 機動警察パトレイバー NEW OVAシリーズ,https://img3.doubanio.com/lpic/s1788986.jpg,吉永尚之,1990-11-22(日本), 日本,富永美伊奈 / 古川登志夫 / 大林隆介 / 井上瑶 / ,9.0
出嫁女,https://img1.doubanio.com/view/movie_poster_cover/lpst/public/p2230451119.jpg,王进,1990, 中国大陆 / 香港,陶慧敏 / 剧雪 / 沈蓉 / 吉雪萍 / 池华琼 / 普超英 / ,7.8
外科室,https://img1.doubanio.com/view/movie_poster_cover/lpst/public/p2109037059.jpg,坂东玉三郎,1992-02-08, 日本,吉永小百合 / 加藤雅也 / 中井贵一 / 鳄渊晴子 / 南美江 / 伊井義太朗 / 広田玲央名 / 芳村伊四郎 / 中村浩太郎 / ,"
    "
舞台姊妹,https://img3.doubanio.com/view/movie_poster_cover/lpst/public/p2239127753.jpg,午马,1990-03-24, 香港,陈玉莲 / 惠英红 / 梅爱芳 / 黎燕珊 / 王玉环 / 林正英 / 午马 / 刘兆铭 / 刘玉婷 / ,7.4
朋党 朋黨,https://img1.doubanio.com/view/movie_poster_cover/lpst/public/p2171276418.jpg,刘伟强,1990-12-28, 香港,张家辉 / 李修贤 / 吴雪雯 / ,6.4
黑白双雄 Downtown,https://img3.doubanio.com/lpic/s2877716.jpg,Richard Benjamin,1990-01-12, 美国,安东尼·爱德华兹 / 福里斯特·惠特克 / 佩内洛普·安·米勒 / ,"
    "
轰天皇家将,https://img3.doubanio.com/view/movie_poster_cover/lpst/public/p2228879485.jpg,韦烈,"1990,1992-10-10(HK)", 香港,吴家丽 / 大岛由加利 / 西协美智子 / 惠英红 / ,5.0
难兄难弟,https://img3.doubanio.com/lpic/s3643360.jpg,,1990, 香港,秦沛 / ,"
    "
起尾注,https://img3.doubanio.com/view/movie_poster_cover/lpst/public/p2273493554.jpg,袁祥仁,1990, 香港,陈百祥 / 李嘉欣 / 单立文 / ,6.2
刺杀希特勒计划 The Plot to Kill Hitler,https://img3.doubanio.com/view/movie_poster_cover/lpst/public/p2336672251.jpg,Lawrence Schiller,1990-01-30, 南斯拉夫 / 美国,布拉德·戴维斯 / Madolyn Smith Osborne / ,7.2
女巫 The Witches,https://img3.doubanio.com/view/movie_poster_cover/lpst/public/p2154026070.jpg,尼古拉斯·罗伊格,1990-05-25, 英国 / 美国,安杰丽卡·休斯顿 / 梅·扎特林 / Jasen Fisher / 简·霍洛克斯 / ,7.1
妖夜传说 Tales from the Darkside: The Movie,https://img3.doubanio.com/view/movie_poster_cover/lpst/public/p2347308932.jpg,John Harrison (I),1990-05-04, 美国,黛布拉·哈里 / 克里斯蒂安·史莱特 / David Johansen / 威廉·赫基 / 詹姆斯·瑞马尔 / 瑞伊·道恩·冲 / 马修·劳伦斯 / Robert Sedgwick / 史蒂夫·布西密 / 朱丽安·摩尔 / 罗伯特·克莱因 / David Forrester / Donald Van Horn / Michael Deak / ,7.3
小魔星 Arachnophobia,https://img3.doubanio.com/view/movie_poster_cover/lpst/public/p1972119554.jpg,弗兰克·马歇尔,1990-07-18, 美国,杰夫·丹尼尔斯 / Harley Jane Kozak / ,7.3
桃色机密 Disclosure,https://img3.doubanio.com/view/movie_poster_cover/lpst/public/p812988144.jpg,巴瑞·莱文森,1994-12-09, 美国,黛米·摩尔 / 迈克尔·道格拉斯 / 唐纳德·萨瑟兰 / ,6.9
海豹干将 Navy SEALS,https://img3.doubanio.com/lpic/s7051544.jpg,刘易斯·提革,1990-07-20, 美国,迈克尔·比恩 / 查理·辛 / 琼妮·威利 / 比尔·帕克斯顿 / 塞瑞尔·奥莱利 / 里克·罗索维奇 / ,6.8
爱在别乡的季节 愛在別鄉的季節,https://img1.doubanio.com/view/movie_poster_cover/lpst/public/p2349332678.jpg,罗卓瑶,1990-12-06, 香港,张曼玉 / 梁家辉 / 文希莲 / ,7.7
边缘岁月 邊緣歲月,https://img1.doubanio.com/lpic/s2990667.jpg,李惠民,1993-09-16, 香港,狄龙 / 罗烈 / 郑文雅 / ,6.2
"白色猎人黑色心 White Hunter, Black Heart",https://img3.doubanio.com/lpic/s3561771.jpg,克林特·伊斯特伍德,1990-05-16, 美国,克林特·伊斯特伍德 / 杰夫·法赫 / ,6.4
机器战警2 Robocop 2,https://img3.doubanio.com/view/movie_poster_cover/lpst/public/p2243757541.jpg,厄文·克什纳,1990-06-22, 美国,彼得·威勒 / 南茜·艾伦 / Gabriel Damon / ,6.8
人在纽约 人在紐約,https://img3.doubanio.com/view/movie_poster_cover/lpst/public/p2270159186.jpg,关锦鹏,"1989-11-18(台湾),1990-03-01(香港)", 香港,张艾嘉 / 张曼玉 / 斯琴高娃 / 柯一正 / ,7.4
新加坡弹弓 Ο ανθρωπος που αγαπησε ενα πτωμα,https://img3.doubanio.com/view/movie_poster_cover/lpst/public/p2180899864.jpg,尼科斯·尼克莱迪斯,1990-09-13, 希腊,Meredyth Herold / Panos Thanassoulis / ,6.5
薄荷糖 박하사탕,https://img3.doubanio.com/view/movie_poster_cover/lpst/public/p457519794.jpg,李沧东,"1999-10-14(釜山电影节),2000-01-01(韩国)", 韩国 / 日本,薛耿求 / 文素丽 / 金汝珍 / 徐情 / 金仁权 / 高瑞熙 / 李代延 / ,8.1
哭泣宝贝 Cry-Baby,https://img3.doubanio.com/view/movie_poster_cover/lpst/public/p898498143.jpg,约翰·沃特斯,1990-04-06, 美国,约翰尼·德普 / 艾咪·洛肯 / 苏珊·泰瑞尔 / 波莉·伯根 / 伊基·波普 / 瑞奇·雷克 / 奇希·劳尔兹 / Kim McGuire / 达伦·布罗斯 / 斯蒂芬·梅尔勒 / Kim Webb / Alan J. Wendl / 特洛伊·多纳胡 / 敏科·斯荳 / ,7.2
为逝去一天的纪念 Praejusios dienos atminimui,https://img1.doubanio.com/view/movie_poster_cover/lpst/public/p2018105537.jpg,Sharunas Bartas,, Lithuania,,7.5
月蚀,https://img3.doubanio.com/view/movie_poster_cover/lpst/public/p1315394894.jpg,王全安,1999-10-22, 中国,余男 / ,7.1
最佳贼拍档,https://img1.doubanio.com/lpic/s3056307.jpg,陳勳奇,1990-03-17, 香港,陳勳奇 / 莫少聰 / 苗僑偉 / ,6.7
古惑大律师 古惑大律師,https://img3.doubanio.com/view/movie_poster_cover/lpst/public/p2204696404.jpg,张坚庭,1990-11-02, 香港,梁家辉 / 刘嘉玲 / 郑裕玲 / 张坚庭 / ,6.7
无悔追踪,https://img3.doubanio.com/view/movie_poster_cover/lpst/public/p2375019026.jpg,尹力,1995, 中国大陆,王志文 / 刘佩琦 / ,9.2
大决战3：平津战役,https://img1.doubanio.com/lpic/s2182749.jpg,李俊,1992, 中国大陆,古月 / 苏林 / 马绍信 / 鲁继先 / 史崇仁 / 赵恒多 / ,7.2
沙与海,https://img1.doubanio.com/lpic/s4152447.jpg,康健宁,1990, 中国大陆,,7.4
猫汤剧场 ねこぢる劇場,https://img3.doubanio.com/lpic/s3965093.jpg,福冨博,, 日本,上原さくら / ,8.5
有鬼住在隔壁 嘩鬼住正隔籬,https://img1.doubanio.com/view/movie_poster_cover/lpst/public/p2228876357.jpg,刘仕裕 Sze Yu Lau,1990, 香港,陈百祥 / 张敏 / 曹查理 / 邱淑贞 / 钟发 / 王晶 / 叶子楣 / ,5.8
爱的世界 愛的世界,https://img3.doubanio.com/view/movie_poster_cover/lpst/public/p2200634623.jpg,杜琪峰,1990-09-28, 香港,刘松仁 / 郑柏林 / 黄坤玄 / 吴孟达 / ,7.5
黎明 Szürkület,https://img1.doubanio.com/view/movie_poster_cover/lpst/public/p2021011297.jpg,哲尔吉·费赫尔,1990-09-09, 匈牙利,Péter Haumann / 雅诺斯·德兹斯 / Judit Pogány / Kati Lázár / 伊斯特万·莱纳特 / Gyula Pauer / ,7.7
勇闯天下,https://img3.doubanio.com/view/movie_poster_cover/lpst/public/p2168235223.jpg,李惠民 (Raymond Lee),1990-10-26, 香港,尹扬明 / 吴宇森 / 叶童 / 谢贤 / ,7.1
八犬传 + 八犬传～新章～ THE 八犬伝 + THE 八犬伝～新章～,https://img3.doubanio.com/view/movie_poster_cover/lpst/public/p2178380136.jpg,安濃高志,1990-10-25, 日本,関俊彦 / 山口勝平 / 山寺宏一 / 西村智博 / 日高のり子 / 玄田哲章 / ,8.6
通天长老,https://img1.doubanio.com/view/movie_poster_cover/lpst/public/p2329575079.jpg,姚守岗,, 中国大陆,于海 / 李殿芳 / ,5.7
魔神英雄传2 魔神英雄伝ワタル2,https://img3.doubanio.com/view/movie_poster_cover/lpst/public/p2154784196.jpg,井内秀治,1990-03-09(日本), 日本,田中真弓 / 林原惠 / 西村知道 / ,8.9
西部来的人,https://img3.doubanio.com/lpic/s10428626.jpg,黄明川,1990, 台湾,Dalu Baryen / Tswe-fen Shaw / ,"
    "
伦敦特拉法加广场 London's Trafalgar Square,https://img3.doubanio.com/f/movie/30c6263b6db26d055cbbe73fe653e29014142ea3/pics/movie/movie_default_large.png,William Carr Crofts,1890, 英国,,"
    "
贝西的婚礼 Betsy's Wedding,https://img3.doubanio.com/lpic/s3016442.jpg,阿伦·阿尔达,1990-06-22, 美国,阿伦·阿尔达 / 莫利·林沃德 / ,"
    "
无罪的罪人 Presumed Innocent,https://img3.doubanio.com/view/movie_poster_cover/lpst/public/p2193660901.jpg,艾伦·J·帕库拉,1990-07-27, 美国,哈里森·福特 / 布莱恩·丹内利 / 劳尔·朱力亚 / 邦妮·比蒂丽娅 / ,7.3
母亲的城堡 Le château de ma mère,https://img3.doubanio.com/view/movie_poster_cover/lpst/public/p2157181143.jpg,伊夫·罗伯特,1990-10-26, 法国,菲利普·科贝尔 / 娜莎丽·罗赛 / Didier Pain / Thérèse Liotard / Julien Ciamaca / Victorien Delamare / Joris Molinas / ,8.6
生活是甜蜜的 Life Is Sweet,https://img3.doubanio.com/view/movie_poster_cover/lpst/public/p2188838212.jpg,迈克·李,1990-11-15(伦敦电影节), 英国,艾莉森·斯戴曼 / 吉姆·布劳德本特 / Claire Skinner / 简·霍洛克斯 / 斯蒂芬·瑞 / 蒂莫西·斯波 / ,7.6
巴黎在燃烧 Paris Is Burning,https://img3.doubanio.com/view/movie_poster_cover/lpst/public/p2253887685.jpg,Jennie Livingston,1990-09-13, 美国,André Christian / Dorian Corey / ,8.5
阿修罗 阿修羅,https://img3.doubanio.com/view/movie_poster_cover/lpst/public/p2162023242.jpg,蓝乃才,1990-01-29, 香港 / 日本,叶蕴仪 / 元彪 / 李丽珍 / 阿部宽 / ,6.2
瘦虎肥龙 瘦虎肥龍,https://img1.doubanio.com/view/movie_poster_cover/lpst/public/p2349373167.jpg,刘家荣,1990-06-28, 香港,洪金宝 / 麦嘉 / 吴家丽 / 翁慧德 / 龙铭恩 / 胡枫 / 倪匡 / 梅小惠 / ,6.7
风雨同路 風雨同路,https://img3.doubanio.com/view/movie_poster_cover/lpst/public/p2168677130.jpg,黄柏文,1990-05-12, 香港,周星驰 / 周慧敏 / 成奎安 / 陈惠敏 / 关海山 / 黄子扬 / 李修贤 / 张家辉 / ,6.8
铁血战士2 Predator 2,https://img3.doubanio.com/view/movie_poster_cover/lpst/public/p2166892996.jpg,斯蒂芬·霍普金斯,1990-11-21, 美国,丹尼·格洛弗 / ,6.3
小罪犯 Le petit criminel,https://img3.doubanio.com/lpic/s4544380.jpg,雅克·杜瓦隆,1990-12-19, 法国,里夏尔·安科尼纳 / Gérald Thomassin / ,7.2
大市民 Metropolitan,https://img3.doubanio.com/view/movie_poster_cover/lpst/public/p2211487083.jpg,惠特·斯蒂尔曼,1990-08-03(美国), 美国,卡罗琳·法里纳 / Edward Clements / 克里斯·埃吉曼 / ,7.6
龙凤茶楼 龍鳳茶樓,https://img3.doubanio.com/view/movie_poster_cover/lpst/public/p2167124242.jpg,潘文杰,1990-04-26, 香港,周星驰 / 莫少聪 / 陈雅伦 / 陈加玲 / 吴孟达 / ,6.4
圣·保罗医院之谜,https://img1.doubanio.com/view/movie_poster_cover/lpst/public/p2376874859.jpg,米家山,1990, 中国大陆,蔡鸿翔 / 陈玛雅 / 李耕 / 温海涛 / 杨代林 / 吴珊珊 / ,7.5
逃离“自由”电影院 Ucieczka z kina 'Wolność',https://img3.doubanio.com/view/movie_poster_cover/lpst/public/p1904688194.jpg,Wojciech Marczewski,1991, 波兰,Janusz Gajos / Wojciech Marczewski / ,7.8
护照 Паспорт,https://img3.doubanio.com/view/movie_poster_cover/lpst/public/p1527837264.jpg,格奥尔基·达涅利亚,, 苏联 / 法国 / 奥地利,赫拉德·达拉蒙 / 娜塔莉亚·贡达列娃 / 奥列格·扬科夫斯基 / 阿尔缅·哲加尔哈尼扬 / 叶甫盖尼·列昂诺夫 / 列昂尼德·亚尔莫利尼克 / 伊戈尔·科瓦沙 / 马姆卡·基卡列伊什维利 / Sharon Brandon / Nutsa Koguashvili / Kim Sullivan / Nina Ter-Osipyan / Amiran Amiranashvili / N. Anokhina / ,7.7
音乐僵尸 音樂殭屍,https://img1.doubanio.com/view/movie_poster_cover/lpst/public/p2286726959.jpg,唐伟成,1992-09-04, 香港,林正英 / 李丽珍 / 李家声 / 冯淬帆 / 曹查理 / 熊欣欣 / ,6.5
惊爆无底洞 The Rift,https://img1.doubanio.com/lpic/s3042908.jpg,Juan Piquer Simón,1990-04-09, 西班牙 / 美国,,6.9
天伦之旅 Stanno tutti bene,https://img3.doubanio.com/view/movie_poster_cover/lpst/public/p2331215125.jpg,朱塞佩·托纳多雷,1990-10-18, 意大利 / 法国 / 美国,马塞洛·马斯楚安尼 / 米歇尔·摩根 / 瓦莱里亚·卡瓦利 / Marino Cenna / Norma Martelli / Roberto Nobile / ,8.7
哈姆雷特 Hamlet,https://img1.doubanio.com/lpic/s1429578.jpg,佛朗哥·泽菲雷里,1990-12-19, 美国 / 英国 / 法国,梅尔·吉布森 / 格伦·克洛斯 / 阿兰·贝茨 / 伊安·霍姆 / ,6.9
纽约王 King of New York,https://img3.doubanio.com/view/movie_poster_cover/lpst/public/p2200240321.jpg,阿贝尔·费拉拉,1991-10-16, 意大利 / 美国 / 英国,克里斯托弗·沃肯 / 大卫·卡罗素 / 劳伦斯·菲什伯恩 / 韦斯利·斯奈普斯 / ,6.9
爱丽丝 Alice,https://img3.doubanio.com/view/movie_poster_cover/lpst/public/p2191968045.jpg,伍迪·艾伦,1990-12-25, 美国,乔·曼特纳 / 米亚·法罗 / 威廉·赫特 / 琼·斯奎布 / 布莱思·丹纳 / 朱迪·戴维斯 / 马塞林·休格特 / Dylan O'Sullivan Farrow / 朱莉·卡夫娜 / ,7.4
天王盖地虎,https://img1.doubanio.com/lpic/s6268958.jpg,吴天忍,1990, 中国大陆,翟乃社 / 蒋伯平 / ,"
    "
飞鹰计划 飛鷹計劃,https://img3.doubanio.com/view/movie_poster_cover/lpst/public/p1975184595.jpg,成龙,1991-02-07(香港), 香港,成龙 / 郑裕玲 / 伊娃·考伯 / 池田昌子 / Aldo Sambrell / Ken Goodman / Steve Tartalia / Vincent Lyn / Bruce Fontaine / Wayne Archer / Brandon Charles / 卢惠光 / Peter Klimenko / Christian Perrochaud / ,7.4
千年女妖,https://img3.doubanio.com/view/movie_poster_cover/lpst/public/p2348905590.jpg,郑永潮,, 香港,张学友 / 王祖贤 / ,6.2
战争子午线,https://img3.doubanio.com/view/movie_poster_cover/lpst/public/p2233262515.jpg,冯小宁,1990, 中国大陆,富大龙 / 沈丹萍 / 江韵辉 / 牛萌萌 / ,8.4
鬼娃回魂2 Child's Play 2,https://img3.doubanio.com/view/movie_poster_cover/lpst/public/p2210573820.jpg,John Lafia,1990-11-09, 美国,艾力克斯·文森特 / 珍妮·艾加特 / 格里特·格雷厄姆 / 克里斯汀·爱丽斯 / 布拉德·道里夫 / 格蕾丝·扎布里斯基 / 彼得哈斯克尔 / 贝丝·格兰特 / 格雷格·格曼 / Raymond Singer / Charles Meshack / Stuart Mabray / Matt Roe / Herbie Braha / ,6.6
斯泰尔斯庄园奇案 Poirot: The Mysterious Affair at Styles,https://img3.doubanio.com/view/movie_poster_cover/lpst/public/p2176430123.jpg,罗斯·大卫尼斯,1990-09-16, 英国,大卫·苏切特 / 菲利普·杰克森 / ,7.9
洛奇5 Rocky V,https://img3.doubanio.com/view/movie_poster_cover/lpst/public/p2389681501.jpg,约翰·G·艾维尔森,1990-11-16(美国), 美国,西尔维斯特·史泰龙 / 塔莉娅·夏尔 / 波特·杨 / 塞奇·史泰龙 / 布吉斯·梅迪斯 / 托米·莫里森 / 理查德·甘特 / 托尼·伯顿 / Jimmy Gambina / 迪莉娅·谢泼德 / Mike Sheehan / Michael Williams / 凯文·康诺利 / Elisebeth Peters / ,7.6
蓝宝石之谜 ふしぎの海のナディア,https://img3.doubanio.com/view/movie_poster_cover/lpst/public/p2023676836.jpg,庵野秀明,1990-04-13(日本), 日本,鹰森淑乃 / 日高法子 / 水谷优子 / 樱井敏治 / 大塚明夫 / 井上喜久子 / 泷泽久美子 / 堀内贤雄 / ,9.0
无语问苍天 Awakenings,https://img3.doubanio.com/view/movie_poster_cover/lpst/public/p2200706542.jpg,潘妮·马歇尔,"1990-12-12(世纪城首映),1991-01-11(美国)", 美国,罗伯特·德尼罗 / 罗宾·威廉姆斯 / 朱莉·卡夫娜 / 鲁思·尼尔森 / 约翰·赫德 / 佩内洛普·安·米勒 / 爱丽丝·德拉蒙德 / 朱迪斯·玛丽娜 / 巴顿·海曼 / 乔治·马丁 / 安妮·米拉 / 理查德·利伯蒂尼 / 劳拉·伊斯特曼 / 德克斯特·戈登 / Jayne Haynes / Le Clanché du Rand / Yusef Bulos / Steven Randazzo / Gloria Harper / Gwyllum Evans / Mary Catherine Wright / 玛丽·爱丽丝 / 凯斯·戴蒙德 / 史蒂夫·维诺维奇 / Tiger Haynes / John Christopher Jones / 布莱德利·惠特福德 / 马克斯·冯·叙多 / Harvey Miller / Tanya Berezin / 彼得·斯特曼 / Charles Keating / Christina Huertes / Gary Tacon / Mel Gorham / ,8.3
罗宾汉大冒险 ロビンフッドの大冒険,https://img3.doubanio.com/lpic/s4122133.jpg,真下耕一,1990-07-29(日本), Japan,伊倉一恵 / 松井菜桜子 / 三田ゆうこ / ,8.2
3-4X10月,https://img3.doubanio.com/view/movie_poster_cover/lpst/public/p877277671.jpg,北野武,1990-09-15, 日本,石田百合子 / 柳忧怜 / 北野武 / 邓肯 / 布施绘里 / ,7.3
天使与我同桌 An Angel at My Table,https://img1.doubanio.com/view/movie_poster_cover/lpst/public/p2211497019.jpg,简·坎皮恩,1990-09-20, 新西兰 / 澳大利亚 / 英国,凯瑞·福克斯 / Alexia Keogh / Karen Fergusson / Iris Churn / ,7.8
Q版猫和老鼠 Tom and Jerry Kids Show,https://img3.doubanio.com/lpic/s25812600.jpg,Robert Alvarez,1990-09-08, 美国,Teresa Ganzel / Richard Gautier / ,9.2
渴望,https://img3.doubanio.com/f/movie/03d3c900d2a79a15dc1295154d5293a2d5ebd792/pics/movie/tv_default_large.png,鲁晓威,1990, 中国大陆,李雪健 / 张凯丽 / 黄梅莹 / 孙松 / ,7.4
老虎出更2,https://img3.doubanio.com/view/movie_poster_cover/lpst/public/p2204663652.jpg,刘家良 (Chia-Liang Liu),1990-05-01, 香港,李修贤 / 陈雅伦 / 张耀扬 / ,5.7
捉妖记 悪魔をやっつけろ！,https://img3.doubanio.com/lpic/s4650043.jpg,吉田秋生,1990-01-06, 日本,宫泽里惠 / 高桥香织 / 小仓久宽 / ,7.7
异域 異域,https://img3.doubanio.com/view/movie_poster_cover/lpst/public/p1216670455.jpg,朱延平,1990, 台湾,庹宗华 / 刘德华 / 郎雄 / 斯琴高娃 / 王静莹 / 谷峰 / ,8.3
艺术创想 Art Attack,https://img1.doubanio.com/view/movie_poster_cover/lpst/public/p2187837848.jpg,Richard Bradley,1990-06-15, 英国,,9.7
火柴厂女工 Tulitikkutehtaan tyttö,https://img3.doubanio.com/view/movie_poster_cover/lpst/public/p2384963435.jpg,阿基·考里斯马基,1990-01-12, 芬兰 / 瑞典,卡蒂·奥廷宁 / 叶琳娜·萨罗 / Esko Nikkari / Vesa Vierikko / ,8.3
新半斤八两,https://img3.doubanio.com/view/movie_poster_cover/lpst/public/p2349339121.jpg,陈欣健,1990-08-24, 香港,许冠文 / 许冠杰 / 许冠英 / 洪欣 / 李司祺 / 刘兆铭 / 毛舜筠 / 秦沛 / 刘小慧 / 罗冠兰 / ,7.1
少年时代 少年時代,https://img3.doubanio.com/view/movie_poster_cover/lpst/public/p2153428286.jpg,篠田正浩,1990-01-12, 日本,藤田哲也 / 堀岡裕二 / 三田和代 / 山崎勝久 / ,8.3
监狱不设防 監獄不設防,https://img1.doubanio.com/view/movie_poster_cover/lpst/public/p2169192827.jpg,夏秀轩,, 香港,李丽珍 / 冯淬帆 / 叶子楣 / 陈佩珊 / 玛利亚 / 夏志珍 / ,5.7
太阳之子 太陽之子,https://img3.doubanio.com/view/movie_poster_cover/lpst/public/p2345439346.jpg,钱升玮,1990, 香港,罗芙洛 / 林正英 / 陈淑兰 / 李元霸 / 郑柏林 / 刘洵 / 钱昇玮 / 杰夫 / 太保 / 胡枫 / ,6.4
楳图一雄的诅咒 楳図かずおの呪い,https://img1.doubanio.com/view/movie_poster_cover/lpst/public/p2260096328.jpg,尾見直子,1990-03-01(日本), 日本,渡边菜生子 / 安达忍 / 松井菜樱子 / 三木真一郎 / 子安武人 / ,7.0
俄国人生七年1 Age 7 in the USSR,https://img3.doubanio.com/view/movie_poster_cover/lpst/public/p2161734314.jpg,Sergei Miroshnichenko,1991-05-28(英国), 英国,,9.4
综艺大观,https://img3.doubanio.com/view/movie_poster_cover/lpst/public/p2416459304.jpg,,1990-03-14, 中国大陆,倪萍 / 王刚 / 成方圆 / 周涛 / 曹颖 / ,7.7
异形魔怪 Tremors,https://img3.doubanio.com/view/movie_poster_cover/lpst/public/p2158578871.jpg,罗恩·安德伍德,1990-01-19, 美国,凯文·贝肯 / 弗莱德·沃德 / Finn Carter / ,7.0
是谁让我脑死了 Brain Dead,https://img3.doubanio.com/lpic/s4134393.jpg,亚当·西蒙,1990-01-19, 美国,比尔·普尔曼 / 比尔·帕克斯顿 / 巴德·库特 / 尼古拉斯·普罗约尔 / 帕特丽夏·夏博诺 / 乔治·肯尼迪 / 李·阿伦伯格 / 安迪·伍德 / Maud Winchester / Jon Kellam / 威利·加森 / ,7.6
春天的故事 Conte de printemps,https://img3.doubanio.com/view/movie_poster_cover/lpst/public/p808251870.jpg,埃里克·侯麦,1990-04-04, 法国,Anne Teyssèdre / 休格·奎斯特 / Florence Darel / Eloïse Bennett / ,8.2
至尊神探 Dick Tracy,https://img3.doubanio.com/view/movie_poster_cover/lpst/public/p2200073720.jpg,沃伦·比蒂,1990-06-15(美国), 美国,沃伦·比蒂 / 阿尔·帕西诺 / 麦当娜 / 詹姆斯·基恩 / 查尔斯·德恩 / 西摩·卡塞尔 / 格伦妮·海德利 / 威廉·弗西斯 / 曼迪·帕廷金 / ,6.8
蝇王 Lord of the Flies,https://img3.doubanio.com/lpic/s1483660.jpg,哈里·胡克,1990-03-16(美国), 美国,巴萨扎·盖提 / 詹姆斯·戴尔 / 克里斯·福尔 / 丹纽尔·比波利 / 安德鲁·塔夫特 / 爱德华·塔夫特 / 加里·鲁尔 / 特里·威尔斯 / ,7.8
斗鸡,https://img1.doubanio.com/lpic/s1441987.jpg,王秉林 ,1990, 中国大陆,,6.7
异世浮生 Jacob's Ladder,https://img3.doubanio.com/view/movie_poster_cover/lpst/public/p1726243546.jpg,阿德里安·莱恩,1990-11-02(美国), 美国,蒂姆·罗宾斯 / 伊丽莎白·佩纳 / 丹尼·爱罗 / 马特·克拉文 / 普路特·泰勒·文斯 / ,7.4
情挑六月花 White Palace,https://img1.doubanio.com/view/movie_poster_cover/lpst/public/p2426544427.jpg,路易斯·曼杜齐,1990-10-19, 美国,James Spader / Susan Sarandon / ,7.4
与狼共舞 Dances with Wolves,https://img1.doubanio.com/view/movie_poster_cover/lpst/public/p499158228.jpg,凯文·科斯特纳,1990-11-21, 美国,凯文·科斯特纳 / 玛丽·麦克唐纳 / ,8.9
风月俏佳人 Pretty Woman,https://img3.doubanio.com/view/movie_poster_cover/lpst/public/p2199988222.jpg,盖瑞·马歇尔,1990-03-23, 美国,理查·基尔 / 朱莉娅·罗伯茨 / 拉尔夫·贝拉米 / 杰森·亚历山大 / ,7.9
捆着我，绑着我 ¡Átame!,https://img1.doubanio.com/view/movie_poster_cover/lpst/public/p2197289179.jpg,佩德罗·阿莫多瓦,1990-01-22(西班牙), 西班牙,维多利亚·阿布里尔 / 安东尼奥·班德拉斯 / 洛莱斯·莱昂 / 胡丽叶塔·塞德拉诺 / 玛丽亚·巴兰科 / 萝西·德·帕尔马 / 弗朗西斯科·拉瓦尔 / Lola Cardona / Montse G. Romeu / 埃米利亚诺·雷东多 / Oswaldo Delgado / Concha Rabal / Alberto Fernández / José María Tasso / ,7.6
大鼻子情圣 Cyrano de Bergerac,https://img3.doubanio.com/view/movie_poster_cover/lpst/public/p1016937211.jpg,让-保罗·拉佩纽,1990-03-28, 法国,杰拉尔·德帕迪约 / 安妮·波诺什 / 文森特·佩雷斯 / 雅各布·韦伯 / ,7.8
孟菲斯美女号 Memphis Belle,https://img3.doubanio.com/view/movie_poster_cover/lpst/public/p2356056022.jpg,迈克尔·卡顿·琼斯,1990-09-07, 英国 / 日本 / 美国,马修·莫迪恩 / 埃里克·斯托尔兹 / ,8.3
乱世儿女,https://img3.doubanio.com/view/movie_poster_cover/lpst/public/p2203955616.jpg,泰迪罗宾,1990-01-20, 香港,元彪 / 梅艳芳 / 洪金宝 / 林子祥 / 恬妞 / 林忆莲 / 元德 / 罗烈 / ,6.6
双峰 第一季 Twin Peaks Season 1,https://img3.doubanio.com/view/movie_poster_cover/lpst/public/p2204840564.jpg,大卫·林奇,1990-04-08(美国), 美国,凯尔·麦克拉克伦 / 梅晨·阿米克 / 雪琳·芬 / 劳拉·弗林·鲍尔 / 迈克尔·昂吉恩 / ,8.9
全面回忆 Total Recall,https://img1.doubanio.com/view/movie_poster_cover/lpst/public/p1651606648.jpg,保罗·范霍文,1990-06-01(美国), 美国,阿诺·施瓦辛格 / 雷切尔·蒂科汀 / 莎朗·斯通 / 罗尼·考克斯 / 迈克尔·艾恩塞德 / 马绍尔·贝尔 / Mel Johnson Jr. / Michael Champion / Roy Brocksmith / Ray Baker / 萝丝玛丽·邓斯莫尔 / David Knell / Alexia Robinson / 迪恩·诺里斯 / Mark Carlton / Debbie Lee Carrington / Lycia Naff / 罗伯特·康斯坦佐 / Michael LaGuardia / Priscilla Allen / Marc Alaimo / ,7.6
鬼咬鬼,https://img1.doubanio.com/view/movie_poster_cover/lpst/public/p2047112707.jpg,刘观伟,1990-02-09, 香港,洪金宝 / 林正英 / 孟海 / 林敏聪 / 龚慈恩 / 王文君 / ,6.9
小偷阿星,https://img3.doubanio.com/view/movie_poster_cover/lpst/public/p2348913592.jpg,楚原,1990-06-16, 香港,周星驰 / 方中信 / 胡慧中 / 陈观泰 / 顾美华 / ,6.3
回到未来3 Back to the Future Part III,https://img1.doubanio.com/view/movie_poster_cover/lpst/public/p475893249.jpg,罗伯特·泽米吉斯,1990-05-25(美国), 美国,迈克尔·J·福克斯 / 克里斯托弗·洛伊德 / 玛丽·斯汀伯根 / 托马斯·F·威尔森 / 莉·汤普森 / 伊丽莎白·苏 / Matt Clark / Richard Dysart / Pat Buttram / 小哈里·凯瑞 / Dub Taylor / 詹姆斯·托根 / 马克·麦克卢尔 / 温迪·乔·斯佩博 / 杰弗里·韦斯曼 / Hugh Gillin / ,8.2
无敌幸运星 無敵幸運星,https://img1.doubanio.com/view/movie_poster_cover/lpst/public/p2349324477.jpg,陈友,1990-09-27, 香港,周星驰 / 吴君如 / 陈友 / 黄秋生 / 梅小惠 / ,6.8
滚滚红尘,https://img3.doubanio.com/view/movie_poster_cover/lpst/public/p1281789791.jpg,严浩,1990-11-23, 香港 / 中国大陆,林青霞 / 秦汉 / 张曼玉 / 吴耀汉 / 顾美华 / ,8.2
父子老爷车,https://img3.doubanio.com/view/movie_poster_cover/lpst/public/p2230073755.jpg,刘国权,1990, 中国大陆,陈强 / 陈佩斯 / 郝岩 / ,7.1
笑傲江湖,https://img3.doubanio.com/view/movie_poster_cover/lpst/public/p1610521341.jpg,胡金铨,1990-04-05(香港), 香港 / 台湾,许冠杰 / 叶童 / 张学友 / 张敏 / 袁洁莹 / 刘兆铭 / 元华 / 刘洵 / 林正英 / ,7.8
遭遇激情,https://img3.doubanio.com/view/movie_poster_cover/lpst/public/p2162360201.jpg,夏钢,1990, 中国大陆,吕丽萍 / 袁苑 / 张嘉译 / ,6.8
赌圣 賭聖,https://img3.doubanio.com/view/movie_poster_cover/lpst/public/p1148006580.jpg,元奎,1990-08-18(香港), 香港,周星驰 / 张敏 / 吴孟达 / 吴君如 / 秦沛 / 元奎 / 刘镇伟 / 卢宛茵 / ,7.3
法律与秩序 第一季 Law & Order Season 1,https://img3.doubanio.com/view/movie_poster_cover/lpst/public/p2172711173.jpg,John Beymer,1990-09-13(美国), 美国,乔治·杜兹达扎 / 克里斯·诺斯 / 达恩·弗洛莱克 / 迈克尔·莫里亚蒂 / ,9.3
梦 夢,https://img1.doubanio.com/view/movie_poster_cover/lpst/public/p2375818308.jpg,黑泽明,1990-05-25(日本), 日本 / 美国,笠智众 / 寺尾聪 / 原田美枝子 / 倍赏美津子 / 小野真理惠 / ,8.6
大气层消失,https://img3.doubanio.com/view/movie_poster_cover/lpst/public/p2230452810.jpg,冯小宁,, 中国大陆,张宁 / 吕丽萍 / 吴京安 / 王咏歌 / ,7.7
欢乐五福星,https://img3.doubanio.com/view/movie_poster_cover/lpst/public/p2379684355.jpg,陈朱煌,, 香港 / 台湾,蔡静怡 / 文国华 / 林光荣 / 陈启俊 / 金帝 / 魏平澳 / 李昆 / 卓胜利 / ,6.4
菊豆,https://img1.doubanio.com/view/movie_poster_cover/lpst/public/p2331293839.jpg,张艺谋,1990-04-21(日本), 中国大陆 / 日本,巩俐 / 李保田 / 李纬 / 丛志军 / 金甲 / ,7.7
古今大战秦俑情 古今大戰秦俑情,https://img1.doubanio.com/view/movie_poster_cover/lpst/public/p1747037939.jpg,程小东,1990-04-12(香港), 香港,张艺谋 / 巩俐 / 于荣光 / 吴天明 / ,6.8
好家伙 Goodfellas,https://img3.doubanio.com/view/movie_poster_cover/lpst/public/p1403069323.jpg,马丁·斯科塞斯,1990-09-19(美国), 美国,罗伯特·德尼罗 / 雷·利奥塔 / 乔·佩西 / 洛南·布雷科 / 保罗·索维诺 / 弗兰克·西维罗 / 托尼·戴劳 / 迈克·斯塔尔 / 弗兰克·文森特 / 查克劳 / 弗兰克·迪莱奥 / 尼杨曼 / Gina Mastrogiacomo / 凯瑟琳·斯科塞斯 / 查尔斯·斯科西斯 / ,8.3
小丑回魂 IT,https://img3.doubanio.com/lpic/s4427264.jpg,汤米·李·华莱士,1990-11-18, USA / Canada,蒂姆·克里 / 丹尼斯·克里斯托弗 / Richard Masur / 安妮特·奥图 / Tim Reid / 约翰·瑞特 / ,7.1
赌侠,https://img1.doubanio.com/view/movie_poster_cover/lpst/public/p1987598517.jpg,王晶,1990-12-13, 香港,刘德华 / 周星驰 / 向华强 / 张敏 / 吴孟达 / 陈法蓉 / 柯受良 / 单立文 / ,7.3
剪刀手爱德华 Edward Scissorhands,https://img1.doubanio.com/view/movie_poster_cover/lpst/public/p480956937.jpg,蒂姆·波顿,1990-12-06(美国), 美国,约翰尼·德普 / 薇诺娜·瑞德 / 黛安·韦斯特 / 安东尼·迈克尔·豪尔 / 凯西·贝克 / 罗伯特·奥利维里 / 康查塔·费雷尔 / 卡罗琳·阿隆 / 迪克·安东尼·威廉姆斯 / 澳澜·琼斯 / 文森特·普莱斯 / 艾伦·阿金 / 苏珊·布洛马特 / Linda Perri / ,8.7
樱桃小丸子 ちびまる子ちゃん,https://img1.doubanio.com/view/movie_poster_cover/lpst/public/p2347386817.jpg,富士电视台,1990-01-07(日本), 日本,たらこ / 青野武 / ,9.0
危情十日 Misery,https://img3.doubanio.com/view/movie_poster_cover/lpst/public/p1217959104.jpg,罗伯·莱纳,1990-11-30, 美国,詹姆斯·肯恩 / 凯西·贝茨 / 理查德·法恩斯沃斯 / ,8.3
围城,https://img3.doubanio.com/view/movie_poster_cover/lpst/public/p1933833163.jpg,黄蜀芹,1990, 中国大陆,陈道明 / 英达 / 吕丽萍 / 葛优 / 李媛媛 / 史兰芽 / 张建亚 / 英若诚 / 吴贻弓 / 于慧 / 盖丽丽 / 张文蓉 / 战士强 / 于本正 / 沙叶新 / 吕凉 / 周志俊 / 梁庆刚 / 杨涛 / 徐金金 / 顾也鲁 / 戴兆安 / 李天济 / 宋忆宁 / 任广智 / 王志华 / 倪以临 / 吴云芳 / 刘昌伟 / 曾丹 / 康群智 / 曹秋根 / 谢洪俊 / 王又龙 / 兰之光 / 朱申嘉 / 袁之远 / 张芝华 / 杨仲文 / 宋宁奇 / 刘芳 / 申怀琪 / 筱翔飞 / 沈星浩 / 夏晓昀 / 钱青青 / 阮丽丽 / 王干一 / 舒逸宁 / 麦墨瑞 / 陆晖 / 陈增无 / 郑国础 / 糜子德 / 詹更新 / 康志新 / 伊娜珂 / 王玲 / 林丹青 / 仲永星 / 安德宝 / 张莺 / 金慧珠 / ,9.1
小鬼当家 Home Alone,https://img3.doubanio.com/view/movie_poster_cover/lpst/public/p2175493635.jpg,克里斯·哥伦布,1990-11-16, 美国,麦考利·卡尔金 / 乔·佩西 / 丹尼尔·斯特恩 / 约翰·赫德 / 罗伯茨·布洛瑟姆 / 凯瑟琳·欧哈拉 / ,8.0
本命年,https://img1.doubanio.com/view/movie_poster_cover/lpst/public/p2167550459.jpg,谢飞,1990-04-14(中国大陆), 中国大陆,姜文 / 程琳 / 岳红 / 刘小宁 / ,8.2
人鬼情未了 Ghost,https://img3.doubanio.com/view/movie_poster_cover/lpst/public/p544574893.jpg,杰瑞·扎克,1990-07-13, 美国,帕特里克·斯威兹 / 黛米·摩尔 / 托尼·戈德温 / ,8.2
教父3 The Godfather: Part III,https://img3.doubanio.com/view/movie_poster_cover/lpst/public/p2169664351.jpg,弗朗西斯·福特·科波拉,1990-12-20, 美国,阿尔·帕西诺 / 黛安·基顿 / 塔莉娅·夏尔 / 安迪·加西亚 / 埃里·瓦拉赫 / 乔·曼特纳 / 乔治·汉密尔顿 / 布里吉特·芳达 / 索菲亚·科波拉 / 雷夫·瓦朗 / 弗兰克·德安布罗西奥 / 敦尔·当纳利 / 理查德·布赖特 / 赫尔穆特·贝格 / ,8.7
倩女幽魂2：人间道 倩女幽魂II 人間道,https://img3.doubanio.com/view/movie_poster_cover/lpst/public/p2270085044.jpg,程小东,1990-07-13, 香港,张国荣 / 王祖贤 / 张学友 / 午马 / 李子雄 / 李嘉欣 / 刘洵 / 刘兆铭 / ,7.7
阿飞正传 阿飛正傳,https://img3.doubanio.com/view/movie_poster_cover/lpst/public/p924558512.jpg,王家卫,1990-12-15(香港), 香港,张国荣 / 张曼玉 / 刘嘉玲 / 刘德华 / 张学友 / 潘迪华 / ,8.5
