电影名,海报链接,导演,时间,地区,演员,评分
新桥恋人 Les amants du Pont-Neuf,https://img3.doubanio.com/view/movie_poster_cover/lpst/public/p581792602.jpg,莱奥·卡拉克斯,1991-10-16(法国), 法国,朱丽叶·比诺什 / ,8.1
岁月的童话 おもひでぽろぽろ,https://img1.doubanio.com/view/movie_poster_cover/lpst/public/p453886709.jpg,高畑勋,1991-07-20(日本), 日本,今井美树 / 柳叶敏郎 / 本名阳子 / 高桥一生 / 饭冢雅弓 / 近藤芳正 / ,8.5
终结者2：审判日 Terminator 2: Judgment Day,https://img3.doubanio.com/view/movie_poster_cover/lpst/public/p1910909085.jpg,詹姆斯·卡梅隆,1991-07-03(美国), 美国 / 法国,阿诺·施瓦辛格 / 琳达·汉密尔顿 / 爱德华·福隆 / 罗伯特·帕特里克 / 阿尔·伯恩 / 乔·莫顿 / 埃帕莎·默克森 / 卡斯图罗·格雷拉 / 丹尼·库克塞 / 詹妮特·戈德斯坦恩 / 山德·贝克利 / ,8.5
监狱风云2：逃犯 監獄風雲II逃犯,https://img1.doubanio.com/view/movie_poster_cover/lpst/public/p2190472258.jpg,林岭东,1991-06-22, 香港,周润发 / 陈松勇 / 胡耀宗 / 于莉 / 黄光亮 / 徐锦江 / 尹扬明 / ,7.5
刺杀肯尼迪 JFK,https://img3.doubanio.com/view/movie_poster_cover/lpst/public/p967284986.jpg,奥利佛·斯通,1991-12-20, 美国 / 法国,凯文·科斯特纳 / 茜茜·斯派塞克 / 汤米·李·琼斯 / 乔·佩西 / 加里·奥德曼 / 凯文·贝肯 / 杰克·莱蒙 / ,8.8
那年夏天，宁静的海 あの夏、いちばん静かな海,https://img1.doubanio.com/view/movie_poster_cover/lpst/public/p2153209777.jpg,北野武,1991-10-19, 日本,真木藏人 / 大岛弘子 / 渡边哲 / 藤原稔三 / ,8.2
牯岭街少年杀人事件 牯嶺街少年殺人事件,https://img3.doubanio.com/view/movie_poster_cover/lpst/public/p848381236.jpg,杨德昌,1991-07-27(台湾), 台湾,张震 / 杨静怡 / 张国柱 / 王启赞 / 林鸿铭 / 金燕玲 / 王琄 / 张瀚 / 姜秀琼 / 赖梵耘 / 柯宇纶 / 谭志刚 / 冯国强 / 陈湘琪 / ,8.7
恐怖角 Cape Fear,https://img3.doubanio.com/view/movie_poster_cover/lpst/public/p1280557643.jpg,马丁·斯科塞斯,1991-11-13, 美国,罗伯特·德尼罗 / 尼克·诺特 / 杰西卡·兰格 / 朱丽叶特·刘易斯 / 乔·唐·巴克 / 罗伯特·米彻姆 / 格利高里·派克 / 马丁·鲍尔萨姆 / 伊里纳·道格拉斯 / 弗雷德·多尔顿·托马斯 / ,7.3
我自己的爱达荷 My Own Private Idaho,https://img3.doubanio.com/view/movie_poster_cover/lpst/public/p2211552415.jpg,格斯·范·桑特,1991-09-12, 美国,瑞凡·菲尼克斯 / 基努·里维斯 / 詹姆斯·拉索 / William Richert / Rodney Harvey / 切瑞拉·凯瑟莉 / Michael Parker / Jessie Thomas / 弗利 / 格蕾丝·扎布里斯基 / Tom Troupe / 乌多·奇尔 / Sally Curtice / Robert Lee Pitchlynn / ,8.2
宝贝小情人 My Girl,https://img1.doubanio.com/view/movie_poster_cover/lpst/public/p1194943338.jpg,霍华德·齐耶夫,1991-11-27(美国), 美国,安娜·克鲁姆斯基 / 麦考利·卡尔金 / ,8.4
飞鹰计划 飛鷹計劃,https://img3.doubanio.com/view/movie_poster_cover/lpst/public/p1975184595.jpg,成龙,1991-02-07(香港), 香港,成龙 / 郑裕玲 / 伊娃·考伯 / 池田昌子 / Aldo Sambrell / Ken Goodman / Steve Tartalia / Vincent Lyn / Bruce Fontaine / Wayne Archer / Brandon Charles / 卢惠光 / Peter Klimenko / Christian Perrochaud / ,7.4
过年,https://img1.doubanio.com/view/movie_poster_cover/lpst/public/p2206392237.jpg,黄健中,1991-02-12, 中国大陆,赵丽蓉 / 葛优 / 梁天 / 李保田 / 丁嘉丽 / 六小龄童 / 史兰芽 / 申军谊 / 胡亚捷 / 谭小燕 / 马晓晴 / ,8.5
跛豪,https://img1.doubanio.com/view/movie_poster_cover/lpst/public/p1820465199.jpg,潘文杰,1991-04-15(香港), 香港,吕良伟 / 郑则仕 / 叶童 / 叶子楣 / 李子雄 / 吴启华 / 黄光亮 / 陈荣宗 / 陈治良 / 罗烈 / 吴孟达 / 刘洵 / 刘江 / ,8.0
阿飞正传 阿飛正傳,https://img3.doubanio.com/view/movie_poster_cover/lpst/public/p924558512.jpg,王家卫,1990-12-15(香港), 香港,张国荣 / 张曼玉 / 刘嘉玲 / 刘德华 / 张学友 / 潘迪华 / ,8.5
倩女幽魂3：道道道 倩女幽魂Ⅲ 道道道,https://img3.doubanio.com/view/movie_poster_cover/lpst/public/p2309216940.jpg,程小东,1991-07-18, 香港,梁朝伟 / 张学友 / 王祖贤 / 利智 / 刘兆铭 / 刘洵 / 刘玉婷 / 黄光亮 / ,7.3
豪门夜宴 豪門夜宴,https://img3.doubanio.com/view/movie_poster_cover/lpst/public/p646546155.jpg,张坚庭,1991-11-30, 香港,曾志伟 / 郑裕玲 / 吴耀汉 / 洪金宝 / 张学友 / 梁家辉 / 关之琳 / 林子祥 / 梁朝伟 / 岑建勋 / 巩俐 / 周星驰 / 黎明 / 叶倩文 / 刘德华 / 张曼玉 / 许冠文 / 吴孟达 / 张国荣 / 梅艳芳 / 王祖贤 / 郭富城 / 惠英红 / 毛舜筠 / 狄龙 / 刘家辉 / 任达华 / 吴宇森 / 朱咪咪 / 吴大维 / 吴君如 / 李嘉欣 / 李丽珍 / 杜琪峰 / 沈殿霞 / 姜大卫 / 徐克 / 张艾嘉 / 张耀扬 / 麦嘉 / ,6.7
黄飞鸿 黃飛鴻,https://img3.doubanio.com/view/movie_poster_cover/lpst/public/p2204476216.jpg,徐克,1991-08-15, 香港,李连杰 / 元彪 / 关之琳 / 张学友 / 郑则仕 / 袁锦辉 / 邱建国 / 任世官 / 袁祥仁 / ,7.8
巴顿·芬克 Barton Fink,https://img3.doubanio.com/view/movie_poster_cover/lpst/public/p1058380546.jpg,乔尔·科恩,1991-08-21(美国), 美国 / 英国,约翰·特托罗 / 约翰·古德曼 / 朱迪·戴维斯 / 迈克尔·勒纳 / 约翰·马奥尼 / ,8.1
黑店狂想曲 Delicatessen,https://img3.doubanio.com/view/movie_poster_cover/lpst/public/p1969387376.jpg,马克·卡罗,1991-04-17(法国), 法国,多米尼克·皮诺 / Marie-Laure Dougnac / 让-克劳德·德鲁菲斯 / ,8.1
新精武门1991 新精武門一九九一,https://img3.doubanio.com/view/movie_poster_cover/lpst/public/p2349523382.jpg,左颂升,1991-03-23(香港), 香港,周星驰 / 钟镇涛 / 张敏 / 元奎 / 尹扬明 / 成奎安 / ,6.9
整蛊专家 整蠱專家,https://img3.doubanio.com/view/movie_poster_cover/lpst/public/p2164309000.jpg,王晶,1991-02-02(香港), 香港,刘德华 / 周星驰 / 关之琳 / 邱淑贞 / 吴孟达 / 李子雄 / 王晶 / 成奎安 / ,7.2
推手,https://img1.doubanio.com/view/movie_poster_cover/lpst/public/p1814163048.jpg,李安,1991-12-07(金马影展), 台湾 / 美国,郎雄 / 王莱 / 王伯昭 / Deb Snyder / ,8.4
逃学威龙 逃學威龍,https://img3.doubanio.com/view/movie_poster_cover/lpst/public/p2002724530.jpg,陈嘉上,1991-07-18(香港), 香港,周星驰 / 张敏 / 吴孟达 / 张耀扬 / 黄一山 / 秦沛 / 苑琼丹 / ,7.5
地球之夜 Night on Earth,https://img3.doubanio.com/view/movie_poster_cover/lpst/public/p957052935.jpg,吉姆·贾木许,1991-12-12, 法国 / 英国 / 德国 / 美国 / 日本,吉娜·罗兰兹 / 薇诺娜·瑞德 / 阿明·缪勒-斯塔尔 / 罗西·培瑞兹 / 伊萨赫·德·班克尔 / 碧翠斯·黛尔 / 罗伯托·贝尼尼 / 保罗·博纳切利 / 马蒂·佩龙帕 / ,8.3
棋王,https://img3.doubanio.com/view/movie_poster_cover/lpst/public/p2189107743.jpg,严浩,1991-09-06, 香港,梁家辉 / 岑建勋 / 严浩 / 杨林 / 王圣方 / 金士杰 / 陈冠中 / ,7.7
双旗镇刀客,https://img3.doubanio.com/view/movie_poster_cover/lpst/public/p2187341965.jpg,何平,1991, 中国大陆,高一玮 / 赵玛娜 / 常江 / 孙海英 / ,8.0
赌侠2：上海滩赌圣 賭俠II上海灘賭聖,https://img3.doubanio.com/view/movie_poster_cover/lpst/public/p1754079516.jpg,王晶,1991-08-21(香港), 香港,周星驰 / 巩俐 / 吕良伟 / 向华强 / 吴君如 / 吴孟达 / 黄韵诗 / 龙方 / ,7.1
情圣 情聖,https://img3.doubanio.com/view/movie_poster_cover/lpst/public/p2233066980.jpg,李力持,1991-10-10(香港), 香港,周星驰 / 毛舜筠 / 恬妞 / 叶子楣 / 午马 / 张耀扬 / 元华 / 朱咪咪 / 麦嘉 / ,7.1
赢钱专家,https://img3.doubanio.com/view/movie_poster_cover/lpst/public/p2164840246.jpg,王晶,1991-05-25, 香港,王晶 / 邱淑贞 / 吴君如 / 林正英 / 吴孟达 / 陈百祥 / ,5.9
东京爱情故事 東京ラブストーリー,https://img3.doubanio.com/view/movie_poster_cover/lpst/public/p2162780600.jpg,永山耕三,1991-01-07(日本), 日本,铃木保奈美 / 织田裕二 / 江口洋介 / 有森也实 / ,9.4
力王,https://img3.doubanio.com/view/movie_poster_cover/lpst/public/p1259775131.jpg,蓝乃才,1991-04-09, 香港 / 日本,樊少皇 / 樊梅生 / 何家驹 / 大岛由加利 / ,6.8
嫌疑犯 Guilty by Suspicion,https://img3.doubanio.com/view/movie_poster_cover/lpst/public/p2160198482.jpg,艾文·温克勒,1991-03-15, 法国 / 美国,罗伯特·德尼罗 / 安妮特·贝宁 / 乔治·温迪特 / ,7.3
人生七年5 35 Up,https://img3.doubanio.com/lpic/s2756844.jpg,迈克尔·艾普特,1991-09-08(多伦多电影节), 英国,,9.2
终极神鹰 Hudson Hawk,https://img3.doubanio.com/view/movie_poster_cover/lpst/public/p2199239485.jpg,迈克尔 莱曼,1991-05-24, 美国,Bruce Willis / Danny Aiello / ,5.9
特写 نمای نزدیک,https://img3.doubanio.com/view/movie_poster_cover/lpst/public/p2350715785.jpg,阿巴斯·基亚罗斯塔米,1990-09(意大利), 伊朗,,8.4
月中人 The Man in the Moon,https://img3.doubanio.com/view/movie_poster_cover/lpst/public/p2191708273.jpg,罗伯特·马利根,1991-10-04, 美国,萨姆·沃特森 / 瑞茜·威瑟斯彭 / ,7.9
梦二 夢二,https://img3.doubanio.com/view/movie_poster_cover/lpst/public/p1425902423.jpg,铃木清顺,1991-05-31, 日本,泽田研二 / 毬谷友子 / ,7.6
惊天12小时 驚天12小時,https://img1.doubanio.com/lpic/s3046229.jpg,王晶,1991-03-14, 香港,刘德华 / 谭咏麟 / 陈百祥 / 曾志伟 / 罗美薇 / ,6.7
大地的女儿 Daughters of the Dust,https://img3.doubanio.com/lpic/s1839744.jpg,茱莉·黛许,1991-09-10, 美国 / 英国,Cora Lee Day / Alva Rogers / Barbarao / Trula Hoosier / Umar Abdurrahamn / Adisa Anderson / Kaycee Moore / Bahni Turpin / Cheryl Lynn Bruce / Tommy Redmond Hicks / Tony King / Cornell Royal / Vertamae Grosvenor / Sherry Jackson / ,6.4
调情 Flirting,https://img1.doubanio.com/view/movie_poster_cover/lpst/public/p1337709738.jpg,约翰·杜根,1991-03-21, 澳大利亚,诺亚·泰勒 / 坦迪·牛顿 / 妮可·基德曼 / ,6.7
影与雾 Shadows and Fog,https://img3.doubanio.com/view/movie_poster_cover/lpst/public/p2182777394.jpg,伍迪·艾伦,1991-12-05, 美国,伍迪·艾伦 / 米亚·法罗 / 约翰·马尔科维奇 / ,7.1
龙虎戏凤 表姐，妳玩嘢！,https://img3.doubanio.com/view/movie_poster_cover/lpst/public/p2349470585.jpg,萧笙,1991-04-11(香港), 香港,郑裕玲 / 万梓良 / 胡慧中 / 吴孟达 / 任达华 / 黎姿 / 郭富城 / 王天林 / ,5.8
三月的狮子 三月のライオン,https://img3.doubanio.com/view/movie_poster_cover/lpst/public/p2153247562.jpg,矢崎仁司,1992-06-10(日本), 日本,趙方豪 / 伊藤清美 / 奥村公延 / ,7.6
眉间尺,https://img1.doubanio.com/lpic/s2562179.jpg,凌纾,, 中国大陆,,8.4
表姐，你好嘢！2,https://img1.doubanio.com/lpic/s2983268.jpg,张坚庭,1991-06-13, 香港,郑裕玲 / 李子雄 / 张坚庭 / 林蛟 / 周文健 / 吴雪雯 / 陈果 / 程守一 / ,7.0
太阳最寒冷的地方 Unde la soare e frig,https://img3.doubanio.com/view/movie_poster_cover/lpst/public/p676754701.jpg,Bogdan Dumitrescu,1991, 德国 / 罗马尼亚,Oana Pellea / ,8.6
秃鹰档案 禿鷹檔案,https://img3.doubanio.com/view/movie_poster_cover/lpst/public/p2349466032.jpg,李钊,1991-06-07(香港), 香港,李赛凤 / 莫少聪 / ,5.4
龙珠Z剧场版4：超级赛亚人孙悟空 ドラゴンボールZ 超サイヤ人だ孫悟空,https://img1.doubanio.com/lpic/s24438967.jpg,橋本光雄(Mitsuo Hashimoto),1991-03-19, 日本,,7.1
表姐，你好嘢！ 表姐，妳好嘢！,https://img1.doubanio.com/view/movie_poster_cover/lpst/public/p2204679567.jpg,张坚庭,1990-06-28, 香港,郑裕玲 / 梁家辉 / 张坚庭 / ,7.7
生活是甜蜜的 Life Is Sweet,https://img3.doubanio.com/view/movie_poster_cover/lpst/public/p2188838212.jpg,迈克·李,1990-11-15(伦敦电影节), 英国,艾莉森·斯戴曼 / 吉姆·布劳德本特 / Claire Skinner / 简·霍洛克斯 / 斯蒂芬·瑞 / 蒂莫西·斯波 / ,7.6
一触即发,https://img1.doubanio.com/view/movie_poster_cover/lpst/public/p2349397309.jpg,林岭东,1991-05-16, 香港,洪金宝 / 温碧霞 / 毛舜筠 / 尹扬明 / 黄光亮 / 梅爱芳 / ,6.3
铁汉狂奔 Harley Davidson and the Marlboro Man,https://img1.doubanio.com/view/movie_poster_cover/lpst/public/p2211952989.jpg,Simon Wincer,1991-08-23, 美国,Mickey Rourke / Don Johnson / ,7.0
天地玄门,https://img3.doubanio.com/view/movie_poster_cover/lpst/public/p2349418126.jpg,叶成康,1991-01-05, 香港,林正英 / 王祖贤 / 成奎安 / 黄秋生 / 黄一山 / 左颂升 / 高飞 / 刘兆铭 / ,6.1
幼儿园警探 Kindergarten Cop,https://img1.doubanio.com/view/movie_poster_cover/lpst/public/p2166195347.jpg,伊万·雷特曼,1991-05-23, 美国,阿诺·施瓦辛格 / 佩内洛普·安·米勒 / ,6.6
胜者为王 Billy Bathgate,https://img3.doubanio.com/lpic/s6998516.jpg,罗伯特·本顿,1991-11-01, 美国,达斯汀·霍夫曼 / 妮可·基德曼 / ,6.4
神探马如龙 神探馬如龍,https://img3.doubanio.com/lpic/s3056364.jpg,陈嘉上,1991-11-07, 香港,郑丹瑞 / 关之琳 / 刘松仁 / 李子雄 / ,5.8
猛鬼街6 Freddy's Dead: The Final Nightmare,https://img3.doubanio.com/view/movie_poster_cover/lpst/public/p2177124941.jpg,瑞秋·塔拉蕾,1991-09-05, 美国,罗伯特·英格兰德 / 丽萨·赞恩 / Shon Greenblatt / Lezlie Deane / Ricky Dean Logan / 布瑞金·梅耶 / 亚非特·科托 / 汤姆·阿诺德 / 罗西妮·巴尔 / 埃莉诺·多纳约 / 约翰尼·德普 / Cassandra Rachel Friel / David Dunard / Marilyn Rockafellow / ,6.2
极道追踪 極道追蹤,https://img3.doubanio.com/view/movie_poster_cover/lpst/public/p2349523485.jpg,许鞍华,1991-07-20, 香港,刘德华 / 钟楚红 / 庹宗华 / 孙鹏 / 石田纯一 / ,6.4
子弹出租 子彈出租,https://img1.doubanio.com/view/movie_poster_cover/lpst/public/p2349413498.jpg,袁俊文,1991, 香港,张学友 / 任达华 / 狄威 / 罗烈 / 陈淑兰 / 周秀兰 / ,6.2
地下兵工厂 地下兵工廠,https://img3.doubanio.com/lpic/s4188423.jpg,袁俊文,1991-05-30, 香港,杨丽菁 / 李丽珍 / 徐宝华 / 郭追 / 李道谕 / 李子雄 / 仇云波 / 许绍雄 / 梁锦燊 / ,5.7
火爆浪子,https://img3.doubanio.com/view/movie_poster_cover/lpst/public/p2239119901.jpg,王龙威,1991-09-14, 香港,林国斌 / 吕颂贤 / 梁婉静 / ,5.5
烈火金钢,https://img1.doubanio.com/view/movie_poster_cover/lpst/public/p2166451098.jpg,江浩,1991, 中国,申军谊 / 赵小锐 / 宋春丽 / 李强 / 葛优 / 梁天 / 舒耀瑄 / ,7.3
锅盖头 Jarhead,https://img3.doubanio.com/view/movie_poster_cover/lpst/public/p1084788534.jpg,萨姆·门德斯,2005-11-04(美国), 美国 / 德国,杰克·吉伦哈尔 / 杰米·福克斯 / 彼得·萨斯加德 / 卢卡斯·布莱克 / 布莱恩·格拉格提 / 凯瑟琳·鲁道夫 / 丹德里·泰勒 / 布莱安娜·戴维斯 / 克里斯·库珀 / Evan Jones / 马蒂·帕帕奇安 / ,7.4
光荣的世界 Härlig är jorden,https://img3.doubanio.com/view/movie_poster_cover/lpst/public/p2239575670.jpg,罗伊·安德森,, 瑞典,Klas-Gösta Olsson / Lennart Björklund / Christer Christensen / Bernard Eiger / Rolf Engström / Gun Fors / Udo Kühnapas / Hans Söderblom / ,7.8
亨特小屋的秘密 Poirot: The Mystery of Hunter's Lodge,https://img1.doubanio.com/view/movie_poster_cover/lpst/public/p2178993137.jpg,兰尼·雷,1991-03-10, 英国,大卫·苏切特 / 菲利普·杰克森 / ,7.7
魔笛 Die Zauberflöte,https://img3.doubanio.com/lpic/s3328630.jpg,Brian Large,1991, 美国,Kathleen Battle / Francisco Araiza / Manfred Hemm / Kurt Moll / ,8.7
隐身博士,https://img3.doubanio.com/view/movie_poster_cover/lpst/public/p2231114890.jpg,张子恩,1991, 中国大陆,常蓝天 / 白兰妹 / ,7.0
但是……在这个扔弃福祉的时代 しかし…福祉切り捨ての時代に,https://img3.doubanio.com/lpic/s1842233.jpg,是枝裕和,1991, 日本,,"
    "
澳洲爵士春秋 Dingo,https://img3.doubanio.com/lpic/s2341094.jpg,洛夫·德·希尔,1991-12, 澳大利亚 / 法国,科林·弗瑞尔斯 / 迈尔斯·戴维斯 / ,"
    "
"语词，语词，语词 Reci, reci, reci...",https://img3.doubanio.com/lpic/s3927116.jpg,米谢拉·帕夫拉托娃,1991-08(加拿大蒙特利尔电影节), 捷克斯洛伐克,,8.7
决战之后,https://img3.doubanio.com/lpic/s2141714.jpg,李前宽,, 中国大陆,古月 / 李法曾 / ,7.5
仙乐飘飘处处闻 トラップ一家物語,https://img1.doubanio.com/view/movie_poster_cover/lpst/public/p2282587418.jpg,楠葉宏三,1991-01-13, 日本,,8.7
联手警探,https://img1.doubanio.com/view/movie_poster_cover/lpst/public/p2349629968.jpg,郭宝昌,1991-06-14, 中国大陆 / 香港,于荣光 / 洪宇宙 / 张艳丽 / 宁静 / ,6.3
龙珠Z剧场版5：最强对最强 ドラゴンボールZ とびっきりの最強対最強,https://img3.doubanio.com/view/movie_poster_cover/lpst/public/p2195437385.jpg,橋本光夫,1991-07-20(日本), 日本 / 美国,野泽雅子 / 古川登志夫 / 田中真弓 / 宫内幸平 / 永井一郎 / 中尾隆圣 / 速水奖 / 平野正人 Masato Hirano / 佐藤正治 Masaharu Satô / ,7.5
火种,https://img3.doubanio.com/view/movie_poster_cover/lpst/public/p2228878881.jpg,陈鎏,, 香港,李赛凤 / 大岛由加利 / 胡慧中 / 白彪 / 罗烈 / 黄子扬 / 杨菁菁 / 苏菲亚 / ,6.5
神捕铁中英,https://img3.doubanio.com/f/movie/30c6263b6db26d055cbbe73fe653e29014142ea3/pics/movie/movie_default_large.png,王薇,1991, 中国大陆,安亚平 / 赵雪芹 / 张琪 / ,6.0
追魂伞 追魂傘,https://img3.doubanio.com/view/movie_poster_cover/lpst/public/p2354005892.jpg,毛强邦,1991-1-1, 台湾,林正英 / 吴家丽 / 黄子扬 / 肖玉龙 / ,4.3
千年魔界,https://img1.doubanio.com/view/movie_poster_cover/lpst/public/p2219279417.jpg,赖盷,1991-06-27, 香港,龙天翔 / 谷峰 / 李建平 / 徐京善 / 田明 / 谢万益 / 钟震宏 / ,4.8
玻璃玫瑰 Homo Faber,https://img3.doubanio.com/view/movie_poster_cover/lpst/public/p1719032330.jpg,沃尔克·施隆多夫,1991-09-04, 法国 / 德国 / 希腊 / 英国,朱莉·德尔佩 / ,7.4
致命情挑 Under Suspicion,https://img3.doubanio.com/view/movie_poster_cover/lpst/public/p992846801.jpg,西蒙·摩尔,1991-09-27(英国), 英国,连姆·尼森 / 肯尼思·库兰汉姆 / Maggie O'Neill / ,6.6
大侦探波洛 第三季 Agatha Christie's Poirot Season 3,https://img3.doubanio.com/view/movie_poster_cover/lpst/public/p1958730594.jpg,兰尼·雷,1991-01-06(英国), 英国,大卫·苏切特 / 休·弗拉瑟 / 菲利普·杰克森 / ,9.1
后羿射日,https://img3.doubanio.com/f/movie/30c6263b6db26d055cbbe73fe653e29014142ea3/pics/movie/movie_default_large.png,晓宵,1991, 中国大陆,,"
    "
着牛仔裤的钟馗 著牛仔褲的鐘馗,https://img1.doubanio.com/view/movie_poster_cover/lpst/public/p1936735209.jpg,黎继明,1991-05-23, 香港,成奎安 / 叶蕴仪 / 王小凤 / ,6.3
狂奔天涯 Not Without My Daughter,https://img1.doubanio.com/view/movie_poster_cover/lpst/public/p2250548149.jpg,布赖恩 吉尔伯特 (Brian Gilbert),1991-01-11, 美国,莎莉·菲尔德 / 阿尔弗雷德·莫里纳 / ,7.9
魔画情 魔畫情,https://img3.doubanio.com/view/movie_poster_cover/lpst/public/p2204695943.jpg,黄泰来,1991-04-04, 香港,王祖贤 / 梁朝伟 / 秦沛 / 田丰 / 叶德娴 / ,6.1
大峡谷 Grand Canyon,https://img3.doubanio.com/lpic/s8167191.jpg,劳伦斯·卡斯丹,1992-01-10, 美国,丹尼·格洛弗 / 凯文·克莱恩 / 史蒂夫·马丁 / 玛丽·麦克唐纳 / 玛丽·露易斯·帕克 / ,7.3
魔唇劫,https://img1.doubanio.com/lpic/s3317088.jpg,王振仰,1991-06-07, 香港,甄子丹 / 周海媚 / 杨宝玲 / 卢惠光 / 林国斌 / ,4.7
地中海 Mediterraneo,https://img3.doubanio.com/view/movie_poster_cover/lpst/public/p1580451416.jpg,加布里埃尔·萨瓦托雷斯,1991-01-31, 意大利,万娜·芭巴 / 克罗迪奥·毕高利 / Giuseppe Cederna / ,8.0
街头俏妞 Curly Sue,https://img1.doubanio.com/view/movie_poster_cover/lpst/public/p2077640859.jpg,约翰·休斯,1991-10-25, 美国,James Belushi / Kelly Lynch / Alisan Porter / John Getz / ,7.6
清凉寺钟声,https://img1.doubanio.com/view/movie_poster_cover/lpst/public/p2412350517.jpg,谢晋,1991, 香港 / 日本 / 中国大陆,濮存昕 / 栗原小卷 / 栗原小卷 / 丁一 / ,7.9
西班牙箱子之谜 Poirot：The Mystery of the Spanish Chest,https://img3.doubanio.com/view/movie_poster_cover/lpst/public/p2178991424.jpg,安德鲁·格里弗,1991-02-17, 英国,大卫·苏切特 / 休·弗拉瑟 / 菲利普·杰克森 / Caroline Langrishe / ,7.9
富贵吉祥,https://img3.doubanio.com/view/movie_poster_cover/lpst/public/p2349513503.jpg,冼杞然,1991-02-13, 香港,林子祥 / 张曼玉 / 张学友 / 周慧敏 / 沈殿霞 / 许绍雄 / 文隽 / 苑琼丹 / ,6.3
双重线索 Poirot：The Double Clue,https://img3.doubanio.com/view/movie_poster_cover/lpst/public/p2178995231.jpg,安德鲁·派丁顿,1991-02-10, 英国,大卫·苏切特 / 休·弗拉瑟 / 菲利普·杰克森 / 保琳·莫兰 / 基卡·马卡姆 / ,7.5
BEYOND日记之莫欺少年穷 BEYOND日記之莫欺少年窮,https://img3.doubanio.com/view/movie_poster_cover/lpst/public/p1209935896.jpg,宋豪辉,1991-08-29, 香港,黄家驹 / 黄贯中 / 黄家强 / 叶世荣 / 万绮雯 / ,7.9
蝎子战士 蠍子戰士,https://img3.doubanio.com/lpic/s1981761.jpg,黎大炜,1992-09-10(德国), 香港,钱嘉乐 / 刘家良 / 罗美薇 / 元振 / ,7.3
百万美元证券失窃案 Poirot: The Million Dollar Bond Robbery,https://img3.doubanio.com/view/movie_poster_cover/lpst/public/p2178986882.jpg,Andrew Grieve,1991-01-13, 英国,大卫·苏切特 / 休·弗拉瑟 / 保琳·莫兰 / Lizzy McInnerny / ,7.5
蜂窝谜案 Poirot: Wasps' Nest,https://img3.doubanio.com/view/movie_poster_cover/lpst/public/p2178992416.jpg,Brian Farnham,1991-01-27, 英国,大卫·苏切特 / 休·弗拉瑟 / 菲利普·杰克森 / 保琳·莫兰 / 彼得·卡帕尔蒂 / ,7.9
古墓荒斋,https://img1.doubanio.com/view/movie_poster_cover/lpst/public/p2230618277.jpg,谢铁骊,1991, 中国大陆,邢岷山 / 傅艺伟 / 周迅 / 胡天鸽 / 陈莎莎 / 夏宗学 / ,7.0
天堂 Paradise,https://img3.doubanio.com/lpic/s2576505.jpg,Mary Agnes Donoghue,1991-09-12, 美国,Melanie Griffith / Don Johnson / Elijah Wood / Thora Birch / Eve Gordon / ,"
    "
花园疑案 Poirot：How Does Your Garden Grow?,https://img3.doubanio.com/view/movie_poster_cover/lpst/public/p2178994200.jpg,Brian Farnham,1991-01-06, 英国,大卫·苏切特 / 休·弗拉瑟 / 菲利普·杰克森 / 保琳·莫兰 / ,7.5
日月神剑 日月神劍,https://img3.doubanio.com/lpic/s2835164.jpg,方俊华,1991-01-21(香港), 香港,张卫健 / 郭晋安 / ,8.0
YES一族,https://img3.doubanio.com/view/movie_poster_cover/lpst/public/p2245217805.jpg,罗卓瑶,1991-09-07(香港), 香港,黎明 / 周慧敏 / 蔡一杰 / 蔡一智 / 苏志威 / ,6.8
雪山飞狐 雪山飛狐,https://img3.doubanio.com/view/movie_poster_cover/lpst/public/p1444868193.jpg,李朝永,, 中国大陆 / 台湾,孟飞 / 龚慈恩 / 伍宇娟 / 慕思成 / 汤镇宗 / ,7.8
上海一家人,https://img1.doubanio.com/view/movie_poster_cover/lpst/public/p2230614067.jpg,李莉,1991, 中国大陆,李羚 / 何伟 / 谢园 / 曹翠芬 / ,8.4
聊斋惊艳 聊齋驚艷,https://img1.doubanio.com/view/movie_poster_cover/lpst/public/p2273828249.jpg,林义雄,1991, 香港,谷峰 / 邵音音 / 房勉 / 邓仲坤 / ,"
    "
百乐门现场 Nirvana: Live at the Paramount,https://img1.doubanio.com/lpic/s11122898.jpg,Mark Racco,2011-09-27, 美国,科特·柯本 / Dave Grohl / ,9.5
世界奇妙物语  第二期 世にも奇妙な物語  第2期,https://img3.doubanio.com/lpic/s2740661.jpg,外田明广,1991-01-10(日本), 日本,阿部寛 / 和久井映見 / ,8.5
狡猾飞天德 第一季 Darkwing Duck Season 1,https://img3.doubanio.com/lpic/s3121351.jpg,,1991-09-08, 美国,,7.9
宋飞正传 第二季 Seinfeld Season 2,https://img3.doubanio.com/lpic/s4106326.jpg,Larry David,1991-01-23(美国), 美国,Jerry Seinfeld / Jason Alexander / Michael Richards / ,8.9
特技双雄 特技雙雄,https://img1.doubanio.com/view/movie_poster_cover/lpst/public/p2363943347.jpg,周华宇,1991, 香港,钱小豪 / 张卫健 / Jacqueline Law / 陈明君 / Yan-San Au / 查传谊 / Bing-Choi Chan / Chi Fai Chan / Kwok-Yau Chan / 郑雷 / Hoi-Chi Chiu / Shu-Pau Ho / 罗礼贤 / Kin-Ping Leung / ,"
    "
希望城市 City of Hope,https://img1.doubanio.com/lpic/s2608339.jpg,约翰·塞尔斯,1991-10-11, 美国,文森特·斯帕诺 / Stephen Mendillo / ,7.6
烈火危情 Lie huo wei qing,https://img3.doubanio.com/view/movie_poster_cover/lpst/public/p2349490850.jpg,萧伟强,2/3/1991, 香港,吕良伟 / 李美凤 / 任达华 / ,"
    "
天才也疯狂 What About Bob?,https://img3.doubanio.com/lpic/s2183245.jpg,弗兰克·奥兹,1991-05-17(美国), 美国,比尔·默瑞 / 理查德·德莱弗斯 / 朱丽·哈基提 / 查理·科斯莫 / 凯瑟琳·厄布 / 汤姆·奥尔德里奇 / 苏珊·威利斯 / 罗杰·鲍恩 / 弗兰·布里尔 / 多丽丝·布莱克 / 梅林达·穆林斯 / Marcella Lowery / 芭芭拉·安德烈斯 / 艾达·特托罗 / ,7.0
铁钩船长 Hook,https://img3.doubanio.com/view/movie_poster_cover/lpst/public/p1283237802.jpg,史蒂文·斯皮尔伯格,1991-12-11, 美国,达斯汀·霍夫曼 / 罗宾·威廉姆斯 / 朱莉娅·罗伯茨 / 鲍勃·霍斯金斯 / 玛吉·史密斯 / 卡罗琳·古多尔 / 查理·科斯莫 / 安玻·斯科特 / Laurel Cronin / 菲尔·柯林斯 / 阿瑟·马利特 / Isaiah Robinson / Jasen Fisher / 丹特·巴斯克 / ,6.9
金钱太保 Other People's Money,https://img3.doubanio.com/lpic/s2576006.jpg,诺曼·杰威森,1991-10-18, 美国,丹尼·德维托 / 格利高里·派克 / ,7.7
阮玲玉,https://img1.doubanio.com/view/movie_poster_cover/lpst/public/p768817927.jpg,关锦鹏,"1991-11-29(台湾),1992-02-20(香港)", 香港,张曼玉 / 吴启华 / 刘嘉玲 / 梁家辉 / 叶童 / 秦汉 / 李子雄 / ,8.4
灵犬宾果 Bingo,https://img1.doubanio.com/view/movie_poster_cover/lpst/public/p2378175817.jpg,马修 罗宾斯 (Matthew Robbins (I)),1991-08-09, 美国,Robert J. Steinmiller Jr. / 大卫·拉斯彻 / ,8.6
阶梯下的恶魔 The People Under the Stairs,https://img1.doubanio.com/view/movie_poster_cover/lpst/public/p1133842117.jpg,韦斯·克雷文,1991-11-01, 美国,布兰登·昆恩·亚当斯 / 埃沃雷特·麦克吉尔 / ,6.9
落花坡情仇,https://img3.doubanio.com/view/movie_poster_cover/lpst/public/p2205059356.jpg,李妮,, 中国大陆,高发 / 黄国强 / 刘红梅 / 周舟 / ,6.4
北京小妞,https://img3.doubanio.com/lpic/s4249393.jpg,秦志钰,1991, 中国大陆,高放 / 侯耀华 / 凌元 / 马雅舒 / ,7.3
冲击天子门生 衝擊天子門生,https://img3.doubanio.com/view/movie_poster_cover/lpst/public/p2222651411.jpg,罗烈 (Lieh Lo),1991, 香港,刘德华 / 张耀扬 / 王祖贤 / 鲍方 / 黄光亮 / 于莉 / 罗烈 / ,6.1
婚姻勿语 婚姻勿語,https://img1.doubanio.com/view/movie_poster_cover/lpst/public/p2376797179.jpg,李志毅,1991-03-28, 香港,叶童 / 梁家辉 / 关之琳 / 尔冬升 / ,7.4
蓝色霹雳火 藍色霹靂火,https://img3.doubanio.com/lpic/s1501985.jpg,李惠民 (Raymond Lee),1991-06-06, 香港,李修贤 / 梁家辉 / ,6.2
恐怖桃源 ワールド・アパートメント・ホラー,https://img3.doubanio.com/view/movie_poster_cover/lpst/public/p2153421010.jpg,大友克洋,1991-04-05, 日本,SABU / 中村友梨香 / 中川喜美子 / 清水宏 / ,5.6
马利纳 Malina,https://img3.doubanio.com/lpic/s3091221.jpg,沃纳·施罗德,1991-01-17, 德国 / 奥地利,伊莎贝尔·于佩尔 / 马修·加里瑞 / Can Togay / Fritz Schediwy / ,7.7
何日君再来 何日君再來,https://img3.doubanio.com/view/movie_poster_cover/lpst/public/p2349427396.jpg,区丁平,1991-03-28, 香港,梁家辉 / 梅艳芳 / 吴家丽 / 徐少强 / 曾江 / 赤井英和 / 青山知可子 / ,7.4
福尔摩斯新探案 The Case-Book of Sherlock Holmes,https://img1.doubanio.com/lpic/s1789879.jpg,约翰·麦登,1991-02-21, 美国 / 英国,杰瑞米·布雷特 / ,9.4
烛光里的微笑,https://img3.doubanio.com/lpic/s6919536.jpg,吴天忍,1991, 中国大陆,宋晓英 / 丁嘉元 / 杨津 / 张宏伟 / 唐黎 / 王芝斌 / 徐圣翌 / 杨奇珺 / 张芝华 / 陈鸿梅 / 周国宾 / 郁锦花 / 杨宝龙 / 张妙珍 / 刘申生 / 吴任远 / ,7.5
舞会谜案 Poirot: The Affair at the Victory Ball,https://img3.doubanio.com/view/movie_poster_cover/lpst/public/p2178991076.jpg,兰尼·雷,1991-03-03, 英国,,7.8
爱情是什么 사랑이 뭐길래,https://img3.doubanio.com/lpic/s3678640.jpg,朴哲,1991-11-23(韩国), 韩国,崔民秀 / 夏希罗 / 李顺载 / 金惠子 / ,8.9
主要嫌疑犯1：致命代价 Prime Suspect,https://img3.doubanio.com/view/movie_poster_cover/lpst/public/p2453428482.jpg,克里斯托弗·梅诺尔,1991-04-07, UK / 英国,海伦·米伦 / 汤姆·贝尔 / ,8.6
正气大侠 ジャンケンマン,https://img1.doubanio.com/lpic/s3880848.jpg,,1991-04-04(日本), 日本,远藤彻哉 / 高桥奈都子 / 吉田浩 / 松浦錠平 / 土蛇我現 / 勝亦祥視 / 日下直義 / ,7.8
致命魔术 The Prestige,https://img3.doubanio.com/view/movie_poster_cover/lpst/public/p480383375.jpg,克里斯托弗·诺兰,2006-10-20(美国), 美国 / 英国,克里斯蒂安·贝尔 / 休·杰克曼 / 迈克尔·凯恩 / 斯嘉丽·约翰逊 / 丽贝卡·豪尔 / 大卫·鲍伊 / ,8.8
哑妻 啞妻,https://img3.doubanio.com/view/movie_poster_cover/lpst/public/p2392671052.jpg,沈怡,1990-03-15, 台湾,刘雪华 / 林瑞阳 / 赵永馨 / 阮虔芷 / ,6.6
12个温柔的日本人 12人の優しい日本人,https://img1.doubanio.com/view/movie_poster_cover/lpst/public/p2089041849.jpg,中原俊,1991-12-14, 日本,盐见三省 / 相岛一之 / 上田耕一 / 二瓶鲛一 / 中村礼子 / 大河内浩 / 梶原善 / 山下容莉枝 / 村松克巳 / 林美智子 / 丰川悦司 / 加藤善博 / 久保晶 / ,8.0
再世惊魂,https://img3.doubanio.com/lpic/s3766411.jpg,伍润泉,1991, 香港,龚慈恩 / 林立三 / 马宝颛 / 谭荣杰 / ,7.3
绞车遗失的语言 The Lost Language of Cranes,https://img3.doubanio.com/lpic/s2147553.jpg,Nigel Finch,"1991-11-14 (London Film Festival),1992-02-09 (UK broadcast)", UK / USA,布莱恩·考克斯 / Eileen Atkins / Angus Macfadyen / Corey Parker / 雷内·奥博诺伊斯 / ,7.5
武士警官 Samurai Cop,https://img3.doubanio.com/lpic/s6809944.jpg,Amir Shervan,1991-11-01(美国), 美国,Mathew Karedas / Mark Frazer / 罗伯特·齐达 / Janis Farley / ,"
    "
莫斯科地铁：地下庙堂 Московское метро: Подземный храм коммунизма,https://img1.doubanio.com/view/movie_poster_cover/lpst/public/p2156304628.jpg,Igor Minaev,, 法国,,"
    "
强殖装甲 Guyver,https://img3.doubanio.com/lpic/s2227384.jpg,Screaming Mad George,1992-09-10, 美国 / 日本,Jack Armstrong / Vivian Wu / ,4.4
少年张三丰 少年張三豐,https://img1.doubanio.com/lpic/s3113968.jpg,王钟,1991, 台湾,何家劲 / 魏秋桦 / ,7.3
地狱番犬 ケルベロス-地獄の番犬,https://img3.doubanio.com/view/movie_poster_cover/lpst/public/p2381883446.jpg,押井守,1991, 日本,千叶繁 / 藤木义胜 / 松山鹰志 / ,6.7
黃子華栋笃笑之色情家庭,https://img1.doubanio.com/view/movie_poster_cover/lpst/public/p2353716227.jpg,黄子华,1991-3-14, 香港,,9.3
烈血青春,https://img1.doubanio.com/lpic/s6954627.jpg,,1991, 新加坡,陈丽贞 / 沈金兴 / ,"
    "
回火 Backdraft,https://img3.doubanio.com/view/movie_poster_cover/lpst/public/p1391764636.jpg,朗·霍华德,1991-05-24, 美国,威廉·鲍德温 / 罗伯特·德尼罗 / 库尔特·拉塞尔 / 唐纳德·萨瑟兰 / ,7.5
直到世界尽头 Bis ans Ende der Welt,https://img1.doubanio.com/view/movie_poster_cover/lpst/public/p2282549699.jpg,维姆·文德斯,1991-09-12, 德国 / 法国 / 澳大利亚,索尔维格·多马尔坦 / 威廉·赫特 / Pietro Falcone / Enzo Turrin / 奇克·奥尔特加 / 埃迪·米切尔 / 阿德尔·卢茨 / 厄尼·丁戈 / Jean-Charles Dumay / 山姆·尼尔 / Ernest Berk / ,8.1
五虎将之决裂,https://img3.doubanio.com/view/movie_poster_cover/lpst/public/p2349417502.jpg,曾志伟,1991-07-03, 香港,刘德华 / 梁朝伟 / 汤镇业 / 黄日华 / 苗侨伟 / 梁家仁 / 温碧霞 / 成奎安 / 陈欣健 / 蓝洁瑛 / 陈观泰 / ,6.7
小鬼三个爸 老豆唔怕多,https://img3.doubanio.com/view/movie_poster_cover/lpst/public/p2349422081.jpg,高志森,1991-12-24, 香港,洪金宝 / 黄百鸣 / 小彬彬 / 毛舜筠 / 廖伟雄 / 黄光亮 / 黄贯中 / 谭倩红 / ,6.5
非洲和尚,https://img3.doubanio.com/view/movie_poster_cover/lpst/public/p2233067101.jpg,陈会毅,1991-07-05, 香港,历苏 / 林正英 / 陈山河 / 陈龙 / 周星驰 / 吴孟达 / ,6.9
八月狂想曲 八月の狂詩曲,https://img1.doubanio.com/view/movie_poster_cover/lpst/public/p1590633839.jpg,黑泽明,1991-05-25, 日本,井川比佐志 / 茅岛成美 / 根岸季衣 / 吉冈秀隆 / ,7.7
魔鬼歼击者 Stone Cold,https://img3.doubanio.com/lpic/s2139524.jpg,克雷格 R. 巴克斯利 (Craig R. Baxley),1991-05-17, 美国,Brian Bosworth / Lance Henriksen / William Forsythe / Arabella Holzbog / Sam McMurray / ,"
    "
雪地上的女尸 Poirot：The Theft of the Royal Ruby,https://img1.doubanio.com/view/movie_poster_cover/lpst/public/p2178991928.jpg,安德鲁·格里弗,1991-02-24, 英国,,7.4
睡仙 The Sandman,https://img3.doubanio.com/lpic/s3890036.jpg,保罗·贝瑞,2001-01-02, 英国,,6.7
克拉姆一家 Krummerne,https://img3.doubanio.com/lpic/s1646160.jpg,Sven Methling,1991-10-04(丹麦), 丹麦,Laus Høybye / Dick Kaysø / ,9.0
感谢你生活 'Merci la vie',https://img3.doubanio.com/lpic/s3577552.jpg,贝特朗·布里叶,1991-03-13, 法国,阿诺克·格林布戈 / 夏洛特·甘斯布 / 米歇尔·布朗 / 杰拉尔·德帕迪约 / ,7.2
五福星撞鬼,https://img3.doubanio.com/view/movie_poster_cover/lpst/public/p2042949665.jpg,洪金宝,1992-03-27, 香港,洪金宝 / 曾志伟 / 吴耀汉 / 陈百祥 / 冯淬帆 / 秦祥林 / 胡慧中 / 邱月清 / 陈妙瑛 / ,6.3
潮浪王子 The Prince of Tides,https://img1.doubanio.com/lpic/s4414259.jpg,芭芭拉·史翠珊,1991-12-25, 美国,尼克·诺特 / 芭芭拉·史翠珊 / 布莱思·丹纳 / ,7.8
黑雪,https://img3.doubanio.com/lpic/s4233996.jpg,姜大卫,1991-06-14, 香港,张曼玉 / 张学友 / 王敏德  / 郭锦恩 / 郭耀华 / 胡枫 / 姜大卫 / ,6.3
欲望旅馆 Desire and Hell at Sunset Motel,https://img3.doubanio.com/lpic/s3996340.jpg,Alien Castle,, 美国,雪琳·芬 / Whip Hubley / ,"
    "
剪刀 Scissors,https://img3.doubanio.com/view/movie_poster_cover/lpst/public/p2347307376.jpg,弗兰克·德·费里塔,, 美国,莎朗·斯通 / 罗尼·考克斯 / ,6.8
裸体午餐 Naked Lunch,https://img3.doubanio.com/view/movie_poster_cover/lpst/public/p2186935450.jpg,大卫·柯南伯格,1991-12-27, 加拿大 / 英国 / 日本,彼得·威勒 / 朱迪·戴维斯 / 伊安·霍姆 / 朱利安·山德斯 / 罗伊·沙伊德尔 / 莫妮克·梅居尔 / 尼古拉斯·坎贝尔 / Michael Zelniker / Robert A. Silverman / Joseph Scoren / Peter Boretski / Yuval Daniel / John Friesen / Sean McCann / ,7.5
就职战线无异状 就職戦線異状なし,https://img3.doubanio.com/view/movie_poster_cover/lpst/public/p2328740186.jpg,金子修介,1991-06-22(日本), 日本,织田裕二 / 仙道敦子 / 的场浩司 / 和久井映见 / ,7.0
机动战士高达0083 星尘的回忆 機動戦士ガンダム0083 STARDUST MEMORY,https://img3.doubanio.com/view/movie_poster_cover/lpst/public/p2276354476.jpg,加瀬充子,1991-05-23(日本), 日本,堀川亮 / 佐久间玲 / 大塚明夫 / ,9.0
星际旅行6：未来之城 Star Trek VI: The Undiscovered Country,https://img3.doubanio.com/view/movie_poster_cover/lpst/public/p2209381781.jpg,尼古拉斯·梅耶,1991-12-06, 美国,威廉·夏特纳 / 伦纳德·尼莫伊 / 德福雷斯特·凯利 / 詹姆斯·杜汉 / ,7.6
无能的人 無能の人,https://img1.doubanio.com/view/movie_poster_cover/lpst/public/p2153749279.jpg,竹中直人,1991-11-02(日本), 日本,竹中直人 / 风吹淳 / ,7.8
豪情四海 Bugsy,https://img3.doubanio.com/view/movie_poster_cover/lpst/public/p2239163255.jpg,巴瑞·莱文森,1991-12-20, 美国,沃伦·比蒂 / 安妮特·贝宁 / 哈威·凯特尔 / ,7.8
马斯顿庄园的悲剧 Poirot: The Tragedy at Marsdon Manor,https://img3.doubanio.com/view/movie_poster_cover/lpst/public/p2178990900.jpg,兰尼·雷,1991-02-03(英国), 英国,大卫·苏切特 / 菲利普·杰克森 / ,7.5
亚特兰蒂斯 Atlantis,https://img3.doubanio.com/lpic/s4603304.jpg,吕克·贝松,1991-08-21(法国), 法国 / 意大利,,8.1
逃离“自由”电影院 Ucieczka z kina 'Wolność',https://img3.doubanio.com/view/movie_poster_cover/lpst/public/p1904688194.jpg,Wojciech Marczewski,1991, 波兰,Janusz Gajos / Wojciech Marczewski / ,7.8
操纵 Manipulation,https://img1.doubanio.com/lpic/s1507747.jpg,丹尼尔·格瑞弗斯,, 英国,,7.1
阳炎 陽炎,https://img1.doubanio.com/lpic/s3271438.jpg,五社英雄,1991-02-09(日本), 日本,樋口可南子 / 仲代达矢 / 本木雅弘 / 荻野目庆子 / 片濑梨乃 / 川谷拓三 / 竹中直人 / 夏八目薫 / 神山繁 / 丹波哲郎 / 绪形拳 / ,7.1
机器人老爸 And You Thought Your Parents Were Weird,https://img3.doubanio.com/view/movie_poster_cover/lpst/public/p2245548071.jpg,Tony Cookson,1991-11-15, 美国,Marcia Strassman / Joshua John Miller / ,8.0
黑暗之心 Hearts of Darkness: A Filmmaker's Apocalypse,https://img3.doubanio.com/view/movie_poster_cover/lpst/public/p2205255274.jpg,Fax Bahr,1991-11-27(美国), 美国,弗朗西斯·福特·科波拉 / 埃莉诺·科波拉 / 奥逊·威尔斯 / 约翰·米利厄斯 / 乔治·卢卡斯 / Tom Sternberg / 山姆·伯顿斯 / 阿尔伯特·海尔 / ,8.5
日出时让悲伤终结 Tous les matins du monde,https://img3.doubanio.com/view/movie_poster_cover/lpst/public/p613051123.jpg,阿兰·柯诺,1991-12-18, 法国,杰拉尔·德帕迪约 / 让-皮埃尔·马里埃尔 / 安妮·波诺什 / ,8.2
芬兰汤姆 Tom of Finland,https://img1.doubanio.com/view/movie_poster_cover/lpst/public/p1896959507.jpg,Ilppo Pohjola,1991-10-18, 芬兰,,8.2
不羁的美女 La belle noiseuse,https://img3.doubanio.com/view/movie_poster_cover/lpst/public/p2443578855.jpg,雅克·里维特,"1991-09-04(法国),1992-01(德国)", 法国 / 瑞士,米歇尔·皮寇利 / 简·伯金 / 艾曼纽·贝阿 / ,7.1
鹳鸟踟蹰 Το μετέωρο βήμα του πελαργού,https://img1.doubanio.com/lpic/s2679219.jpg,西奥·安哲罗普洛斯,1991-09-13, 法国 / 意大利 / 希腊 / 瑞士,Marcello Mastroianni / ,8.7
战争与青春 戦争と青春,https://img3.doubanio.com/view/movie_poster_cover/lpst/public/p2320495291.jpg,今井正,1991-09-14, 日本,,7.9
源氏物语 源氏物語,https://img1.doubanio.com/lpic/s4394608.jpg,鴨下信一,1991-12-27(日本), 日本,东山纪之 / 片岡孝夫 / 大原丽子 / 三田佳子 / 竹下景子 / 香川照之 / 若尾文子 / 泽口靖子 / 森光子 / 石坂浩二 / 北村和夫 / ,7.8
儿子 息子,https://img3.doubanio.com/view/movie_poster_cover/lpst/public/p2153263566.jpg,山田洋次,1991-10-12(日本), 日本,永濑正敏 / 三国连太郎 / 和久井映见 / 浅田美代子 / 浅利香津代 / 原田美枝子 / 碇矢长介 / 松村达雄 / 中本贤 / 中村芽衣子 / 奈良冈朋子 / 小仓一郎 / 音无美紀子 / ,8.8
绽放 blossom,https://img3.doubanio.com/lpic/s4691016.jpg,Don Reo,1991-01-03, 美国,马伊姆·拜力克 / ,"
    "
时间简史 A Brief History of Time,https://img3.doubanio.com/view/movie_poster_cover/lpst/public/p2175377413.jpg,埃罗尔·莫里斯,1991-10, 英国 / 日本 / 美国,史蒂芬·霍金 / Isobel Hawking / ,7.1
风暴战士奥钢 DETONATORオーガン,https://img1.doubanio.com/lpic/s3845298.jpg,大张正已,1991, 日本,山寺宏一 / オーガン：山寺宏一 / 冬马由美 / 篠原惠美 / 笠原弘子 / アイザック：田中信夫 / 关俊彦 / ,7.6
大决战2：淮海战役,https://img3.doubanio.com/lpic/s2182763.jpg,李俊,, 中国大陆,古月 / 苏林 / 卢奇 / 傅学诚 / 刘锡田 / 谢伟才 / ,7.4
丁丁历险记 第一季 The Adventures of Tintin Season 1,https://img1.doubanio.com/view/movie_poster_cover/lpst/public/p2153205937.jpg,Stéphane Bernasconi,1991-10-02, 法国 / 加拿大,Colin O'Meara / David Fox / 韦恩·罗布森 / John Stocker / Dan Hennessey / ,8.8
法国小馆儿  第八季 'Allo 'Allo! Season 8,https://img1.doubanio.com/lpic/s6484949.jpg,David Croft,1991-12-24, 英国,Gorden Kaye / Carmen Silvera / ,8.9
哆啦A梦：大雄的阿拉伯之夜 ドラえもん のび太のドラビアンナイト,https://img3.doubanio.com/view/movie_poster_cover/lpst/public/p2190699873.jpg,芝山努,1991-03-09(日本), 日本,大山信代 / 小原乃梨子 / 野村道子 / 立壁和也 / ,8.3
曲苑杂坛,https://img1.doubanio.com/view/movie_poster_cover/lpst/public/p2395173877.jpg,汪文华,1991, 中国大陆,,8.3
新七龙珠 新七龍珠,https://img1.doubanio.com/view/movie_poster_cover/lpst/public/p2319450688.jpg,陈俊良,1991, 台湾,陈子强 / 黄仲裕 / 李宜娟 / 江龙升 / 金涂 / 郑同村 / 谢金燕 / 胖三 / 苏沅风 / 欧兰英 / ,6.3
卡夫卡 Kafka,https://img3.doubanio.com/lpic/s1500952.jpg,史蒂文·索德伯格,1991-11-15, 美国 / 法国,杰瑞米·艾恩斯 / 泰莉莎·拉塞尔 / 乔尔·格雷 / ,7.8
另一种教育 もう一つの教育～伊那小学校春組の記録～,https://img3.doubanio.com/lpic/s1812792.jpg,是枝裕和,2006-10-02, 日本,,8.3
高朋满座,https://img3.doubanio.com/lpic/s7054703.jpg,王凤奎,1991-06, 中国大陆,谢园 / 马羚 / ,7.5
四大家族之龙虎兄弟 四大家族之龍虎兄弟,https://img1.doubanio.com/view/movie_poster_cover/lpst/public/p2375758569.jpg,钟少雄,1991-11-20(香港), 香港,郑则仕 / 吕良伟 / 利智 / 曾江 / 黄光亮 / 陈惠敏 / 何家驹 / 胡枫 / 商天娥 / 黄子扬 / 刘志荣 / 韩义生 / 黎明诗 Ming Si Lai / 夏春秋 / 史美仪 / ,7.8
中环英雄 中環英雄,https://img3.doubanio.com/view/movie_poster_cover/lpst/public/p2327412363.jpg,邱礼涛,1991-12-09, 香港,梁朝伟 / 刘德华 / ,6.3
叛国作家 Closet Land,https://img1.doubanio.com/view/movie_poster_cover/lpst/public/p2155855737.jpg,拉达·巴拉华,1991-03-06(美国), 美国,艾伦·瑞克曼 / ,8.5
大门 The Doors,https://img3.doubanio.com/view/movie_poster_cover/lpst/public/p1910909382.jpg,奥利佛·斯通,1991-02-23, 美国,方·基默 / 梅格·瑞恩 / 凯瑟琳·奎南 / 凯尔·麦克拉克伦 / 迈克尔·马德森 / 凯文·狄龙 / 弗兰克·威利 / 迈克尔·维克特 / 韦斯·斯塔迪 / 胡凯莉 / 马克·摩斯 / 丽莎·艾德尔斯汀 / ,8.1
猛鬼入侵黑社会,https://img3.doubanio.com/lpic/s9047253.jpg,柯星沛,1991-11-07, 香港,洪金宝 / 于莉 / 张耀扬 / 袁洁莹 / 黄光亮 / 霍瑞华 / 成奎安 / ,6.3
春色一箩筐 Dogfight,https://img3.doubanio.com/view/movie_poster_cover/lpst/public/p849207256.jpg,南茜·萨沃卡,1991-09-13, 美国,瑞凡·菲尼克斯 / 莉莉·泰勒 / ,8.3
欧洲特快车 Europa,https://img3.doubanio.com/view/movie_poster_cover/lpst/public/p2211470670.jpg,拉斯·冯·提尔,1991-05-12(戛纳电影节), 丹麦 / 法国 / 德国 / 瑞典 / 瑞士,让-马克·巴尔 / 巴巴拉·苏科瓦 / 乌多·奇尔 / Ernst-Hugo Järegård / Erik Mørk / Jørgen Reenberg / 亨宁·詹森 / 埃迪·康斯坦丁 / 马克斯·冯·叙多 / Benny Poulsen / Erno Müller / Dietrich Kuhlbrodt / Michael Phillip Simpson / Holger Perfort / ,8.3
遇见维纳斯 Meeting Venus,https://img3.doubanio.com/lpic/s3567683.jpg,István Szabó,1991-09-18, 英国 / 日本 / 美国,Glenn Close / Niels Arestrup / ,6.9
鬼娃回魂3 Child's Play 3,https://img1.doubanio.com/view/movie_poster_cover/lpst/public/p1302829657.jpg,杰克·本德,1991-08-30, 英国 / 美国,贾斯廷·威林 / 佩瑞·里维斯 / Jeremy Sylvers / 特拉维斯·费恩 / Dean Jacobson / 布拉德·道里夫 / 彼得哈斯克尔 / 戴金·马修斯 / 安德鲁·罗宾逊 / 博克伯恩斯 / 马修·沃克 / Donna Eskra / Edan Gross / Terry Wills / ,6.0
哥斯拉之魔龙复仇 ゴジラvsキングギドラ,https://img1.doubanio.com/view/movie_poster_cover/lpst/public/p2153268478.jpg,大森一樹,1991-12-14, 日本,中川安奈 / 豊原功補 / 小高恵美 / 原田貴和子 / 土屋嘉男 / 西岡徳馬 / 山村聡 / 佐々木勝彦 / 小林昭二 / ,6.6
莎莎嘉嘉站起来 莎莎嘉嘉站起來,https://img1.doubanio.com/view/movie_poster_cover/lpst/public/p1417367629.jpg,蔡美诗,1991-12-05, 香港,吴大维 / 叶倩文 / 张艾嘉 / 岑建勋 / 尔冬升 / 黄百鸣 / 钟镇涛 / 陈玉莲 / 杜琪峰 / 甘国亮 / 楼南光 / ,7.1
情迷高跟鞋 Tacones lejanos,https://img3.doubanio.com/view/movie_poster_cover/lpst/public/p1958674983.jpg,佩德罗·阿莫多瓦,1991-10-25, 西班牙 / 法国,维多利亚·阿布里尔 / 玛丽莎·佩雷德斯 / 米盖尔·波斯 / Anna Lizaran / ,7.9
四大探长,https://img3.doubanio.com/view/movie_poster_cover/lpst/public/p2190547062.jpg,林德禄 ,, 香港,任达华 / 李修贤 / 郑则仕 / ,6.5
白头神探2½：恐怖的气味 The Naked Gun 2½: The Smell of Fear,https://img3.doubanio.com/view/movie_poster_cover/lpst/public/p1036751766.jpg,大卫·扎克,1991-06-28, 美国,莱斯利·尼尔森 / 普瑞希拉·普雷斯利 / 乔治·肯尼迪 / ,7.6
蒙古精神 Урга,https://img3.doubanio.com/view/movie_poster_cover/lpst/public/p1432917712.jpg,尼基塔·米哈尔科夫,1991-09-01, 法国 / 苏联,Badema / Bayaertu / ,8.5
千王1991,https://img3.doubanio.com/view/movie_poster_cover/lpst/public/p2190491694.jpg,于仁泰,1991-05-16, 香港,梁朝伟 / 黄百鸣 / 任达华 / 叶子楣 / 泰迪·罗宾 / 梁天 / ,6.6
小英雄托托 Toto le héros,https://img1.doubanio.com/view/movie_poster_cover/lpst/public/p2211514719.jpg,雅克·范·多梅尔,1991-06-19, 比利时 / 法国 / 德国,米歇尔·布盖 / 乔·德·巴克 / ,8.5
赌霸 賭霸,https://img3.doubanio.com/view/movie_poster_cover/lpst/public/p2218987484.jpg,元奎,1991-03-07, 香港,郑裕玲 / 梅艳芳 / 吴孟达 / 周星驰 / 吴君如 / 成奎安 / 钟镇涛 / 元华 / 卢冠廷 / 元奎 / ,6.4
编辑部的故事,https://img3.doubanio.com/f/movie/03d3c900d2a79a15dc1295154d5293a2d5ebd792/pics/movie/tv_default_large.png,赵宝刚,1992, 中国大陆,葛优 / 张瞳 / 侯耀华 / 吕丽萍 / 吕齐 / ,8.6
大太监李莲英,https://img1.doubanio.com/view/movie_poster_cover/lpst/public/p2293937058.jpg,田壮壮,1991-04-12(香港), 中国大陆 / 香港,姜文 / 刘晓庆 / 田少军 / 朱旭 / 徐帆 / 刘斌 / 牛星丽 / ,7.1
龙的传人 龍的傳人,https://img3.doubanio.com/view/movie_poster_cover/lpst/public/p2204523090.jpg,李修贤,1991-03-07(香港), 香港,周星驰 / 梁家仁 / 毛舜筠 / 元华 / 李海生 / 龙方 / 叶子楣 / 元奎 / ,6.9
戏说乾隆 戲說乾隆,https://img3.doubanio.com/view/movie_poster_cover/lpst/public/p2219471632.jpg,范秀明,1991-05-15(台湾), 台湾,郑少秋 / 赵雅芝 / 江淑娜 / 惠英红 / 周庭坤 / ,8.1
僵尸至尊,https://img3.doubanio.com/lpic/s3079061.jpg,刘伟强,1991-01-01, 香港,林正英 / 钱小豪 / 吴家丽 / 刘洵 / 黄斌 / 黄子扬 / ,6.8
梵高 Van Gogh,https://img3.doubanio.com/view/movie_poster_cover/lpst/public/p979970066.jpg,莫里斯·皮亚拉,1991-10-30, 法国,雅克·迪特隆 / Chantal Barbarit / Didier Barbier / ,7.4
沙滩仔与周师奶,https://img3.doubanio.com/lpic/s3042861.jpg,杜琪峰,1991-01-10, 香港,梁朝伟 / 吴倩莲 / 吴孟达 / 李子雄 / 黄一飞 / ,6.2
成长的烦恼  第七季 Growing Pains Season 7,https://img3.doubanio.com/view/movie_poster_cover/lpst/public/p2310644023.jpg,约翰·帕斯昆,1991-09-18(美国), 美国,艾伦·锡克 / 乔安娜·科恩斯 / 柯克·卡梅隆 / 特里茜·古德 / 杰瑞米·米勒 / 艾什莉·约翰逊 / ,9.5
女人TAXI女人,https://img1.doubanio.com/view/movie_poster_cover/lpst/public/p2227948677.jpg,王君正,, 中国大陆,潘虹 / 丁嘉丽 / ,7.1
人鬼神,https://img3.doubanio.com/view/movie_poster_cover/lpst/public/p2349401980.jpg,吴勉勤,1991-09-26, 香港,林正英 / 郑则仕 / 王小凤 / 黎姿 / 金十二 / 陈龙 / ,6.6
葫芦小金刚,https://img1.doubanio.com/view/movie_poster_cover/lpst/public/p2180839589.jpg,胡进庆,1989, 中国大陆,于鼎 / 范捷 / 戴欣 / 朱莎 / ,8.7
法国小馆儿  第七季 'Allo 'Allo! Season 7,https://img3.doubanio.com/lpic/s6393231.jpg,David Croft,1991-01-05, 英国,Gorden Kaye / Carmen Silvera / ,9.1
香港女星图鉴 香港女星図鑑,https://img3.doubanio.com/view/movie_poster_cover/lpst/public/p2367411043.jpg,日下武史,1991, 日本,周海媚 / 蔡少芬 / 王祖贤 / 关之琳 / 李丽珍 / 陈加玲 / 叶蕴仪 / 郑裕玲 / 叶子楣 / 王小凤 / 惠英红 / 梅艳芳 / 张艾嘉 / 刘嘉玲 / 杨宝玲 / 符钰晶 / 吕少玲 / 蔡澜 / ,8.0
Time Being,https://img1.doubanio.com/view/movie_poster_cover/lpst/public/p2443838308.jpg,冈沃尔·尼尔森,, 瑞典 Sweden,,"
    "
天涯沦落两心知 The Fisher King,https://img3.doubanio.com/view/movie_poster_cover/lpst/public/p1697302263.jpg,特瑞·吉列姆,1991-09-20, 美国,杰夫·布里吉斯 / 罗宾·威廉姆斯 / 梅塞迪丝·鲁尔 / 阿曼达·普拉莫 / ,7.4
街区男孩 Boyz n the Hood,https://img1.doubanio.com/view/movie_poster_cover/lpst/public/p2185646668.jpg,约翰·辛格顿,1991-07-12, 美国,小库珀·古丁 / 劳伦斯·菲什伯恩 / 艾斯·库珀 / 安吉拉·贝塞特 / ,8.1
末路狂花 Thelma & Louise,https://img3.doubanio.com/view/movie_poster_cover/lpst/public/p794583044.jpg,雷德利·斯科特,"1991-05-24(美国),1991-05-29(法国)", 美国 / 法国,吉娜·戴维斯 / 苏珊·萨兰登 / 哈威·凯特尔 / 迈克尔·马德森 / ,8.7
油炸绿番茄 Fried Green Tomatoes,https://img1.doubanio.com/view/movie_poster_cover/lpst/public/p1452662468.jpg,乔恩·阿维奈,1991-12-27(美国), 美国,凯西·贝茨 / 杰西卡·坦迪 / 玛丽·露易斯·帕克 / ,8.5
亚当斯一家 The Addams Family,https://img3.doubanio.com/view/movie_poster_cover/lpst/public/p1232516250.jpg,巴里·索南菲尔德,1991-11-22, 美国,安杰丽卡·休斯顿 / 劳尔·朱力亚 / 克里斯托弗·洛伊德 / 克里斯蒂娜·里奇 / 丹娜·爱薇 / 卡雷尔·斯特鲁基 / ,8.4
大红灯笼高高挂,https://img3.doubanio.com/view/movie_poster_cover/lpst/public/p1254404823.jpg,张艺谋,1991-09-10(威尼斯电影节/多伦多电影节), 中国大陆 / 香港 / 台湾,巩俐 / 马精武 / 何赛飞 / 曹翠芬 / 周琦 / 孔琳 / 金淑媛 / 丁惟敏 / ,8.3
沉默的羔羊 The Silence of the Lambs,https://img1.doubanio.com/view/movie_poster_cover/lpst/public/p1593414327.jpg,乔纳森·戴米,1991-02-14(美国), 美国,朱迪·福斯特 / 安东尼·霍普金斯 / 斯科特·格伦 / 安东尼·希尔德 / ,8.7
纵横四海 緃横四海,https://img1.doubanio.com/view/movie_poster_cover/lpst/public/p933122297.jpg,吴宇森,1991-02-02(香港), 香港,周润发 / 张国荣 / 钟楚红 / 朱江 / 曾江 / 胡枫 / 唐宁 / ,8.7
至尊无上之永霸天下 至尊無上之永霸天下,https://img3.doubanio.com/view/movie_poster_cover/lpst/public/p2349425063.jpg,杜琪峰,1991-06-13(香港), 香港,刘德华 / 吴倩莲 / 王杰 / 黄秋生 / 陈法蓉 / 王霄 / 刘兆铭 / 刘江 / ,7.1
五亿探长雷洛传1：雷老虎 五億探長雷洛傳：雷老虎,https://img3.doubanio.com/view/movie_poster_cover/lpst/public/p2349526144.jpg,刘国昌,1991-09-19, 香港,刘德华 / 张敏 / 邱淑贞 / 吴孟达 / 陈惠敏 / 秦沛 / 关海山 / ,7.6
美女与野兽 Beauty and the Beast,https://img3.doubanio.com/view/movie_poster_cover/lpst/public/p2238467474.jpg,加里·特洛斯达勒,"1991-09-29(纽约电影节),1991-11-22(美国),2012-01-13(美国3D)", 美国,佩吉·奥哈拉 / 罗比·本森 / 理查德·怀特 / 杰里·奥尔巴赫 / 戴维·奥格登·施蒂尔斯 / 安吉拉·兰斯伯瑞 / 布莱德利·皮尔斯 / 雷克斯·埃弗哈特 / 杰西·科尔蒂 / 哈尔·史密斯 / 乔·安妮·沃利 / 玛丽·凯·伯格曼 / 布瑞恩·卡明斯 / 阿尔文·爱泼斯坦 / 托尼·杰 / 亚历克·墨菲 / 金米·罗伯特森 / 凯特·索西 / ,8.3
五亿探长雷洛传2：父子情仇 五億探長雷洛傳II之父子情仇,https://img1.doubanio.com/view/movie_poster_cover/lpst/public/p1273856967.jpg,刘国昌,1991-10-10(香港), 香港,刘德华 / 郭富城 / 吴孟达 / 邱淑贞 / 张敏 / ,7.2
惊爆点 Point Break,https://img3.doubanio.com/view/movie_poster_cover/lpst/public/p493407022.jpg,凯瑟琳·毕格罗,1991-07-12, 美国 / 日本,帕特里克·斯威兹 / 基努·里维斯 / 加里·布塞 / 罗莉·佩蒂 / 约翰·C·麦金雷 / 詹姆斯·勒格罗 / John Philbin / Bojesse Christopher / Julian Reyes / ,7.4
青青校树 Obecná škola,https://img3.doubanio.com/view/movie_poster_cover/lpst/public/p1409667733.jpg,扬·斯维拉克,1991-08-01(捷克斯洛伐克), 捷克斯洛伐克,Rudolf Hrusínský / ,8.4
木头美人 Mannequin: On the Move,https://img3.doubanio.com/view/movie_poster_cover/lpst/public/p2160193204.jpg,斯图尔特·罗菲尔,1991-05-17, 美国,克里斯蒂·斯旺森 / 威廉·罗格斯戴尔 / 米萨克·泰勒 / 特利·奇瑟 / ,8.1
生生长流 زندگی و دیگر هیچ,https://img3.doubanio.com/view/movie_poster_cover/lpst/public/p1944277781.jpg,阿巴斯·基亚罗斯塔米,1991, 伊朗,法尔哈德·赫拉德曼德 / 布巴·巴尤尔· / ,8.6
包法利夫人 Madame Bovary,https://img3.doubanio.com/view/movie_poster_cover/lpst/public/p1739873051.jpg,克劳德·夏布洛尔,1991-04-03, 法国,伊莎贝尔·于佩尔 / 让-弗朗索瓦·巴尔梅 / 克里斯托弗·马拉沃伊 / ,7.3
反斗神鹰 Hot Shots!,https://img3.doubanio.com/view/movie_poster_cover/lpst/public/p1338699344.jpg,吉姆·艾布拉姆斯,1991-07-31, 美国,查理·辛 / 加利·艾尔维斯 / 瓦莱莉·高利诺 / 劳埃德·布里奇斯 / ,7.4
上海假期,https://img3.doubanio.com/lpic/s4158034.jpg,许鞍华,1991-11-07, 中国大陆 / 香港 / 台湾,午马 / 黄坤玄 / 刘嘉玲 / 王莱 / ,7.1
镜花缘,https://img3.doubanio.com/lpic/s1830445.jpg,胡兆洪,, 中国大陆,,8.9
我老婆不是人 我老婆唔係人,https://img3.doubanio.com/view/movie_poster_cover/lpst/public/p2194898483.jpg,陈德森,, 香港,梁家辉 / 关之琳 / 胡枫 / 陈雅伦 / 周文健 / 梅小惠 / 郑丹瑞 / 黎彼得 / ,6.6
