电影名,海报链接,导演,时间,地区,演员,评分
新龙门客栈 新龍門客棧,https://img1.doubanio.com/view/movie_poster_cover/lpst/public/p1421018669.jpg,李惠民,"1992-08-27(中国香港),2012-02-24(中国大陆/复映)", 香港 / 中国大陆,张曼玉 / 林青霞 / 梁家辉 / 甄子丹 / 熊欣欣 / 刘洵 / 任世官 / 吴启华 / 袁祥仁 / 徐锦江 / 魏忠威 / 郑希怡 / ,8.4
闻香识女人 Scent of a Woman,https://img1.doubanio.com/view/movie_poster_cover/lpst/public/p925123037.jpg,马丁·布莱斯,1992-12-23(美国), 美国,阿尔·帕西诺 / 克里斯·奥唐纳 / 詹姆斯·瑞布霍恩 / 加布里埃尔·安瓦尔 / 菲利普·塞默·霍夫曼 / Richard Venture / 布莱德利·惠特福德 / Rochelle Oliver / Margaret Eginton / Tom Riis Farrell / Nicholas Sadler / 托德·路易斯 / Matt Smith / 吉恩·坎菲尔德 / ,8.9
家有喜事,https://img3.doubanio.com/view/movie_poster_cover/lpst/public/p940263436.jpg,高志森,1992-01-25(香港), 香港,张国荣 / 周星驰 / 张曼玉 / 吴君如 / 黄百鸣 / 陈淑兰 / 毛舜筠 / 李香琴 / 关海山 / 高志森 / 谷德昭 / 李丽珍 / 黄霑 / 黄光亮 / ,8.1
天空之城 天空の城ラピュタ,https://img1.doubanio.com/view/movie_poster_cover/lpst/public/p1446261379.jpg,宫崎骏,"1992(中国大陆),1986-08-02(日本)", 日本,田中真弓 / 鹫尾真知子 / 初井言荣 / 寺田稔 / ,9.0
印度支那 Indochine,https://img3.doubanio.com/lpic/s3764892.jpg,雷吉斯·瓦格涅,1992-04-15(法国), 法国 / 越南,凯瑟琳·德纳芙 / 文森特·佩雷斯 / ,8.0
爱国者游戏 Patriot Games,https://img3.doubanio.com/view/movie_poster_cover/lpst/public/p2324769533.jpg,菲利普·诺伊斯,1992-06-05(美国), 美国,哈里森·福特 / 安妮·阿彻 / 帕特里克·博金 / 肖恩·宾 / 索拉·伯奇 / 塞缪尔·杰克逊 / ,6.6
不可饶恕 Unforgiven,https://img3.doubanio.com/view/movie_poster_cover/lpst/public/p1083392613.jpg,克林特·伊斯特伍德,1992-08-03(美国), 美国,克林特·伊斯特伍德 / 吉恩·哈克曼 / 摩根·弗里曼 / 理查德·哈里斯 / 杰姆·沃尔福特 / 绍尔·鲁宾内克 / 弗兰西丝·费舍 / 安娜·莱文 / 大卫·木西 / 罗伯·坎贝尔 / Anthony James / 塔拉·弗莱德里克 / 贝弗利·埃略特 / Liisa Repo-Martell / ,8.4
大玩家 The Player,https://img3.doubanio.com/view/movie_poster_cover/lpst/public/p1444977476.jpg,罗伯特·奥特曼,1992-04-10, 美国,蒂姆·罗宾斯 / 格列塔·斯卡奇 / 弗莱德·沃德 / 乌比·戈德堡 / 彼得·盖勒 / 布里翁·詹姆斯 / 辛西娅·斯蒂文森 / 文森特·多诺费奥 / 迪恩·斯托克维尔 / 理查德·E·格兰特 / 西德尼·波拉克 / Lyle Lovett / 迪娜·梅瑞尔 / Angela Hall / ,7.6
城市猎人 城市獵人,https://img3.doubanio.com/view/movie_poster_cover/lpst/public/p1914260955.jpg,王晶,"1993-01-16(香港),1993-03-20(日本)", 香港 / 日本,成龙 / 王祖贤 / 邱淑贞 / 后藤久美子 / 单立文 / 黎明 / ,7.1
绝代双骄 絕代雙驕,https://img1.doubanio.com/view/movie_poster_cover/lpst/public/p1987631439.jpg,曾志伟,1992-11-12(香港), 香港,刘德华 / 林青霞 / 张敏 / 顾美华 / 吴镇宇 / 袁咏仪 / ,6.3
怒焰狂花 Child of Rage,https://img3.doubanio.com/lpic/s9068294.jpg,拉里·皮尔斯,1992-09-29, 美国,梅尔·哈里斯 / 德怀特·舒尔茨 / 艾什丽·佩顿 / 罗莎娜·德索托 / Sam Gifaldi / 南·马丁 / ,8.5
水浒传之英雄本色 水滸傳之英雄本色,https://img3.doubanio.com/view/movie_poster_cover/lpst/public/p2299470421.jpg,陈会毅,1993-05-19(韩国), 香港 / 中国大陆,王祖贤 / 梁家辉 / 徐锦江 / 刘青云 / 林威 / 午马 / ,7.0
无名英雄 Hero,https://img1.doubanio.com/lpic/s6968469.jpg,斯蒂芬·弗雷斯,1992-10-02, 美国,达斯汀·霍夫曼 / 吉娜·戴维斯 / 安迪·加西亚 / 琼·库萨克 / 丹尼尔·鲍德温 / 凯文·J·奥康纳 / ,8.4
我的表兄维尼 My Cousin Vinny,https://img1.doubanio.com/view/movie_poster_cover/lpst/public/p2328716218.jpg,Jonathan Lynn,1992-09-03, 美国,乔·佩西 / 拉尔夫·马奇奥 / 玛丽莎·托梅 / 米歇尔·维特菲尔德 / 弗雷德·格温 / 莱恩·史密斯 / 奥斯汀·潘德尔顿 / 布鲁斯·麦克吉尔 / 莫里·柴金 / ,7.9
92黑玫瑰对黑玫瑰 92黑玫瑰對黑玫瑰,https://img3.doubanio.com/view/movie_poster_cover/lpst/public/p2419943950.jpg,刘镇伟,1992-07-02, 香港,梁家辉 / 邵美琪 / 毛舜筠 / 冯宝宝 / ,7.5
东方三侠 東方三俠,https://img3.doubanio.com/view/movie_poster_cover/lpst/public/p2172091986.jpg,杜琪峰,1993-02-12, 香港,梅艳芳 / 杨紫琼 / 张曼玉 / 刘松仁 / 黄秋生 / 白石千 / 朱咪咪 / 任世官 / 秦沛 / ,7.3
飞越长生 Death Becomes Her,https://img3.doubanio.com/view/movie_poster_cover/lpst/public/p1050068695.jpg,罗伯特·泽米吉斯,1992-07-31, 美国,梅丽尔·斯特里普 / 布鲁斯·威利斯 / 歌蒂·韩 / 伊莎贝拉·罗西里尼 / ,7.6
群尸玩过界 Braindead,https://img3.doubanio.com/view/movie_poster_cover/lpst/public/p2139042743.jpg,彼得·杰克逊,1992-08-13, 新西兰,蒂莫西·贝尔米 / 黛安娜·培耶 / ,7.7
"火腿，火腿 Jamón, jamón",https://img3.doubanio.com/view/movie_poster_cover/lpst/public/p2255759966.jpg,比格斯·鲁纳,1992-09-04(西班牙), 西班牙,斯蒂芬尼娅·桑德雷莉 / 安娜·加列娜 / 胡安·迭戈 / 佩内洛普·克鲁兹 / 哈维尔·巴登 / 詹迪·莫拉 / Tomás Martín / Armando del Río / Diana Sassen / Chema Mazo / Isabel de Castro Oros / Nazaret Callao / Marianne Hermitte / Nadia Godoy / ,6.6
烈火情人 Damage,https://img1.doubanio.com/view/movie_poster_cover/lpst/public/p1326984387.jpg,路易·马勒,1992-12-02, 英国 / 法国,杰瑞米·艾恩斯 / 朱丽叶·比诺什 / 米兰达·理查森 / 鲁珀特·格雷夫斯 / 伊安·邦纳 / 彼得·斯特曼 / 婕玛·克拉克 / 朱利安·费罗斯 / 莱斯利·卡伦 / 托尼·道尔 / 雷·葛拉维 / ,7.3
杀手悲歌 El Mariachi,https://img3.doubanio.com/view/movie_poster_cover/lpst/public/p1179472084.jpg,罗伯特·罗德里格兹,1992-09-15, 墨西哥 / 美国,Carlos Gallardo / Peter Marquardt / Consuelo Gómez / ,7.4
人咬狗 C'est arrivé près de chez vous,https://img1.doubanio.com/view/movie_poster_cover/lpst/public/p1419658729.jpg,Rémy Belvaux,1992-11-04, 比利时,贝诺瓦特·波勒沃赫德 / Jacqueline Poelvoorde-Pappaert / ,8.0
丈夫、太太与情人 Husbands and Wives,https://img3.doubanio.com/view/movie_poster_cover/lpst/public/p783804820.jpg,伍迪·艾伦,1992-09-18, 美国,Nick Metropolis / 伍迪·艾伦 / 米亚·法罗 / 西德尼·波拉克 / 朱迪·戴维斯 / 杰弗里·库兰 / 布鲁斯·杰·弗里德曼 / Cristi Conaway / Timothy Jerome / Rebecca Glenn / 朱丽叶特·刘易斯 / Galaxy Craze / 丽赛特·安东尼 / Benno Schmidt / John Doumanian / ,8.3
军官与男孩 Voor een verloren soldaat,https://img3.doubanio.com/lpic/s1948291.jpg,罗兰·克博施,1992-05-22(荷兰), 荷兰,马腾·斯密特 / 杰罗恩·克拉比 / 安德鲁·凯利 / Freark Smink / Elsje de Wijn / ,8.0
双峰镇：与火同行 Twin Peaks: Fire Walk with Me,https://img3.doubanio.com/view/movie_poster_cover/lpst/public/p2255918113.jpg,大卫·林奇,1992-06-03, 法国 / 美国,雪莉·李 / 雷·怀斯 / 梅晨·阿米克 / 达纳·艾希布鲁克 / ,7.5
漫画威龙 漫畫威龍,https://img3.doubanio.com/view/movie_poster_cover/lpst/public/p2167121160.jpg,左颂升,1992-01-01, 香港,周星驰 / 萧芳芳 / 陈百祥 / 张敏 / 钟镇涛 / 元华 / 冼林煜 / ,6.7
爷儿俩开歌厅,https://img3.doubanio.com/view/movie_poster_cover/lpst/public/p2230016766.jpg,陈佩斯,1992, 中国大陆,陈佩斯 / 陈强 / ,7.0
光影的魅力 Visions of Light: The Art of Cinematography,https://img3.doubanio.com/view/movie_poster_cover/lpst/public/p2196647696.jpg,Arnold Glassman,"1992-05-14(法国),1993-02-24(美国)", 美国 / 日本,厄内斯特·R·迪克森 / 迈克尔·查普曼 / 艾伦·达维奥 / 康拉德·霍尔 / 威廉·弗兰克 / 内斯托尔·阿尔门德罗斯 / 维尔莫什·日格蒙德 / 史蒂芬·H·布鲁姆 / 斯文·尼科维斯特 / 罗伯特·怀斯 / 黄宗霑 / 哈斯克尔·韦克斯勒 / 维托里奥·斯托拉罗 / 约翰·A·阿朗索 / 戈登·威利斯 / ,8.5
逃学外传 逃學外傳,https://img1.doubanio.com/lpic/s1480478.jpg,朱延平,1992-10-01(香港), 香港 / 台湾,张卫健 / 林志颖 / 朱茵 / 吴奇隆 / 吴孟达 / 黄一山 / 苑琼丹 / ,6.7
地下幻灯剧画 少女椿 地下幻燈劇画 少女椿,https://img3.doubanio.com/view/movie_poster_cover/lpst/public/p1056298162.jpg,絵津久秋,1992-05-02(日本), 日本,松井良彦 / 中美奈子 / 森下纪彦 / 林和义 / 野村欣史 / ,7.7
漫长的一天结束了 The Long Day Closes,https://img3.doubanio.com/view/movie_poster_cover/lpst/public/p2176181550.jpg,特伦斯·戴维斯,1992-05-22, 英国,Marjorie Yates / Leigh McCormack / ,7.5
青少年哪吒,https://img3.doubanio.com/view/movie_poster_cover/lpst/public/p2194480884.jpg,蔡明亮,1992-12(金马影展), 台湾,李康生 / 王渝文 / 陈昭荣 / 陆弈静 / ,7.9
上一当,https://img3.doubanio.com/view/movie_poster_cover/lpst/public/p2417297760.jpg,何群,1992, 中国大陆,葛优 / 剧雪 / 耿歌 / ,7.4
青青河边草 青青河邊草,https://img3.doubanio.com/view/movie_poster_cover/lpst/public/p2263999700.jpg,沈怡,1992-03-17(台湾), 台湾,马景涛 / 刘雪华 / 金铭 / 归亚蕾 / 岳跃利 / 刘子蔚 / 王之夏 / 叶静 / 徐乃麟 / 李天柱 / ,6.9
三毛从军记,https://img1.doubanio.com/view/movie_poster_cover/lpst/public/p2252295029.jpg,张建亚,1992-10(中国大陆), 中国大陆,贾林 / 魏宗万 / 孙飞虎 / 朱艺 / ,8.4
黄飞鸿笑传 黃飛鴻笑傳,https://img1.doubanio.com/lpic/s4005647.jpg,李力持,1992-08-08, 香港,谭咏麟 / 梁家辉 / 任达华 / 曾志伟 / 吴孟达 / 毛舜筠 / 陈加玲 / 石坚 / 黄沾 / ,6.3
少年吔，安啦﹗,https://img3.doubanio.com/view/movie_poster_cover/lpst/public/p2187528901.jpg,徐小明,1992, 台湾,高捷 / 谭志刚 / 魏篠惠 / ,8.0
哥伦布传 1492: Christophe Colomb,https://img1.doubanio.com/view/movie_poster_cover/lpst/public/p1694149187.jpg,雷德利·斯科特,1992-10-08, 法国 / 西班牙,杰拉尔·德帕迪约 / 阿曼德·阿山特 / 西格妮·韦弗 / 劳恩·迪恩 / ,7.3
黑白人间,https://img3.doubanio.com/f/movie/30c6263b6db26d055cbbe73fe653e29014142ea3/pics/movie/movie_default_large.png,王秉林 ,1992, 中国大陆,吴卫东 / 韩善续 / 田春奎 / 曲雁 / 梁庆刚 / 王宁生 / ,8.3
波希米亚生活 La vie de bohème,https://img3.doubanio.com/view/movie_poster_cover/lpst/public/p2210776680.jpg,阿基·考里斯马基,1992-02-27, 芬兰 / 法国 / 瑞典 / 德国,马蒂·佩龙帕 / Evelyne Didi / ,8.2
侠盗高飞 俠盜高飛,https://img1.doubanio.com/view/movie_poster_cover/lpst/public/p2350173717.jpg,林岭东,1992-07-23(香港), 香港,周润发 / 任达华 / 黄秋生 / 柏安妮 / 陈治良 / 李健生 / ,6.8
三个夏天 三個夏天,https://img3.doubanio.com/view/movie_poster_cover/lpst/public/p2227980760.jpg,刘国昌,1993-05-14(香港), 台湾,梁朝伟 / 吴倩莲 / 陈少霞 / 叶玉卿 / 陈淑仪 / 张佩华 / 陈锦鸿 / ,7.6
侠女传奇,https://img3.doubanio.com/view/movie_poster_cover/lpst/public/p2247637174.jpg,余明生,1993-01-22, 中国大陆 / 香港,李嘉欣 / 刘锡明 / ,6.2
水缸 خمره‎,https://img3.doubanio.com/lpic/s2460684.jpg,Ebrahim Forouzesh,1994-09-10, 伊朗,,8.1
未来的回忆 未来の想い出,https://img3.doubanio.com/view/movie_poster_cover/lpst/public/p1806108390.jpg,森田芳光,1992-08-29(日本), 日本,工藤静香 / 清水美沙 / 赤塚不二夫 / 藤子·F·不二雄 / 藤子不二雄A / 桥爪功 / 石ノ森章太郎 / 和泉元弥 / 唐泽寿明 / 宫川一朗太 / 永井豪 / ,7.5
放课后 放課後,https://img3.doubanio.com/view/movie_poster_cover/lpst/public/p2122303351.jpg,星护,1992-10-15(日本), 日本,观月亚理莎 / 石田壹成 / 諸岡菜穂子 / 葛山信吾 / 河相我闻 / 阿久津健太郎 / 武田真治 / ,8.0
1991年莫斯科摇滚音乐节 For Those About to Rock: Monsters in Moscow,https://img1.doubanio.com/view/movie_poster_cover/lpst/public/p2157965357.jpg,Wayne Isham,1992-10-14, 美国,AC/DC / Phil Anselmo / The Black Crowes / Rex Brown / Dimebag Darrell / 柯克·汉梅特 / ,9.6
画皮之阴阳法王 畫皮之陰陽法王,https://img1.doubanio.com/view/movie_poster_cover/lpst/public/p2161819599.jpg,胡金铨,"1992(东京电影节),1993-09-18(香港)", 香港 / 中国大陆,郑少秋 / 王祖贤 / 午马 / 洪金宝 / 林正英 / ,6.4
白色战争 하얀전쟁,https://img1.doubanio.com/view/movie_poster_cover/lpst/public/p1982084499.jpg,郑智泳,1992-07-04(韩国), 韩国,安圣基 / 沈惠珍 / 金世俊 / 李璟荣 / 许峻豪 / ,7.2
堕落东京 トパーズ,https://img3.doubanio.com/view/movie_poster_cover/lpst/public/p2167135284.jpg,村上龙,1992-01-06(日本), 日本,二階堂美穂 / 天野小夜子 / 加納典明 / 岛田雅彦 / 三上寛 / 瀬間千恵 / 草间弥生 / 野崎奈美 / ,6.5
小鬼迪克 妖精ディック,https://img3.doubanio.com/lpic/s2379654.jpg,波多正美,1992-06-07(日本), 日本,Albert Brantford / Peter Coleman / Gordon Craig / Mme. d'Esterre / Joan Griffith / C. Hargrave Mansell / Ernest Spaulding / Bernard Vaughan / ,8.8
人之初,https://img1.doubanio.com/view/movie_poster_cover/lpst/public/p1089912018.jpg,郑洞天,, 中国大陆,葛林 / 张力维 / ,"
    "
聋哑世界 Le pays des sourds,https://img3.doubanio.com/lpic/s1442223.jpg,尼古拉·菲利伯特,1992, 意大利 / 法国 / 英国 / 瑞士,Jean-Claude Poulain / Abou Bakar / ,8.5
贾科布 Jakub,https://img3.doubanio.com/lpic/s2731762.jpg,贾那·塞奇科瓦,1992-07-10, Czechoslovakia,,8.5
北方小镇奇谈 De Noorderlingen,https://img1.doubanio.com/view/movie_poster_cover/lpst/public/p1977797737.jpg,亚历斯·冯·华麦丹,1992-04-17, 荷兰,杰克·沃特斯 / 安妮特·马尔赫毕 / ,7.8
两个女人，一个靓，一个唔靓,https://img3.doubanio.com/lpic/s6643011.jpg,关锦鹏,, 香港,张曼玉 / ,8.3
神算,https://img3.doubanio.com/view/movie_poster_cover/lpst/public/p2157868232.jpg,许冠文,1992-01-24, 香港,许冠文 / 黎明 / 许冠英 / 刘小慧 / 方刚 / 陈晓莹 / 黄子华 / 田启文 / ,6.6
会说话的头 Talking Head,https://img3.doubanio.com/lpic/s8938875.jpg,押井守,1992-10-10, 日本,千叶繁 / Tomoko Ishimura / ,7.0
暴风边缘,https://img1.doubanio.com/view/movie_poster_cover/lpst/public/p2394734607.jpg,,1992, 新加坡,李南星 / ,"
    "
羔羊医生 羔羊醫生,https://img3.doubanio.com/lpic/s3081084.jpg,李修贤,1992-10-22, 香港,任达华 / 李修贤 / 郑则仕 / 关宝慧 / ,6.1
独自去偷欢 獨自去偷歡,https://img3.doubanio.com/view/movie_poster_cover/lpst/public/p2264406940.jpg,黄文华,1992, 香港,李中宁 / 陈蓓琪 / 齐汉 / 黄爱美 / 区蔼玲 / 程岚 / 何国辉 / 何子满 / 张昆 / 方菇 / 高维德 / ,"
    "
如果,https://img3.doubanio.com/view/movie_poster_cover/lpst/public/p2392360602.jpg,杨德昌,1992-03-20, 台湾,陈湘琪 / Zianqi Chen / ,8.8
科学怪人 Frankenstein,https://img1.doubanio.com/view/movie_poster_cover/lpst/public/p2433084309.jpg,David Wickes,1992-12-29(英国), 英国,帕特里克·博金 / 兰迪·奎德 / 约翰·米尔斯 / 朗贝尔·维尔森 / Fiona Gillies / Jacinta Mulcahy / Ronald Leigh-Hunt / Timothy Stark / 弗农·多布切夫 / Roger Bizley / Michael Gothard / Marcus Eyre / John Scarborough / Jon Laurimore / ,8.0
死而复生 The Resurrected,https://img3.doubanio.com/view/movie_poster_cover/lpst/public/p2233903813.jpg,丹·欧班农,1992-04-15, 美国,约翰·特里 / ,6.7
是谁偷走我的心 その時、ハートは盗まれた,https://img3.doubanio.com/lpic/s3997373.jpg,本间欧彦,1992-11-19, 日本,内田有纪 / 木村拓哉 / ,8.2
偷神家族,https://img1.doubanio.com/lpic/s1500749.jpg,王振仰 (Chun-Yeung Wong),1992, 香港,胡慧中 / 李赛凤 / ,5.9
致命英雄 Live Wire,https://img1.doubanio.com/lpic/s2351208.jpg,克里斯琴 杜高依 (Christian Duguay),1992-09-03, 美国,,6.3
终极斗士 Gladiator,https://img3.doubanio.com/view/movie_poster_cover/lpst/public/p1303094385.jpg,罗迪·赫林顿,1992-03-06(美国), 美国,詹姆斯·马歇尔 / 小库珀·古丁 / ,7.0
踢到宝 踢到寶,https://img1.doubanio.com/view/movie_poster_cover/lpst/public/p2246951259.jpg,杜琪峰,1992-06-11, 香港,梁朝伟 / 黄秋生 / 张艾嘉 / 郑则仕 / 苑琼丹 / 岑建勋 / 郑柏林 / 黄一飞 / 黄新 / ,6.3
群星会,https://img1.doubanio.com/view/movie_poster_cover/lpst/public/p2211210538.jpg,李力持,1992年, 中国香港,夏雨 / 温兆伦 / 何婉盈 / 郑少秋 / 刘德华 / 陈玉莲 / 周星驰 / 吴孟达 / 万梓良 / 关礼杰 / 刘松仁 / 张卫健 / 朱江 / 郭富城 / ,6.7
石头 Камень,https://img3.doubanio.com/lpic/s6945111.jpg,亚历山大·索科洛夫,1992-09-13, 俄罗斯,Pyotr Aleksandrov / ,7.6
卫斯理之老猫 衛斯理之老貓,https://img3.doubanio.com/view/movie_poster_cover/lpst/public/p2416848453.jpg,蓝乃才,1992-10-22, 香港,李子雄 / 伍咏薇 / 叶蕴仪 / 刘兆铭 / ,6.2
宇宙骑士 宇宙の騎士テッカマンブレード,https://img1.doubanio.com/view/movie_poster_cover/lpst/public/p2314047068.jpg,根岸弘,"1992-02-18(法国),1993-09-10(香港)", 法国 / 美国 / 日本,森川智之 / 林原惠美 / 松本保典 / Kerrigan Mahan / Barbara Goodson / ,8.9
怪老头儿,https://img3.doubanio.com/lpic/s1949991.jpg,尤磊,1992, 中国大陆,,8.8
三国志,https://img3.doubanio.com/lpic/s4223560.jpg,吉成孝昌,1992-01-25, 日本,渡哲也 / 青野武 / ,8.8
弄巧成拙 Once Upon a Crime...,https://img3.doubanio.com/lpic/s4182691.jpg,尤金·列维,1992-03-06(美国), 美国 / 德国,约翰·坎迪 / 詹姆斯·贝鲁什 / 斯碧尔·谢波德 / 肖恩·杨 / 理查德·刘易斯 / 奥内拉·穆蒂 / 吉安卡罗·吉安尼尼 / 乔治·汉密尔顿 / 乔斯·雅克兰德 / Ann Way / 卡特丽娜·波拿托 / ,8.2
玛雅历险记 おやゆび姫物語,https://img3.doubanio.com/view/movie_poster_cover/lpst/public/p2235596334.jpg,H.C.アンデルセン,1992-03-31~1992-09-30, 日本,金井美香 / ,8.9
夜夜伴肥娇 夜夜伴肥嬌,https://img1.doubanio.com/view/movie_poster_cover/lpst/public/p2225996269.jpg,钱永强,1992-01-23, 香港,陈友 / 吴君如 / 吴家丽 / 张坚庭 / ,6.6
再造战士 Universal Soldier,https://img3.doubanio.com/view/movie_poster_cover/lpst/public/p726738215.jpg,罗兰·艾默里奇,1992-07-10, 美国,杜夫·龙格尔 / 尚格·云顿 / ,6.6
妈妈是小学四年生 ママは小学4年生,https://img3.doubanio.com/view/movie_poster_cover/lpst/public/p2445422580.jpg,井内秀治,1992-01-10, 日本,こおろぎさとみ / 吉田理保子 / ,8.5
东瀛游侠,https://img1.doubanio.com/view/movie_poster_cover/lpst/public/p2429990997.jpg,张鑫炎,1992-08-06(香港), 中国大陆 / 香港,于荣光 / 杨丽菁 / 徐洁 / 靳德茂 / 于海 / 计春华 / ,6.2
太子爷出差 太子爺出差,https://img1.doubanio.com/lpic/s3079237.jpg,冯意清,1992-04-02, 香港,张坚庭 / 郑丹瑞 / 李美凤 / 翁虹 / ,5.8
X战警 第一季 X-Men Season 1,https://img3.doubanio.com/view/movie_poster_cover/lpst/public/p2185777225.jpg,Stan Lee,1992, 美国,Cathal J. Dodd / Cedric Smith / ,7.9
小小男子汉 ツヨシしっかりしなさい,https://img1.doubanio.com/lpic/s3794409.jpg,三泽伸,1992-10-04(日本), 日本,暴鹤ひろみ / 坂口哲夫 / ,9.1
性奴 빠담풍,https://img1.doubanio.com/view/movie_poster_cover/lpst/public/p1487239329.jpg,严钟善,1992-05-16, 韩国,姜利奈 / ,4.5
龙珠Z剧场版6：激突！100亿能量的战士们 ドラゴンボールZ 激突!!100億パワーの戦士たち,https://img3.doubanio.com/lpic/s24438970.jpg,西尾大介,1992-03-07, 日本,野泽雅子 / 田中真弓 / 古川登志夫 / ,7.5
丁丁历险记 第三季 The Adventures of Tintin Season 3,https://img3.doubanio.com/lpic/s11367324.jpg,Stéphane Bernasconi,1992-07-06, 法国 / 加拿大,Colin O'Meara / Susan Roman / Dan Hennessey / John Stocker / 韦恩·罗布森 / ,9.2
禁房艳奇 蛇魔追魂阵,https://img3.doubanio.com/lpic/s11174562.jpg,林金锋,1992, 香港,曹查理 / 吴家丽 / 汤镇业 / 邓仲坤 / 金彪 / 何家驹 / 大友梨奈 / ,5.3
赤裸迷情 The Tangles Love,https://img1.doubanio.com/view/movie_poster_cover/lpst/public/p2227970277.jpg,陳子文,1992-12-18(香港), 香港,赵静仪 / 林威 / 大友梨奈 / 潘震伟 / ,5.5
风之谷 風の谷のナウシカ,https://img3.doubanio.com/view/movie_poster_cover/lpst/public/p1917567652.jpg,宫崎骏,"1992(中国大陆),1984-03-11(日本)", 日本,岛本须美 / 京田尚子 / 松田洋治 / 麦人 / ,8.8
卧底,https://img3.doubanio.com/view/movie_poster_cover/lpst/public/p1992498132.jpg,沈耀庭,1992-01-01, 中国大陆,王诗槐 / 王卫平 / 周笑莉 / 舒适 / 曹秋根 / 严莎芝 / 张小亲 / ,"
    "
天若有情2之天长地久 天若有情Ⅱ之天長地久,https://img3.doubanio.com/lpic/s1878151.jpg,陈木胜,, 香港,郭富城 / 吴倩莲 / 郭晋安 / 黄秋生 / ,6.7
一屋半妻 HouseSitter,https://img3.doubanio.com/view/movie_poster_cover/lpst/public/p2442812190.jpg,弗兰克·奥兹,1992-06-12, 美国,史蒂夫·马丁 / 歌蒂·韩 / 达娜·德拉尼 / ,7.0
中华警花,https://img1.doubanio.com/view/movie_poster_cover/lpst/public/p2357494399.jpg,张旗,, 中国大陆 / 香港 / 台湾,胡慧中 / 孟庭丽 / 蓝海瀚 / 迈克尔·德帕斯夸尔 / 索非亚·克劳馥 / 李志萍 / 麦鹤顿 / 贾佳林 / 徐子麒 / 韩永清 / 郭维平 / 王怡 / ,5.7
莎士比亚名剧动画 Shakespeare: The Animated Tales,https://img3.doubanio.com/view/movie_poster_cover/lpst/public/p1994492072.jpg,Dave Edwards,1992-11-09, 俄罗斯 / 英国 / 美国 / 日本,,8.8
光藓 ひかりごけ,https://img3.doubanio.com/view/movie_poster_cover/lpst/public/p2153737305.jpg,熊井启,1992-04-25(日本), 日本,三国连太郎 / 奥田瑛二 / ,"
    "
何日金再来,https://img3.doubanio.com/lpic/s1989621.jpg,马伟豪 (Joe Ma),1992-10-15, 香港,黄光亮 / 成奎安 / ,6.3
伊朗电影往事 ناصرالدين شاه آكتور سينما,https://img3.doubanio.com/lpic/s1666393.jpg,莫森·玛克玛尔巴夫,1992, 伊朗,Akbar Abdi / Dariush Arjmand / ,7.8
12只蚊子和5个人,https://img3.doubanio.com/lpic/s2986985.jpg,马克宣,1992, 中国大陆,,8.3
少年印第安纳琼斯大冒险 第一季 The Young Indiana Jones Chronicles Season 1,https://img3.doubanio.com/lpic/s3870066.jpg,Bille August,1992-03-04, 美国,Sean Patrick Flanery / George Hall / Clare Higgins / ,8.1
羔羊大律师 羔羊大律師,https://img3.doubanio.com/lpic/s3115426.jpg,杜岗雨,, 香港,吴家丽 / ,4.5
闯荡江湖,https://img3.doubanio.com/lpic/s10518330.jpg,,1992, 香港,郭晋安 / 江欣燕 / 陶大宇 / 白彪 / 黎芷珊 / 陈佩珊 / ,"
    "
女杀油地狱 女殺油地獄,https://img3.doubanio.com/view/movie_poster_cover/lpst/public/p1483298544.jpg,五社英雄,1992-05-23, 日本,樋口可南子 / 藤谷美和子 / 堤真一 / 井川比佐志 / ,7.2
九反威龙,https://img3.doubanio.com/lpic/s3715390.jpg,罗镇岳,1992, 香港,郑伊健 / 方中信 / 邵美琪 / ,6.7
赌城大亨之新哥传奇 賭城大亨之新哥傳奇,https://img3.doubanio.com/view/movie_poster_cover/lpst/public/p2355313874.jpg,王晶,1992-02-20(香港), 香港,刘德华 / 万梓良 / 邱淑贞 / 王祖贤 / ,6.5
还我女儿 Meine Tochter gehört mir,https://img3.doubanio.com/f/movie/30c6263b6db26d055cbbe73fe653e29014142ea3/pics/movie/movie_default_large.png,Vivian Naefe,1992, 德国,,"
    "
推动摇篮的手 The Hand That Rocks the Cradle,https://img3.doubanio.com/view/movie_poster_cover/lpst/public/p759787922.jpg,柯蒂斯·汉森,1992-01-10, 美国,安娜贝拉·莎拉 / 瑞贝卡·德·莫妮 / 埃涅·赫德森 / 马特·麦考伊 / 朱丽安·摩尔 / 玛德琳·奇玛 / 约翰·德·兰西 / ,7.4
庙街十二少,https://img3.doubanio.com/lpic/s2755902.jpg,蒋家骏,1992-08-20, 香港,刘德华 / 王祖贤 / 吴孟达 / 叶德娴 / 向华强 / 曾江 / 吕良伟 / 刘兆铭 / 刘江 / 郑则仕 / 叶子楣 / ,6.3
蓝江传之反飞组风云 藍江傳之反飛組風雲,https://img1.doubanio.com/view/movie_poster_cover/lpst/public/p2382650327.jpg,刘国昌,1992-05-14, 香港,张国荣 / 向华强 / 周慧敏 / 叶德娴 / 秦沛 / 吴国敬 / 黎应就 / ,6.9
无敌战将 Sidekicks,https://img3.doubanio.com/lpic/s2753364.jpg,Aaron Norris,1992-12-17, 美国,查克·诺瑞斯 / 博·布里奇斯 / ,"
    "
致命武器3 Lethal Weapon 3,https://img3.doubanio.com/view/movie_poster_cover/lpst/public/p1955835401.jpg,理查德·唐纳,1992-05-15, 美国,梅尔·吉布森 / 丹尼·格洛弗 / 乔·佩西 / 蕾妮·罗素 / ,6.7
三人做世界,https://img3.doubanio.com/view/movie_poster_cover/lpst/public/p2244846313.jpg,冼杞然,1992-04-16(香港), 香港,林子祥 / 郑裕玲 / 周慧敏 / 关秀媚 / 秦沛 / ,6.3
赌城大亨II之至尊无敌 賭城大亨II之至尊無敵,https://img3.doubanio.com/view/movie_poster_cover/lpst/public/p2229451442.jpg,王晶,1992-08-20(香港), 香港,刘德华 / 万梓良 / 邱淑贞 / 陈国新 / 陈德容 / 程东 / 许绍雄 / 吴君如 / 李嘉欣 / 王祖贤 / 苑琼丹 / ,6.4
哆啦A梦：大雄与云之国 ドラえもん のび太と云の王国,https://img3.doubanio.com/view/movie_poster_cover/lpst/public/p2190700584.jpg,芝山努,1992-03-07(日本), 日本,大山信代 / 小原乃梨子 / 野村道子 / 立壁和也 / ,8.4
白玫瑰,https://img3.doubanio.com/lpic/s1428860.jpg,赵良骏,1992-11-12(香港), 香港,张曼玉 / 张耀扬 / 叶玉卿 / 姚炜 / 徐少强 / 陈辉虹 / ,7.6
反斗智多星 Wayne's World,https://img3.doubanio.com/view/movie_poster_cover/lpst/public/p2376791621.jpg,佩内洛普·斯皮瑞斯,1992-02-14, 美国,麦克·梅尔斯 / 达纳·卡维 / 罗伯·劳 / ,6.4
蒋筑英,https://img3.doubanio.com/view/movie_poster_cover/lpst/public/p2173764726.jpg,宋江波,1992, 中国大陆,巍子 / 奚美娟 / 毕彦君 / 田岷 / ,7.3
地狱保安 地獄の警備員,https://img3.doubanio.com/view/movie_poster_cover/lpst/public/p2153759270.jpg,黑泽清,1992-06-13(日本), 日本,久野真季子 / 松重丰 / 长谷川初范 / 由良宜子 / ,6.5
Guns N' Roses: Use Your Illusion I,https://img3.doubanio.com/lpic/s1483602.jpg,,1992-12-08, 美国,W. Axl Rose(Vocals) / Slash(Lead Guitarist) / ,9.4
拥抱 につつまれて,https://img3.doubanio.com/lpic/s3823850.jpg,河濑直美 (Naomi Kawase),1992, 日本,,7.8
五福星撞鬼,https://img3.doubanio.com/view/movie_poster_cover/lpst/public/p2042949665.jpg,洪金宝,1992-03-27, 香港,洪金宝 / 曾志伟 / 吴耀汉 / 陈百祥 / 冯淬帆 / 秦祥林 / 胡慧中 / 邱月清 / 陈妙瑛 / ,6.3
西藏小子,https://img3.doubanio.com/view/movie_poster_cover/lpst/public/p2232485964.jpg,元彪 Yuen Biao,1992-01-11, 台湾 / 香港,元彪 Yuen Biao / 元华 Wah Yuen / ,6.0
动物性本能 Animal Instincts,https://img1.doubanio.com/view/movie_poster_cover/lpst/public/p2342473878.jpg,Gregory Dark,1992-10-21, 美国,Maxwell Caulfield / Jan-Michael Vincent / ,5.9
只要你过得比我好,https://img3.doubanio.com/view/movie_poster_cover/lpst/public/p2374990915.jpg,王静,1994, 中国大陆,沈丹萍 / 刘威 / ,8.5
92仙鹤神针 仙鹤神针,https://img3.doubanio.com/lpic/s4495302.jpg,范秀明,, 香港,邓浩光 / 杨玉梅 / 翁虹 / 米雪 / 刘丹 / 麦丽虹 / 苑琼丹 / 欧锦棠 / 黄允材 / 林祖辉 / 高雄 / 陈靖允 / 尹天照 / 黄丽梅 / 刘玉婷 / 杨泽霖 / ,7.5
最后的山神,https://img1.doubanio.com/lpic/s3161119.jpg,孙增田,1992, 中国大陆,孟金福 / ,7.9
俄罗斯国醉梦谭 おろしや国酔夢譚,https://img3.doubanio.com/view/movie_poster_cover/lpst/public/p2332998710.jpg,佐藤純彌,1992-06-25, 日本 / 苏联,绪形拳 / 川谷拓三 / 三谷升 / 西田敏行 / ,"
    "
圣诞精神：耶稣战雪人 The Spirit of Christmas : Jesus vs. Frosty,https://img3.doubanio.com/lpic/s22714481.jpg,崔·帕克,1992-12-01(美国), 美国,马特·斯通 / ,"
    "
日本一点点 Un po di Giappone,https://img3.doubanio.com/lpic/s24498884.jpg,Michelangelo Antonioni,1992, 意大利,,"
    "
糖果人 Candyman,https://img3.doubanio.com/view/movie_poster_cover/lpst/public/p2191803156.jpg,伯纳德·罗斯,1992-09-11, 美国,维吉妮娅·马德森 / ,6.7
五个相扑的少年 シコふんじゃった。,https://img1.doubanio.com/view/movie_poster_cover/lpst/public/p980894678.jpg,周防正行,1992-01-15(日本), 日本,本木雅弘 / 竹中直人 / 松田胜 / 清水美沙 / ,7.9
我爱扭纹柴 我愛扭紋柴,https://img3.doubanio.com/view/movie_poster_cover/lpst/public/p2164764101.jpg,罗启锐,1992-02-01, 香港,周润发 / 郑裕玲 / 毛舜筠 / 刘嘉玲 / 黄秋生 / 陈辉虹 / 林颖娴 / 卢冠廷 / 吴耀汉 / ,6.8
比克曼科学世界 第一季 Beakman's World Season 1,https://img3.doubanio.com/lpic/s3603790.jpg,Jok R. Church,1993-09-18, 美国,Paul Zaloom / ,9.4
新冷血十三鹰,https://img3.doubanio.com/view/movie_poster_cover/lpst/public/p2215565114.jpg,徐发,1994-02-26, 香港 / 中国大陆,李子雄 / 杨丽菁 / ,5.9
克拉姆一家2 Krummerne 2: Stakkels Krumme,https://img3.doubanio.com/lpic/s1646162.jpg,Sven Methling,1992-12-04(丹麦), 丹麦,Laus Høybye / Dick Kaysø / ,9.1
表姐，你好嘢！3之大人驾到,https://img3.doubanio.com/lpic/s3062140.jpg,张坚庭,1992-06-11, 香港,郑裕玲 / 陈松勇 / 张坚庭 / 黄秋生 / 乐韵 / 李名炀 / 吴国敬 / ,7.2
疯狂俏女佣 Maid for Each Other,https://img1.doubanio.com/lpic/s2694629.jpg,Paul Schneider (I),1992-01-13, 美国,,"
    "
鬼打鬼之黄金道士,https://img1.doubanio.com/view/movie_poster_cover/lpst/public/p2286460638.jpg,陈会毅,1992-11-13, 香港,林正英 / 沈威 / 罗慧娟 / 金十二 / 李辉 / 陈志文 / 陈龙 / ,6.6
北国之恋：1992自立 北の国から '92巣立ち,https://img3.doubanio.com/lpic/s2974252.jpg,杉田成道,1992-05-22, 日本,裕木奈江 / 田中邦卫 / 吉冈秀隆 / ,9.4
穿墙隐形人 Memoirs of an Invisible Man,https://img3.doubanio.com/view/movie_poster_cover/lpst/public/p2379025836.jpg,约翰·卡朋特,1992-02-28, 法国 / 美国,切维·切斯 / 达丽尔·汉纳 / 山姆·尼尔 / 迈克尔·麦基恩 / 斯蒂芬·托布罗斯基 / ,6.7
潜龙轰天 Under Siege,https://img1.doubanio.com/view/movie_poster_cover/lpst/public/p2164764248.jpg,安德鲁·戴维斯,1992-10-09(美国), 法国 / 美国,史蒂文·席格 / 汤米·李·琼斯 / 加里·布塞 / 埃丽卡·埃伦尼克 / 帕特里克·奥尼尔 / ,6.9
我的子弹会转弯 Kuffs,https://img3.doubanio.com/view/movie_poster_cover/lpst/public/p1633036995.jpg,布鲁斯·A·埃文斯,1992-01-10(美国), 美国,克里斯蒂安·史莱特 / 米拉·乔沃维奇 / ,7.1
迈克尔·杰克逊-危险之旅之布加勒斯特站 Michael Jackson Live in Bucharest：The Dangerous Tour.1992,https://img3.doubanio.com/lpic/s2541244.jpg,,2005-06-26, 美国,,9.7
伴我纵横,https://img3.doubanio.com/view/movie_poster_cover/lpst/public/p2348096781.jpg,刘伟强 (Wai Keung Lau),1992-04-02, 香港,李修贤 / 郭富城 / ,6.9
番茄超人 サラダ十勇士トマトマン,https://img3.doubanio.com/lpic/s2741821.jpg,笹川ひろし,1992, 日本,,8.1
毒吻,https://img3.doubanio.com/lpic/s4389075.jpg,陈兴中,1992, 中国大陆,阎青妤 / 高明 / 徐蕾 / 师小红 / 吴博 / 李兢 / 杨帆 / 谢衍 / 张力 / ,6.8
誓不忘情,https://img1.doubanio.com/lpic/s3056378.jpg,张之亮,1992-05-21, 香港,洪金宝 / 利智 / 林正英 / 邹兆龙 / 大岛由加利 / 午马 / ,6.6
黑暗之课 Lektionen in Finsternis,https://img1.doubanio.com/lpic/s6953798.jpg,沃纳·赫尔佐格,2002-10-26, 法国 / 英国 / 德国,,8.2
激情之鱼 Passion Fish,https://img3.doubanio.com/lpic/s2361200.jpg,约翰·塞尔斯,1992-09-17, 美国,玛丽·麦克唐纳 / 阿尔法·沃德 Alfre Woodard / ,7.2
生命故事：家庭危机 Lifestories: Families in Crisis,https://img3.doubanio.com/lpic/s3597565.jpg,艾伦·考特勒,1992-08-01, 美国,卡莉斯塔·弗洛克哈特 / Christine Jones / 约翰·库宁汉姆 / 朱迪·库恩 / ,8.8
The Making of Sgt. Pepper,https://img1.doubanio.com/lpic/s24519818.jpg,Alan Benson,1992-6-14, 英国,The Beatles / 保罗·麦卡特尼 / ,9.4
卡依哈 Kairat,https://img1.doubanio.com/lpic/s3900709.jpg,Darezhan Omirbayev,1997-12-31, Kazakhstan,Samat Beysenbin / Baljan Bisembekova / ,7.1
伙头福星,https://img3.doubanio.com/view/movie_poster_cover/lpst/public/p2167122301.jpg,于仁泰,1992-03-19, 香港,邵美琪 / Josephine Koo / 黎明 Leon Lai / 梁家仁 Ka-Yan Leung / ,6.4
一个危险的男人：阿拉伯的劳伦斯 Great Performances - A Dangerous Man: Lawrence After Arabia,https://img3.doubanio.com/view/movie_poster_cover/lpst/public/p2334065533.jpg,克里斯托弗·梅诺尔,1992-05-08(英国), 英国,拉尔夫·费因斯 / 亚历山大·希迪格 / 丹尼斯·奎勒 / 尼古拉斯·琼斯 / 罗杰·汉蒙德 / ,7.9
丁丁历险记 第二季 The Adventures of Tintin Season 2,https://img3.doubanio.com/lpic/s11367322.jpg,Stéphane Bernasconi,1992-01-06, 法国 / 加拿大,Colin O'Meara / David Fox / 韦恩·罗布森 / John Stocker / Dan Hennessey / ,9.2
1992年中央电视台春节联欢晚会,https://img1.doubanio.com/view/movie_poster_cover/lpst/public/p2263252748.jpg,赵安,1992-02-02, 中国大陆,赵忠祥 / 倪萍 / ,6.4
在爱的名义下 愛という名のもとに,https://img3.doubanio.com/lpic/s3783736.jpg,永山耕三,1992-01-09(日本), 日本,铃木保奈美 / 江口洋介 / 唐泽寿明 / 洞口依子 / 中岛宏海 / 中野英雄 / 夏川结衣 / 龙雷太 / 森本治行 / 山本耕史 / ,8.1
天荒情未了 Forever Young,https://img3.doubanio.com/view/movie_poster_cover/lpst/public/p1046516971.jpg,史蒂夫·迈纳,1992-12-11, 美国,梅尔·吉布森 / 杰米·李·柯蒂斯 / 乔治·温迪特 / 伊利亚·伍德 / ,7.5
梅花三弄之梅花烙,https://img1.doubanio.com/view/movie_poster_cover/lpst/public/p1572104599.jpg,沈怡,1993-10-13(台湾), 台湾,马景涛 / 陈德容 / 金铭 / 鲁文 / 沈海蓉 / 王秀峰 / 岳跃利 / ,7.0
书剑恩仇录,https://img1.doubanio.com/view/movie_poster_cover/lpst/public/p2317407638.jpg,鞠觉亮,1992-10-21, 台湾,龙隆 / 何家劲 / ,6.5
哗！英雄 嘩！英雄,https://img3.doubanio.com/view/movie_poster_cover/lpst/public/p1276119464.jpg,陈木胜,1992-02-27, 香港,刘德华 / 张曼玉 / 黄秋生 / 张耀扬 / 陈惠敏 / 张家辉 / 秦沛 / 成奎安 / ,5.8
大八卦 大八掛,https://img1.doubanio.com/lpic/s3061899.jpg,齐皇,06/26/1992, 香港,林国雄 / ,4.6
橡树 Balanţa,https://img1.doubanio.com/view/movie_poster_cover/lpst/public/p2326391189.jpg,卢西恩·平蒂列,1992-09-16, 法国 / 罗马尼亚,玛雅·摩根斯坦特 / 拉兹万·瓦西列斯库 / ,7.8
黑白游龙 White Men Can't Jump,https://img3.doubanio.com/view/movie_poster_cover/lpst/public/p2356955651.jpg,罗恩·谢尔顿,1992-03-27, 美国,韦斯利·斯奈普斯 / 伍迪·哈里森 / ,7.5
契卡 Чекист,https://img3.doubanio.com/lpic/s3937164.jpg,亚历山大·罗戈日金,1992-09-12, 俄罗斯,Igor Sergeev / Aleksei Poluyan / Mikhail Vasserbaum / Nina Usatova / Viktor Khozyainov / Ivan Shvedoff / ,7.3
亲密爱人 ホームワーク,https://img3.doubanio.com/lpic/s3573090.jpg,遠藤環,1992-10-16, 日本,,7.3
法国小馆儿  第九季 'Allo 'Allo! Season 9,https://img3.doubanio.com/lpic/s6484950.jpg,David Croft,1992-11-09, 英国,Gorden Kaye / Carmen Silvera / ,9.2
92霸王花与霸王花,https://img3.doubanio.com/lpic/s3056344.jpg,钱升玮,1992-12-17(香港), 香港,杨丽菁 / 李赛凤 / 吴君如 / 惠英红 / 董骠 / ,6.4
龙神太子 机Boy小子之真假威龙,https://img3.doubanio.com/view/movie_poster_cover/lpst/public/p2167122802.jpg,陈嘉上,1992-06-12, 香港,关之琳 / 刘德华 / 郭富城 / 吴君如 / 吴孟达 / 袁和平 / ,6.3
捉妖奇兵,https://img3.doubanio.com/lpic/s3750606.jpg,楊錦泉,1992-05-11(香港), 香港,张卫健 / 郭晋安 / ,8.3
哥斯拉之龙战四海 ゴジラvsモスラ,https://img1.doubanio.com/view/movie_poster_cover/lpst/public/p1861845988.jpg,大河原孝夫,1992-12-12, 日本,別所哲也 / 小林聪美 / 村田雄浩 / 小高惠美 / 小林昭二 / ,7.2
飞虎精英之人间有情,https://img1.doubanio.com/lpic/s3952799.jpg,邱礼涛,1992-05-29, 香港,张学友 / 吴孟达 / 郑秀文 / 秦沛 / ,6.6
彼得兔和朋友们的世界 The World of Peter Rabbit and Friends,https://img3.doubanio.com/lpic/s9085456.jpg,Geoff Dunbar,1992-05-13, 英国,Enn Reitel / Mary Jane Bowe / Jenny Moore / ,8.8
霍华德庄园 Howards End,https://img3.doubanio.com/view/movie_poster_cover/lpst/public/p2211131746.jpg,詹姆斯·伊沃里,1992-03-13, 英国 / 日本,安东尼·霍普金斯 / 艾玛·汤普森 / 瓦妮莎·雷德格瑞夫 / 海伦娜·伯翰·卡特 / ,7.5
侠圣,https://img3.doubanio.com/view/movie_poster_cover/lpst/public/p1915083310.jpg,黄文云,, 香港,刘德华 / ,5.9
壹号皇庭,https://img3.doubanio.com/view/movie_poster_cover/lpst/public/p2374274365.jpg,邓特希,1992-04-19, 香港,欧阳震华 / 陈秀雯 / 陶大宇 / ,8.1
牛的见证 Vacas,https://img3.doubanio.com/view/movie_poster_cover/lpst/public/p2374476055.jpg,胡里奥·密谭,1992-02-26, 西班牙,艾玛·苏雷兹 / 卡梅罗·戈麦兹 / 安娜·托伦特 / 卡拉·埃雷贾德 / Klara Badiola / Txema Blasco / ,7.9
樱桃小丸子：我喜欢的歌 さくらももこワールド ちびまる子ちゃん わたしの好きな歌,https://img3.doubanio.com/view/movie_poster_cover/lpst/public/p2387165150.jpg,須田裕美子,1992-12-19(日本), 日本,鳕子 / 鈴木みえ / 水谷优子 / 屋良有作 / 富山敬 / 佐々木優子 / 菊池正美 / ,8.7
最后的莫希干人 The Last of the Mohicans,https://img3.doubanio.com/view/movie_poster_cover/lpst/public/p2152405391.jpg,迈克尔·曼,1992-09-25, 美国,丹尼尔·戴-刘易斯 / 玛德琳·斯托 / 拉塞尔·敏斯 / 埃里克·施维克 / ,7.6
龙珠Z剧场版7：极限之战!! 三大超级赛亚人 ドラゴンボール Z 劇場版：極限バトル!! 三大超サイヤ人,https://img1.doubanio.com/view/movie_poster_cover/lpst/public/p2195439619.jpg,菊池一仁,1992-07-11, 日本,野泽雅子 / ,7.4
卓别林 Chaplin,https://img3.doubanio.com/view/movie_poster_cover/lpst/public/p860172116.jpg,理查德·阿滕伯勒,1992-12-18, 英国 / 美国 / 法国 / 意大利,小罗伯特·唐尼 / 杰拉丁·卓别林 / 保罗·瑞斯 / 约翰·肖 / 莫伊拉·凯利 / 安东尼·霍普金斯 / 丹·艾克罗伊德 / 玛丽莎·托梅 / 佩内洛普·安·米勒 / 凯文·克莱恩 / 玛丽亚·皮提罗 / 米拉·乔沃维奇 / 凯文·杜恩 / 黛布拉·摩尔 / ,8.3
哭泣的游戏 The Crying Game,https://img3.doubanio.com/view/movie_poster_cover/lpst/public/p2025903996.jpg,尼尔·乔丹,1992-09-02, 英国 / 日本,福里斯特·惠特克 / 米兰达·理查森 / 斯蒂芬·瑞 / 杰伊·戴维森 / 阿德里安·敦巴 / 吉姆·布劳德本特 / ,7.8
逃学英雄传 逃學英雄傳,https://img1.doubanio.com/view/movie_poster_cover/lpst/public/p1610992498.jpg,王晶,, 香港,郭富城 / 张敏 / 邱淑贞 / 吴孟达 / 张坚庭 / ,6.2
十五岁的中学生,https://img3.doubanio.com/f/movie/30c6263b6db26d055cbbe73fe653e29014142ea3/pics/movie/movie_default_large.png,王小平,1992, 中国大陆,,"
    "
哗鬼旅行团,https://img3.doubanio.com/view/movie_poster_cover/lpst/public/p2227964096.jpg,刘仕裕,1992-03-26, 香港,林正英 / 吴君如 / 邱建国 / 曹查理 / 胡枫 / 熊欣欣 / ,6.3
多情一屋,https://img1.doubanio.com/view/movie_poster_cover/lpst/public/p2302940669.jpg,高超,1992-2-10, 台湾,顾冠忠 / 许文怀 / 茵茵 / 叶烦 / 徐文心 / 天曙 / ,"
    "
跟住去边度 黃子華栋笃笑之跟住去邊度,https://img3.doubanio.com/view/movie_poster_cover/lpst/public/p2329970542.jpg,黃子華,1992-12-18, 香港,,9.2
割草者 The Lawnmower Man,https://img3.doubanio.com/view/movie_poster_cover/lpst/public/p2349366765.jpg,布雷特 伦纳德 (Brett Leonard),1992-03-06, 英国 / 美国 / 日本,Pierce Brosnan / Jeff Fahey / ,6.6
坏中尉 Bad Lieutenant,https://img1.doubanio.com/view/movie_poster_cover/lpst/public/p2337735188.jpg,阿贝尔·费拉拉,1992-09-16, 美国,哈威·凯特尔 / 维克多·阿尔果 / Paul Calderon / Leonard L. Thomas / ,7.1
冰上奇缘 The Cutting Edge,https://img3.doubanio.com/view/movie_poster_cover/lpst/public/p2324372842.jpg,保罗·迈克尔·格拉泽,1992-03-27, 美国,D·B·斯威尼 / 莫伊拉·凯利 / 特瑞·欧奎恩 / ,7.9
今生情未了 Un coeur en hiver,https://img3.doubanio.com/view/movie_poster_cover/lpst/public/p2177943695.jpg,克洛德·苏台,1992-09-02(法国), 法国,丹尼尔·奥图 / 艾曼纽·贝阿 / 安德烈·杜索里埃 / 伊丽莎白·布尔吉娜 / 布利特·卡迪雍 / Myriam Boyer / 斯坦尼斯拉斯·卡雷·德·马尔博格 / ,8.3
周恩来,https://img3.doubanio.com/view/movie_poster_cover/lpst/public/p2363453322.jpg,丁荫楠,1992-01-19, 中国大陆,王铁成 / 郑小娟 / 张云立 / 陈惠良 / 蓝天野 / 王卫国 / 张艳丽 / 卢奇 / 顾岚 / 章小蕙 / 林艺 / 刘怀正 / 高长利 / 郭法曾 / 于是之 / 赵剑 / 李维新 / 王庚 / 李雪红 / 苏政 / 王希钟 / 黎继明 / 辛静 / 刘群 / 王慧源 / 郑振瑶 / 刘锡田 / Fang Jie / ,8.1
心香,https://img3.doubanio.com/lpic/s3106975.jpg,孙周,1992-11-07(中国大陆), 中国大陆,朱旭 / 王玉梅 / ,8.4
大亨游戏 Glengarry Glen Ross,https://img1.doubanio.com/view/movie_poster_cover/lpst/public/p2160112327.jpg,詹姆斯·弗雷,1992-10-02(美国), 美国,阿尔·帕西诺 / 杰克·莱蒙 / 亚历克·鲍德温 / 艾伦·阿金 / 艾德·哈里斯 / 凯文·史派西 / ,7.9
反斗马骝,https://img1.doubanio.com/lpic/s1954309.jpg,曾志伟,1993-04-15, 香港,刘德华 / 梁朝伟 / 袁洁莹 / 徐少强 / 成奎安 / 林国斌 / 李志希 / 陈勋奇 / ,6.4
危险第三情 Unlawful Entry,https://img3.doubanio.com/lpic/s6993964.jpg,乔纳森·卡普兰,1992-06-26, 美国 / 日本,库尔特·拉塞尔 / 雷·利奥塔 / ,6.6
火玫瑰,https://img3.doubanio.com/lpic/s2657344.jpg,刘仕裕,1992-05-04（香港）, 香港,温碧霞 / 温兆伦 / 罗嘉良 / 黄伟 / ,7.9
离婚,https://img3.doubanio.com/view/movie_poster_cover/lpst/public/p2296031260.jpg,王好为,1992, 中国大陆,赵有亮 / 丁嘉丽 / 李丁 / 陈小艺 / ,8.0
东京电梯小姐 東京エレベーターガール,https://img1.doubanio.com/view/movie_poster_cover/lpst/public/p2151566547.jpg,佐野史郎,1992, 日本,宫泽理惠 / 赤井英和 / 东干久 / 奥山佳惠 / 中岛朋子 / ,7.4
班尼的录像带 Benny's Video,https://img3.doubanio.com/view/movie_poster_cover/lpst/public/p2190098445.jpg,迈克尔·哈内克,1992-05-13, 奥地利 / 瑞士,亚诺·弗里斯奇 / 安吉拉·温科勒 / 乌尔里希·穆埃 / ,7.7
色降2之血玫瑰 色降II之血玫瑰,https://img1.doubanio.com/view/movie_poster_cover/lpst/public/p2325108667.jpg,林华全,1992, 香港,汪永芳 / 曾小燕 / 方中信 / 杨仲恩 / 黄伟良 / 龙天祥 / 钟震宏 / 徐双霞 / 林淑媛 / Bi-Bi / 初本科 / ,4.4
旅行 El Viaje,https://img3.doubanio.com/view/movie_poster_cover/lpst/public/p2190068903.jpg,费尔南多·索拉纳斯,1992-04-30, 阿根廷 / 墨西哥 / 西班牙 / 法国 / 英国,Walter Quiroz / Soledad Alfaro / Ricardo Bartis / Christina Becerra / ,8.8
大地雄心 Far and Away,https://img3.doubanio.com/view/movie_poster_cover/lpst/public/p2175156032.jpg,朗·霍华德,1992-05-22, 美国,汤姆·克鲁斯 / 妮可·基德曼 / 托马斯·吉布森 / 罗伯特·普罗斯基 / 芭芭拉·巴布科克 / 西里尔·库萨克 / Eileen Pollock / 科尔姆·米尼 / 米歇尔·约翰逊 / Niall Toibin / 巴里·麦戈文 / ,7.8
舐血夜魔 Sleepwalkers,https://img3.doubanio.com/view/movie_poster_cover/lpst/public/p1592904406.jpg,米克·加里斯,1992-04-10, 美国,布莱恩·克劳斯 / 梅晨·阿米克 / 艾丽丝·克里奇 / ,6.1
东京巴比伦 Tokyo Babylon,https://img1.doubanio.com/lpic/s1515909.jpg,千明孝一,1992-10-21(日本), 日本,山口胜平 / 伊藤美纪 / 子安武人 / Jenny Baker / ,8.1
巧克力情人 Como agua para chocolate,https://img3.doubanio.com/view/movie_poster_cover/lpst/public/p2387037811.jpg,阿方索·阿雷奥,1992-04-16(墨西哥), 墨西哥,马克·莱昂纳蒂 / 卢米·卡范佐斯 / ,7.6
好人寥寥 A Few Good Men,https://img3.doubanio.com/view/movie_poster_cover/lpst/public/p2242713860.jpg,罗伯·莱纳,1992-12-11, 美国,汤姆·克鲁斯 / 杰克·尼科尔森 / 黛米·摩尔 / 凯文·贝肯 / 基弗·萨瑟兰 / ,7.9
心灵的阴影 El lado oscuro del corazón,https://img3.doubanio.com/lpic/s3599713.jpg,Eliseo Subiela,1992-05-21, 阿根廷 / 加拿大,Darío Grandinetti / Sandra Ballesteros / ,7.5
大人别出声 Noises Off,https://img3.doubanio.com/view/movie_poster_cover/lpst/public/p1186468121.jpg,彼得·博格丹诺维奇,1992-03-20, 美国,卡罗尔·博内特 / 迈克尔·凯恩 / 丹霍姆·艾略特 / ,8.3
俏皮小花仙 花の魔法使いマリーベル,https://img1.doubanio.com/lpic/s2369469.jpg,远藤彻哉,1992-02-03(日本), 日本,本多知惠子 / 坂本千夏 / 伊仓一惠 / 折笠爱 / 兴梠里美 / 小樱悦子 / 京田尚子 / 松本保典 / ,8.3
阿修罗 阿修羅,https://img3.doubanio.com/view/movie_poster_cover/lpst/public/p2162023242.jpg,蓝乃才,1990-01-29, 香港 / 日本,叶蕴仪 / 元彪 / 李丽珍 / 阿部宽 / ,6.2
一碗阳春面 一杯のかけそば,https://img3.doubanio.com/view/movie_poster_cover/lpst/public/p2182803213.jpg,西河克己,1992-02-15, 日本,泉ピン子 / 鶴見辰吾 / 佐藤弘 / 小尾昌也 / ,9.0
太阳之子,https://img3.doubanio.com/view/movie_poster_cover/lpst/public/p1902942310.jpg,丽莎·德·莱妩,1992, 中国大陆,刘芝玲 / 王毅 / 阎青 / ,6.6
妖怪都市,https://img3.doubanio.com/view/movie_poster_cover/lpst/public/p2219049091.jpg,袁祥仁,1992-06-19, 香港,林正英 / 陈雅伦 / 张国强 / 徐曼华 / 周比利 / 胡枫 / 曹查理 / 朱咪咪 / ,6.0
真的爱你,https://img3.doubanio.com/lpic/s3086921.jpg,谭朗昌,1992-12-03, 香港,张学友 / 张曼玉 / 吴孟达 / 吴君如 / 陈晓莹 / 苑琼丹 / ,7.2
三国志：英雄的黎明 三国志 第一部・英雄たちの夜明け,https://img1.doubanio.com/lpic/s4223558.jpg,勝間田具治,1992-01-25, 日本,渡哲也 / あおい輝彦 / 青野武 / 石田太郎 / 津嘉山正种 / 潘惠子 / ,9.0
大决战3：平津战役,https://img1.doubanio.com/lpic/s2182749.jpg,李俊,1992, 中国大陆,古月 / 苏林 / 马绍信 / 鲁继先 / 史崇仁 / 赵恒多 / ,7.2
鬼娘子,https://img1.doubanio.com/view/movie_poster_cover/lpst/public/p2228882988.jpg,Kuen Moi Long,1992, 香港,茅瑛 / 林威 / 林国斌 / 金姬 / 龙世家 / 白雨辰 / 龙冠武 / 胖三 / ,5.6
舢舨92之爱的出航,https://img1.doubanio.com/view/movie_poster_cover/lpst/public/p1994232477.jpg,狄安,1992-6-25, 香港,飞鸟珠美 / 光友牙子 / 丛世权 / 梁少狄 / 何民居 / ,4.5
富贵黄金屋 富貴黃金屋,https://img3.doubanio.com/lpic/s4189105.jpg,高志森,1992-02-27(香港), 香港,董骠 / 沈殿霞 / 陈奕诗 / 李丽珍 / 关佩琳 / 卢冠廷 / 高志森 / 方平 / 黄光亮 / 邵传勇 / 何启南 / 刘玉婷 / 许芬 / 谷德昭 / ,7.4
夏日情人,https://img3.doubanio.com/view/movie_poster_cover/lpst/public/p2164844113.jpg,高志森,1992-09-17, 香港,张坚庭 / 叶玉卿 / 莫少聪 / 李丽珍 / 周慧敏 / ,5.9
黑潮 Malcolm X,https://img3.doubanio.com/view/movie_poster_cover/lpst/public/p2063640076.jpg,斯派克·李,1992-11-18(美国), 美国 / 日本,丹泽尔·华盛顿 / 安吉拉·贝塞特 / 阿尔伯特·海尔 / 小阿尔·弗里曼 / 斯派克·李 / ,8.0
幽游白书 ゆうゆうはくしょ,https://img3.doubanio.com/view/movie_poster_cover/lpst/public/p2260254885.jpg,阿部纪之,1992-10-10, 日本,佐佐木望 / 千叶繁 / 桧山修之 / 绪方惠美 / 田中真弓 / 森川智之 / 天野由梨 / 子安武人 / 林原惠美 / 折笠爱 / 大谷育江 / 川村万梨阿 / 井上瑶 / 飞田展男 / 若本规夫 / 西村知道 / 曾我部和恭 / 松本保典 / 纳谷六朗 / 高山みなみ / 江原正士 / 二又一成 / 菅生隆之 / 山口胜平 / 古田信幸 / 近藤玲子 / ,8.8
大河恋 A River Runs Through It,https://img3.doubanio.com/view/movie_poster_cover/lpst/public/p949393266.jpg,罗伯特·雷德福,1992-09-13, 美国,布拉德·皮特 / 克莱格·谢佛 / 汤姆·斯凯里特 / 布兰达·布莱斯 / 伊迪·迈克莱尔 / 约瑟夫·高登-莱维特 / 艾米丽·劳伊德 / ,8.4
蒙娜丽莎步下楼梯 Mona Lisa Descending a Staircase,https://img1.doubanio.com/lpic/s1831988.jpg,Joan C. Gratz,1992(美国), 美国,,7.7
杨贵妃,https://img3.doubanio.com/view/movie_poster_cover/lpst/public/p2257883822.jpg,陈家林,, 中国大陆,周洁 / 刘文治  / ,7.5
善意的背叛 Den goda viljan,https://img3.doubanio.com/view/movie_poster_cover/lpst/public/p2442222605.jpg,比利·奥古斯特,1992-07-03(英国), 瑞典 / 德国 / 英国 / 意大利 / 法国 / 丹麦 / 挪威 / 芬兰 / 冰岛,萨穆埃尔·弗洛勒 / 潘妮拉·奥古斯特 / 马克斯·冯·叙多 / 格茜塔·诺比 / Lennart Hjulström / Mona Malm / 莱娜·恩卓 / 科夫·赫杰姆 / 伯恩·谢尔曼 / 伯杰·阿斯特 / 汉斯·艾尔佛森 / Lena T. Hansson / ,8.5
甩皮鬼,https://img3.doubanio.com/view/movie_poster_cover/lpst/public/p2227364111.jpg,陈会毅,1992-09-24, 香港,林正英 / 楼南光 / 陈颖芝 / 金十二 / 谢伟杰 / ,5.9
妖兽都市 妖獸都市,https://img3.doubanio.com/view/movie_poster_cover/lpst/public/p1798078783.jpg,麦大杰,1992-11-20(香港), 香港,黎明 / 李嘉欣 / 仲代达矢 / 张学友 / 张耀扬 / 李若彤 / 袁和平 / ,6.0
大迷信,https://img3.doubanio.com/view/movie_poster_cover/lpst/public/p2227959890.jpg,卢庭杰,1992-03-07(香港), 香港,李居明 / 倪淑君 / ,6.0
大咸湿 大咸濕,https://img3.doubanio.com/lpic/s3186633.jpg,陈奥图,1992-06-17, 香港,黄霑 / ,7.4
冬天的故事 Conte d'hiver,https://img3.doubanio.com/view/movie_poster_cover/lpst/public/p1665123572.jpg,埃里克·侯麦,1992-01-29, 法国,Charlotte Véry / Frédéric van den Driessche / Michael Voletti / ,8.3
无言的山丘 無言的山丘,https://img3.doubanio.com/view/movie_poster_cover/lpst/public/p2264065260.jpg,王童,1992-12-05(台湾), 台湾,杨贵媚 / 黄品源 / 澎恰恰 / 文英 / ,8.9
暗恋桃花源 暗戀桃花源,https://img3.doubanio.com/view/movie_poster_cover/lpst/public/p2194108903.jpg,赖声川,1992, 台湾,林青霞 / 李立群 / 金士杰 / 丁乃筝 / 顾宝明 / ,8.5
红猪 紅の豚,https://img1.doubanio.com/view/movie_poster_cover/lpst/public/p1910906848.jpg,宫崎骏,1992-07-18, 日本,森山周一郎 / 冈村明美 / 加藤登纪子 / ,8.3
天地玄黄 Baraka,https://img3.doubanio.com/view/movie_poster_cover/lpst/public/p1245254713.jpg,罗恩·弗里克,1992-09-15, 美国,,9.1
惊情四百年 Dracula,https://img3.doubanio.com/view/movie_poster_cover/lpst/public/p455782695.jpg,弗朗西斯·福特·科波拉,1992-11-13(美国), 美国,加里·奥德曼 / 薇诺娜·瑞德 / 安东尼·霍普金斯 / 基努·里维斯 / 理查德·E·格兰特 / 加利·艾尔维斯 / 比利·坎贝尔 / 珊迪·弗罗斯特 / 汤姆·威兹 / ,7.7
修女也疯狂 Sister Act,https://img3.doubanio.com/view/movie_poster_cover/lpst/public/p1505765195.jpg,埃米利·阿朵里诺,1992-05-29, 美国,乌比·戈德堡 / 玛吉·史密斯 / 凯茜·纳基麦 / 温迪·麦凯纳 / ,8.0
亚飞与亚基,https://img1.doubanio.com/view/movie_poster_cover/lpst/public/p2327421659.jpg,柯受良,1992-08-06, 香港,梁朝伟 / 张学友 / 袁咏仪 / 曾志伟 / 汤镇业 / ,7.7
辣手神探,https://img3.doubanio.com/view/movie_poster_cover/lpst/public/p479402224.jpg,吴宇森,1992-04-16, 香港,周润发 / 梁朝伟 / 毛舜筠 / 陈欣健 / 黄秋生 / 郭追 / 关海山 / 林保怡 / 欧阳震华 / ,7.9
小鬼当家2 Home Alone 2: Lost in New York,https://img3.doubanio.com/view/movie_poster_cover/lpst/public/p1228115890.jpg,克里斯·哥伦布,"1992-11-15(加利福尼亚世纪城首映),1992-11-20(美国)", 美国,麦考利·卡尔金 / 乔·佩西 / 丹尼尔·斯特恩 / 凯瑟琳·欧哈拉 / 约翰·赫德 / 戴文·雷特瑞 / 希拉里•沃尔夫 / 莫琳·伊丽莎白·谢伊 / 迈克尔·C·莫罗纳 / 杰瑞·巴曼 / 泰利·斯内尔 / 杰迪代亚·科恩 / 森塔·摩西 / 戴阿娜·坎佩露 / 基南·卡尔金 / ,7.7
蝙蝠侠归来 Batman Returns,https://img1.doubanio.com/view/movie_poster_cover/lpst/public/p1502647347.jpg,蒂姆·波顿,1992-06-19(美国), 美国 / 英国,迈克尔·基顿 / 丹尼·德维托 / 米歇尔·菲佛 / 克里斯托弗·沃肯 / ,7.1
新僵尸先生,https://img3.doubanio.com/view/movie_poster_cover/lpst/public/p2162765374.jpg,刘观伟,1992-08-08, 香港,钱小豪 / 林正英 / 许冠英 / 关秀媚 / 谭凯欣 / 徐曼华 / 吴君如 / 楼南光 / 陈惠敏 / 林保怡 / ,7.1
双龙会 雙龍會,https://img3.doubanio.com/view/movie_poster_cover/lpst/public/p1914274264.jpg,徐克,1992-01-15, 香港,成龙 / 张曼玉 / 利智 / 泰迪·罗宾 / 黄霑 / 张艾嘉 / 姜大卫 / 张坚庭 / 张婉婷 / 陈友 / ,7.3
笼民 籠民,https://img1.doubanio.com/view/movie_poster_cover/lpst/public/p1977994178.jpg,张之亮,1992-09-16, 香港,黄家驹 / 乔宏 / 廖启智 / 陈国新 / 泰迪·罗宾 / 李名炀 / 刘洵 / 刘以达 / 邱礼涛 / 祖·尊尼亚 / 谷峰 / ,8.8
大时代 大時代,https://img3.doubanio.com/view/movie_poster_cover/lpst/public/p1930386300.jpg,韦家辉,1992-10-05(香港), 香港,刘青云 / 周慧敏 / 郭蔼明 / 郑少秋 / 李丽珍 / 蓝洁瑛 / 邵仲衡 / 欧阳莎菲 / 陶大宇 / 吴启明 / 刘松仁 / 杨羚 / 林保怡 / ,9.1
警察故事3：超级警察 警察故事III超級警察,https://img3.doubanio.com/view/movie_poster_cover/lpst/public/p2233939993.jpg,唐季礼,1992-07-04, 香港,成龙 / 杨紫琼 / 张曼玉 / 曾江 / 元华 / ,7.3
血色清晨,https://img1.doubanio.com/view/movie_poster_cover/lpst/public/p1263506579.jpg,李少红,1992, 中国大陆,赵军 / 胡亚捷 / 孔琳 / 路辉 / 王光权 / ,8.1
异形3 Alien³,https://img3.doubanio.com/view/movie_poster_cover/lpst/public/p1593615176.jpg,大卫·芬奇,1992-05-22(美国), 美国,西格妮·韦弗 / 查尔斯·达顿 / 查尔斯·丹斯 / 保尔·麦克盖恩 / 布莱恩·格洛弗 / 拉尔夫·布朗 / 丹尼·韦伯 / 克里斯托弗·约翰·菲尔兹 / 霍特·麦克卡兰尼 / 兰斯·亨利克森 / ,7.1
小龙人,https://img3.doubanio.com/view/movie_poster_cover/lpst/public/p2374799035.jpg,寒山,1992-06-01, 中国大陆,陈嘉男 / 陈晨 / 柳田 / ,8.3
编辑部的故事,https://img3.doubanio.com/f/movie/03d3c900d2a79a15dc1295154d5293a2d5ebd792/pics/movie/tv_default_large.png,赵宝刚,1992, 中国大陆,葛优 / 张瞳 / 侯耀华 / 吕丽萍 / 吕齐 / ,8.6
保镖 The Bodyguard,https://img3.doubanio.com/view/movie_poster_cover/lpst/public/p1679820460.jpg,米克·杰克逊,1992-11-25(美国), 美国,凯文·科斯特纳 / 惠特尼·休斯顿 / 加里·凯普 / 比尔·考布斯 / 拉尔夫·韦特 / 托马斯·阿拉纳 / 米歇尔·拉马尔·理查德斯 / 迈克·斯塔尔 / Christopher Birt / 德沃恩·尼克森 / 杰瑞·巴曼 / 乔·乌拉 / Tony Pierce / Charles Keating / 罗伯特·乌尔 / 黛比·雷诺斯 / Danny Kamin / Ethel Ayler / Sean Cheesman / ,7.9
黄飞鸿之二：男儿当自强 黃飛鴻之二男兒當自強,https://img1.doubanio.com/view/movie_poster_cover/lpst/public/p2208211607.jpg,徐克,1992-04-16, 香港,李连杰 / 关之琳 / 甄子丹 / 莫少聪 / 姜大卫 / 熊欣欣 / 张铁林 / 任世官 / 梁日豪 / 何家驹 / ,7.7
阿拉丁 Aladdin,https://img3.doubanio.com/view/movie_poster_cover/lpst/public/p1833285442.jpg,罗恩·克莱蒙兹,1992-11-25, 美国,斯科特·维内尔 / 罗宾·威廉姆斯 / ,8.0
奥兰多 Orlando,https://img3.doubanio.com/view/movie_poster_cover/lpst/public/p2183010663.jpg,莎莉·波特,1992-09-01, 英国 / 俄罗斯 / 法国 / 意大利 / 荷兰,蒂尔达·斯文顿 / 比利·赞恩 / 昆廷·克里斯普 / John Bott / Elaine Banham / Anna Farnworth / Sara Mair-Thomas / Anna Healy / 杜德里·沙顿 / 西蒙·拉塞尔·比尔 / Matthew Sim / 杰罗姆·威利斯 / Viktor Stepanov / 夏洛特·瓦兰椎 / ,8.1
审死官 審死官,https://img3.doubanio.com/view/movie_poster_cover/lpst/public/p2265204834.jpg,杜琪峰,1992-07-02(香港), 香港,周星驰 / 梅艳芳 / 吴家丽 / 吴孟达 / 秦沛 / 梁家仁 / 苑琼丹 / 黄一飞 / ,7.3
大撒把,https://img3.doubanio.com/view/movie_poster_cover/lpst/public/p2377197353.jpg,夏钢,1992, 中国大陆,葛优 / 徐帆 / 张惠中 / 盖丽丽 / ,7.7
蜡笔小新 クレヨンしんちゃん,https://img3.doubanio.com/lpic/s2141791.jpg,臼井仪人,1992-04-13(日本), 日本,柚木凉香 / 矢岛晶子 / 藤原启治 / 楢桥美纪 / 高田由美 / 盐泽兼人 / ,8.9
美少女战士 美少女戦士セーラームーン,https://img3.doubanio.com/view/movie_poster_cover/lpst/public/p2178340302.jpg,佐藤顺一,"1997-06-01(中国大陆),1992-03-07(日本)", 日本,三石琴乃 / 久川绫 / 富泽美智惠 / 篠原惠美 / 深见梨加 / 古谷彻 / 潘惠子 / 荒木香惠 / 小野坂昌也 / 森功至 / 难波圭一 / 曾我部和行 / 高木早苗 / ,8.4
本能 Basic Instinct,https://img1.doubanio.com/view/movie_poster_cover/lpst/public/p1910917679.jpg,保罗·范霍文,1992-03-20, 美国 / 法国,迈克尔·道格拉斯 / 莎朗·斯通 / 乔治·杜兹达扎 / 珍妮·特里普里霍恩 / ,7.7
情人 L'amant,https://img1.doubanio.com/view/movie_poster_cover/lpst/public/p1910917507.jpg,让-雅克·阿诺,"1992-01-22(法国),1992-06-19(英国)", 法国 / 英国 / 越南,珍·玛奇 / 梁家辉 / Arnaud Giovaninetti / ,8.0
阮玲玉,https://img1.doubanio.com/view/movie_poster_cover/lpst/public/p768817927.jpg,关锦鹏,"1991-11-29(台湾),1992-02-20(香港)", 香港,张曼玉 / 吴启华 / 刘嘉玲 / 梁家辉 / 叶童 / 秦汉 / 李子雄 / ,8.4
笑傲江湖2：东方不败 笑傲江湖II東方不敗,https://img3.doubanio.com/view/movie_poster_cover/lpst/public/p838966341.jpg,程小东,1992-06-26(香港), 香港,李连杰 / 林青霞 / 关之琳 / 李嘉欣 / 李子雄 / 余安安 / 袁洁莹 / 刘洵 / 任世官 / ,8.3
逃学威龙2 逃學威龍2,https://img3.doubanio.com/view/movie_poster_cover/lpst/public/p1177313584.jpg,陈嘉上,1992-04-09(香港), 香港,周星驰 / 张敏 / 吴孟达 / 朱茵 / 叶德娴 / 方保罗 / 周文健 / 柯受良 / ,7.2
鹿鼎记 鹿鼎記,https://img3.doubanio.com/view/movie_poster_cover/lpst/public/p1655229345.jpg,王晶,1992-07-30(香港), 香港,周星驰 / 吴孟达 / 张敏 / 吴君如 / 邱淑贞 / 刘松仁 / 陈百祥 / 袁洁莹 / 温兆伦 / 徐锦江 / ,7.8
武状元苏乞儿,https://img3.doubanio.com/view/movie_poster_cover/lpst/public/p2002731301.jpg,陈嘉上,1992-12-17(香港), 香港,周星驰 / 张敏 / 吴孟达 / 徐少强 / 林威 / 陈百祥 / 郑丹瑞 / 苑琼丹 / ,7.4
落水狗 Reservoir Dogs,https://img3.doubanio.com/view/movie_poster_cover/lpst/public/p449528372.jpg,昆汀·塔伦蒂诺,1992-01-21(圣丹斯电影节), 美国,哈威·凯特尔 / 蒂姆·罗斯 / 迈克尔·马德森 / 克里斯·潘 / 史蒂夫·布西密 / ,8.3
秋菊打官司,https://img3.doubanio.com/view/movie_poster_cover/lpst/public/p1366467090.jpg,张艺谋,1992-09-07(威尼斯电影节), 中国大陆 / 香港,巩俐 / 刘佩琦 / 雷恪生 / 戈治均 / ,7.8
苦月亮 Bitter Moon,https://img3.doubanio.com/view/movie_poster_cover/lpst/public/p1191862681.jpg,罗曼·波兰斯基,1992-09-23, 法国 / 英国 / 美国,休·格兰特 / 克里斯汀·斯科特·托马斯 / 艾玛纽尔·塞尼耶 / ,8.2
推手,https://img1.doubanio.com/view/movie_poster_cover/lpst/public/p1814163048.jpg,李安,1991-12-07(金马影展), 台湾 / 美国,郎雄 / 王莱 / 王伯昭 / Deb Snyder / ,8.4
鹿鼎记2：神龙教 鹿鼎記II 神龍教,https://img3.doubanio.com/view/movie_poster_cover/lpst/public/p1655227895.jpg,王晶,1992-09-24(香港), 香港,周星驰 / 邱淑贞 / 林青霞 / 李嘉欣 / 陈百祥 / 刘松仁 / 温兆伦 / 汤镇业 / 吴君如 / 袁洁莹 / 陈德容 / ,7.6
新白娘子传奇 新白娘子傳奇,https://img3.doubanio.com/view/movie_poster_cover/lpst/public/p2225032274.jpg,夏祖辉,"1993-02-01(中国大陆),1992-11-15(台湾)", 台湾,赵雅芝 / 叶童 / 陈美琪 / 石乃文 / 夏光莉 / 乾德门 / 尹宝莲 / ,9.0
