电影名,海报链接,导演,时间,地区,演员,评分
黄飞鸿之四：王者之风 黃飛鴻之四王者之風,https://img1.doubanio.com/view/movie_poster_cover/lpst/public/p2047660078.jpg,元彬,1993-06-10(香港), 中国大陆 / 香港,赵文卓 / 王静莹 / 莫少聪 / 熊欣欣 / 周比利 / 钱嘉乐 / 刘洵 / 王志文 / ,6.9
少年黄飞鸿之铁马骝,https://img3.doubanio.com/view/movie_poster_cover/lpst/public/p2204698976.jpg,袁和平,1993-09-03, 香港,甄子丹 / 王静莹 / 于荣光 / 李辉 / 曾思敏 / 任世官 / 黄沾 / ,7.4
曼哈顿谋杀疑案 Manhattan Murder Mystery,https://img3.doubanio.com/view/movie_poster_cover/lpst/public/p2083734431.jpg,伍迪·艾伦,1993-08-18(美国), 美国,伍迪·艾伦 / 黛安·基顿 / 杰里·阿德勒 / 林恩·科恩 / 朗·瑞弗金 / ,7.8
杀人者唐斩,https://img3.doubanio.com/lpic/s1659231.jpg,钟少雄,1993-09-23, 香港 / 中国,张丰毅 / 关之琳 / 莫少聪 / ,6.5
抢钱夫妻,https://img3.doubanio.com/view/movie_poster_cover/lpst/public/p2027457540.jpg,张之亮,1993-12-22, 香港,许冠文 / 萧芳芳 / 邓一君 / 陈少霞 / 左诗蓓 / 雷宇扬 / 刘玉翠 / ,8.1
因父之名 In the Name of the Father,https://img1.doubanio.com/view/movie_poster_cover/lpst/public/p758788727.jpg,吉姆·谢里丹,"1993-12-12(爱尔兰首映),1993-12-27(爱尔兰)", 爱尔兰 / 英国 / 美国,丹尼尔·戴-刘易斯 / 皮特·波斯尔思韦特 / 约翰·林奇 / 马克·谢泼德 / 比蒂·埃德尼 / 艾玛·汤普森 / 安东尼·布罗菲 / Frankie McCafferty / Maureen McBride / Don Baker / 科林·雷德格瑞夫 / 杰拉德·迈克索利 / Frank Harper / 杰米·哈里斯 / 汤姆·威尔金森 / Kelly McKeavney / Alison Crosbie / Philip King / Nye Heron / 保罗·沃利纳 / Julian Walsh / Stuart Wolfenden / Jo Connor / Karen Carlisle / Seamus Moran / Billy Byrne / ,8.8
岁月风云之上海皇帝 歲月風雲之上海皇帝,https://img3.doubanio.com/view/movie_poster_cover/lpst/public/p2043222004.jpg,潘文杰,1993-01-22, 香港,吕良伟 / 郑则仕 / 徐锦江 / 刘嘉玲 / ,7.8
亚当斯一家的价值观 Addams Family Values,https://img3.doubanio.com/view/movie_poster_cover/lpst/public/p652970475.jpg,巴里·索南菲尔德,1993-11-19, 美国,克里斯蒂娜·里奇 / 安杰丽卡·休斯顿 / 克里斯托弗·洛伊德 / 劳尔·朱力亚 / 琼·库萨克 / 卡洛·凯恩 / ,8.6
金色豪门 The House of the Spirits,https://img1.doubanio.com/view/movie_poster_cover/lpst/public/p1583139779.jpg,比利·奥古斯特,1993-10-21, 德国 / 葡萄牙 / 丹麦 / 美国,梅丽尔·斯特里普 / 格伦·克洛斯 / 杰瑞米·艾恩斯 / 薇诺娜·瑞德 / 安东尼奥·班德拉斯 / 瓦妮莎·雷德格瑞夫 / ,8.1
男孩的生活 This Boy's Life,https://img3.doubanio.com/view/movie_poster_cover/lpst/public/p1413555181.jpg,迈克尔·卡顿·琼斯,1993-04-09, 美国,罗伯特·德尼罗 / 艾伦·巴金 / 莱昂纳多·迪卡普里奥 / 约翰·布莱奇曼 / 艾丽莎·杜什库 / 克里斯·库珀 / 卡拉·古奇诺 / Zachary Ansley / Kathy Kinney / Robert Zameroski / 托比·马奎尔 / ,8.1
妖怪都市,https://img3.doubanio.com/view/movie_poster_cover/lpst/public/p2219049091.jpg,袁祥仁,1992-06-19, 香港,林正英 / 陈雅伦 / 张国强 / 徐曼华 / 周比利 / 胡枫 / 曹查理 / 朱咪咪 / ,6.0
的士判官,https://img3.doubanio.com/view/movie_poster_cover/lpst/public/p838342846.jpg,邱礼涛,1993-10-14, 香港,黄秋生 / 吴孟达 / 朱茵 / 于荣光 / ,7.1
六指琴魔,https://img3.doubanio.com/view/movie_poster_cover/lpst/public/p1146873233.jpg,吴勉勤,1994-01-08(香港), 香港 / 中国大陆,林青霞 / 元彪 / 刘嘉玲 / 林威 / 午马 / 徐锦江 / ,7.0
偷窥 Sliver,https://img3.doubanio.com/view/movie_poster_cover/lpst/public/p2136057502.jpg,菲利普·诺伊斯,1993-05-21, 美国,莎朗·斯通 / 威廉·鲍德温 / ,6.3
黄飞鸿之铁鸡斗蜈蚣 黃飛鴻之鐵雞鬥蜈蚣,https://img1.doubanio.com/view/movie_poster_cover/lpst/public/p2351999788.jpg,王晶,1993-04-01(香港), 香港,李连杰 / 陈百祥 / 袁咏仪 / 张敏 / ,6.8
风尘三侠,https://img3.doubanio.com/view/movie_poster_cover/lpst/public/p2245027634.jpg,李志毅,1993-02-26, 香港,梁家辉 / 梁朝伟 / 郑丹瑞 / 周文健 / 柏安妮 / 袁咏仪 / 刘锦玲 / 朱茵 / 周慧敏 / 宣萱 / ,7.1
邦尼和琼 Benny & Joon,https://img1.doubanio.com/view/movie_poster_cover/lpst/public/p511366698.jpg,耶利米·S·谢奇克,1993-04-16, 美国,约翰尼·德普 / 玛丽·斯图尔特·马斯特森 / 艾丹·奎因 / 朱丽安·摩尔 / ,8.5
戏梦人生 戲夢人生,https://img3.doubanio.com/view/movie_poster_cover/lpst/public/p2181531342.jpg,侯孝贤,1993-09-13(多伦多电影节), 台湾,蔡振南 / 洪流 / 黄倩茹 / 李天禄 / 林强 / ,8.3
反斗神鹰2 Hot Shots! Part Deux,https://img1.doubanio.com/view/movie_poster_cover/lpst/public/p2327819439.jpg,吉姆·艾布拉姆斯,1993-05-21, 美国,查理·辛 / 劳埃德·布里奇斯 / 瓦莱莉·高利诺 / 理查德·克里纳 / ,7.7
烟花 打ち上げ花火、下から見るか、横から見るか,https://img1.doubanio.com/lpic/s1634678.jpg,岩井俊二,1995-08-12(日本), 日本,山崎裕太 / 奥菜惠 / 反田孝幸 / 小桥贤儿 / 麻木久仁子 / 蛭子能收 / 深浦加奈子 / 石井苗子 / 光石研 / 中岛洋子 / 酒井敏也 / ,8.2
香魂女,https://img3.doubanio.com/view/movie_poster_cover/lpst/public/p2219330110.jpg,谢飞,1993-02, 中国大陆,伍宇娟 / 雷恪生 / 斯琴高娃 / ,7.9
追男仔,https://img3.doubanio.com/view/movie_poster_cover/lpst/public/p2188538815.jpg,王晶,1993-08-12(香港), 香港,林青霞 / 张曼玉 / 邱淑贞 / 梁家辉 / 张学友 / 郑伊健 / 林志颖 / 吴耀汉 / 苑琼丹 / 卢惠光 / 罗兰 / 成奎安 / 吴君如 / 胡枫 Fung Woo / 白茵 / 夏萍 / 黄一飞 / 李家鼎 / 黄斌 / ,7.0
铳梦 銃夢,https://img3.doubanio.com/view/movie_poster_cover/lpst/public/p2327463016.jpg,Hiroshi Fukutomi 福富博,1993-06-21(日本), 日本,伊藤美纪 / 苅谷俊介 / 山口胜平 / 大友龙三郎 / ,7.9
记得香蕉成熟时 記得香蕉成熟時,https://img3.doubanio.com/lpic/s3541891.jpg,赵良骏,1993-04-30, 香港,邓一君 / 曾志伟 / 冯宝宝 / 卢爱伦 / 呂秀菱 / ,7.6
冬春的日子,https://img1.doubanio.com/view/movie_poster_cover/lpst/public/p2230693578.jpg,王小帅,1994-02-19, 中国大陆,刘小东 / 喻红 / ,7.5
蓝 Blue,https://img3.doubanio.com/view/movie_poster_cover/lpst/public/p2042160414.jpg,德里克·贾曼,1993-10-03, 英国 / 日本,John Quentin / 尼吉尔·特瑞 / 德里克·贾曼 / ,8.5
阿婴 阿嬰,https://img3.doubanio.com/view/movie_poster_cover/lpst/public/p2403674686.jpg,邱刚健,1993-12-18(台湾), 台湾,王祖贤 / 高捷 / 黄耀明 / ,7.2
将计就计 至尊卅六計之偷天換日,https://img3.doubanio.com/lpic/s1807514.jpg,王晶,1993-09-30, 香港,刘德华 / 梁家辉 / 钟丽缇 / 陈百祥 / 何家驹 / 黄光亮 / ,6.8
水浒笑传 水滸笑傳,https://img3.doubanio.com/view/movie_poster_cover/lpst/public/p2318529306.jpg,高志森,1993-06-30, 香港 / 新加坡,许冠杰 / 吴孟达 / 毛舜筠 / 许冠英 / 沈殿霞 / 黄光亮 / ,6.3
机动警察剧场版2 機動警察パトレイバー 2,https://img3.doubanio.com/view/movie_poster_cover/lpst/public/p1137696692.jpg,押井守,1993-08-07(日本), 日本,富永美伊奈 / 古川登志夫 / 池水通洋 / 西村知道 / 根津甚八 / 竹中直人 / 二又一成 / 乡里大辅 / 阪修 / ,8.6
似是故人来 Sommersby,https://img1.doubanio.com/view/movie_poster_cover/lpst/public/p519415477.jpg,乔恩·阿米尔,1993-02-05, 美国 / 法国,理查·基尔 / 朱迪·福斯特 / 比尔·普尔曼 / ,7.8
蓝皮鼠和大脸猫,https://img3.doubanio.com/lpic/s2542772.jpg,陈家奇,, 中国大陆,王雪纯 / ,7.5
影子大地 Shadowlands,https://img3.doubanio.com/view/movie_poster_cover/lpst/public/p978240555.jpg,理查德·阿滕伯勒,1994-03-04(英国), 英国,安东尼·霍普金斯 / 德博拉·温格 / 朱利安·费罗斯 / 约瑟夫·梅泽罗 / 爱德华·哈德威克 / Roddy Maude-Roxby / ,8.7
包青天,https://img3.doubanio.com/view/movie_poster_cover/lpst/public/p2260174320.jpg,孙树培,1993-02-23(台湾), 台湾 / 香港,金超群 / 何家劲 / 范鸿轩 / 蔡文杰 / 邓育焜 / 陈曼玲 / 周平 / 乔安 / 梁立寅 / 李昌民 / 韦辛 / 叶云樵 / 姚庆康 / 温丽芳 / 李小宁 / 韦辛 / 赖慧中 / 宋文仲 / ,8.0
无事生非 Much Ado About Nothing,https://img1.doubanio.com/view/movie_poster_cover/lpst/public/p770520079.jpg,肯尼思·布拉纳,1993-05-07, 英国 / 美国,肯尼思·布拉纳 / 艾玛·汤普森 / 理查德·布赖尔斯 / 丹泽尔·华盛顿 / 凯特·贝金赛尔 / 艾美达·斯丹顿 / 基努·里维斯 / 迈克尔·基顿 / ,7.5
凤凰琴,https://img1.doubanio.com/view/movie_poster_cover/lpst/public/p549434799.jpg,何群,1993-10(上海电影节), 中国,李保田 / 剧雪 / 王学圻 / 修宗迪 / ,7.7
双面女蝎星 Point of No Return,https://img3.doubanio.com/view/movie_poster_cover/lpst/public/p2211436401.jpg,约翰·班德汉姆,1993-03-19, 美国,,6.4
体热性边缘 Body of Influence,https://img3.doubanio.com/view/movie_poster_cover/lpst/public/p2377305722.jpg,Gregory Dark (I),1993-04-21, 美国,香侬·惠利 / 桑达·伯格曼 / ,5.8
西便制 서편제,https://img1.doubanio.com/view/movie_poster_cover/lpst/public/p2182196217.jpg,林权泽,1993-04-10(韩国), 韩国,金明坤  / 吴侦孩 / ,8.2
侠盗高飞 俠盜高飛,https://img1.doubanio.com/view/movie_poster_cover/lpst/public/p2350173717.jpg,林岭东,1992-07-23(香港), 香港,周润发 / 任达华 / 黄秋生 / 柏安妮 / 陈治良 / 李健生 / ,6.8
黑豹天下,https://img3.doubanio.com/view/movie_poster_cover/lpst/public/p2226516664.jpg,霍耀良,1993-11-18(香港), 香港,邓光荣 / 梁家辉 / 任达华 / 林青霞 / ,5.9
找乐,https://img3.doubanio.com/view/movie_poster_cover/lpst/public/p2174624451.jpg,宁瀛,1993-09-10, 中国大陆,黄宗洛 / 黄文杰 / 韩善续 / ,8.3
心中的地图 Map of the Human Heart,https://img1.doubanio.com/lpic/s3187569.jpg,文森特·沃德,1993-04-22(澳大利亚), 澳大利亚 / 英国 / 加拿大 / 法国,李截 / 安娜·帕里约 / ,8.0
银翼情人 For the Moment,https://img3.doubanio.com/view/movie_poster_cover/lpst/public/p2156337384.jpg,Aaron Kim Johnston,1996-04-19, 加拿大,罗素·克劳 / Christianne Hirt / Wanda Cannon / ,7.6
查泰莱夫人 Lady Chatterley,https://img3.doubanio.com/lpic/s2379985.jpg,Ken Russel,1993-06-06, 英国,乔莉·理查德森 / 肖恩·宾 / 詹姆斯·维尔拜 / 雪莉·安妮·菲尔德 / Melanie Hughes / ,6.9
超级保姆 第一季 The Nanny Season 1,https://img1.doubanio.com/view/movie_poster_cover/lpst/public/p2249181227.jpg,彼得·马克·雅各布森,1993-11-03, 美国,法兰·德瑞雪 / 查尔斯·肖内西 / 萝伦·雷恩 / 丹尼尔·戴维斯 / 尼科洛·汤姆 / 本杰明·索尔兹伯里 / ,9.0
哆啦A梦：大雄与白金迷宫 ドラえもん のび太とブリキの迷宫,https://img1.doubanio.com/view/movie_poster_cover/lpst/public/p2190702007.jpg,芝山努,1993-03-06(日本), 日本,大山信代 / 小原乃梨子 / 立壁和也 / 肝付兼太 / ,8.2
天魔无缝 Suture,https://img3.doubanio.com/lpic/s2753584.jpg,斯科特·迈克吉,1994-8-24, 美国,丹尼斯·海斯伯特 / 梅尔·哈里斯 / ,"
    "
芝士火腿,https://img3.doubanio.com/view/movie_poster_cover/lpst/public/p1693486893.jpg,柯受良,1993-09-30, 香港,张卫健 / 王祖贤 / ,6.3
火狐,https://img3.doubanio.com/lpic/s4518772.jpg,吴子牛,1993, 中国大陆,巩汉林 / ,8.3
王先生之欲火焚身,https://img3.doubanio.com/view/movie_poster_cover/lpst/public/p2371303630.jpg,张建亚,1993, 中国大陆,林栋甫 / 张瑜 / 奇梦石 / ,7.6
一屋哨牙鬼,https://img3.doubanio.com/view/movie_poster_cover/lpst/public/p2346814804.jpg,曾志伟,1993-07-31, 香港,曾志伟 / 林志颖 / 吴君如 / 朱茵 / 张卫健 / 梁家仁 / 江欣燕 / ,6.4
欲望交叉点 Graffiante desiderio,https://img3.doubanio.com/lpic/s6973520.jpg,Sergio Martino,1994-02-24, 意大利,Vittoria Belvedere ...  Sonia / Ron Nummi ...  Luigi Muscati / Andrea Roncato ...  Dr. Fabbri / Serena Grandi ...  Marcella Fabbri / Simona Borioni ...  Cinzia / Riccardo Parisio Perrotti  (as Riccardo P. Perrotti) / ,6.3
龙珠Z剧场版8：燃烧吧!!热战·烈战·超激战 ドラゴンボール Z 劇場版： 燃えつきろ !!熱戦・烈戦・超激戦,https://img1.doubanio.com/view/movie_poster_cover/lpst/public/p486654227.jpg,山内重保 Shigeyasu Yamauchi,1993-03-06(日本), 日本,,6.9
爱情白皮书 あすなろ白書,https://img3.doubanio.com/lpic/s1510670.jpg,木村达昭,1993-10-11(日本), 日本,石田光 / 筒井道隆 / 木村拓哉 / 西岛秀俊 / ,8.1
壹号皇庭2 壹号皇庭Ⅱ,https://img1.doubanio.com/lpic/s3247449.jpg,邓特希,1993-04-18(香港), 香港,欧阳震华 / 陈秀雯 / 陶大宇 / 王靖雯 / ,8.2
梦中的女人 夢の女,https://img1.doubanio.com/view/movie_poster_cover/lpst/public/p2153844378.jpg,坂东玉三郎,1993-05-29, 日本,吉永小百合 / 永島敏行 / ,"
    "
为食龙少爷 ムカムカパラダイス,https://img3.doubanio.com/lpic/s3154715.jpg,谷田部勝義,1993-09-04(日本), 日本,坂本千夏 / 渡边久美子 / ,8.2
引郎入室,https://img3.doubanio.com/view/movie_poster_cover/lpst/public/p2454635880.jpg,陈楼,1993, 香港,李莉莉 / ,4.9
房间 部屋,https://img3.doubanio.com/lpic/s4671540.jpg,园子温,1993-10-23, 日本,磨赤儿 / 洞口依子 / ,6.4
东方时空,https://img3.doubanio.com/view/movie_poster_cover/lpst/public/p2280019042.jpg,,1993-05-01, 中国大陆,白岩松 / 水均益 / 敬一丹 / 方宏进 / 陈大惠 / 劳春燕 / 张泉灵 / 张羽 / 侯丰 / ,7.4
古尔德的32个短片 Thirty Two Short Films About Glenn Gould,https://img3.doubanio.com/lpic/s1890243.jpg,François Girard,1993-09-14, 葡萄牙 / 加拿大 / 芬兰 / 荷兰,Colm Feore / Derek Keurvorst / ,8.4
危险小天使 The Good Son,https://img1.doubanio.com/view/movie_poster_cover/lpst/public/p1398769059.jpg,约瑟夫·鲁本,1993-09-24, 美国,麦考利·卡尔金 / 伊利亚·伍德 / 温迪·古逊 / ,7.4
属鸡的女人 屬雞的女人,https://img3.doubanio.com/lpic/s1497651.jpg,姚天虹 (Tin Hung Yiu),1993-03-26, 香港,姚天虹 / 钟碧颖 / ,4.8
鬼玩人3：魔界英豪 Army of Darkness,https://img3.doubanio.com/view/movie_poster_cover/lpst/public/p2177138783.jpg,山姆·雷米,1993-02-11, 美国,布鲁斯·坎贝尔  / 艾伯丝·戴维兹 / 马库斯·吉尔伯特 / 伊安·艾伯克龙比 / 泰德·雷米 / 布里吉特·芳达 / 布鲁斯·托马斯 / Richard Grove / Timothy Patrick Quill / Michael Earl Reid / Patricia Tallman / Deke Anderson / Sara Shearer / Shiva Gordon / ,6.9
正牌韦小宝之奉旨沟女 正牌韋小寶之奉旨溝女,https://img3.doubanio.com/view/movie_poster_cover/lpst/public/p2394020066.jpg,柯受良,1993-06-12(香港), 香港,梁朝伟 / 张卫健 / 吴雪雯 / 叶玉卿 / ,6.1
魔鬼银爪 Cronos,https://img3.doubanio.com/view/movie_poster_cover/lpst/public/p2355567773.jpg,吉尔莫·德尔·托罗,1993-11-05, 墨西哥,费德里科·路皮 / 朗·普尔曼 / ,6.4
终极标靶 Hard Target,https://img1.doubanio.com/view/movie_poster_cover/lpst/public/p2159375129.jpg,吴宇森,1993-11-04, 美国,尚格·云顿 / Chuck Pfarrer / ,6.5
溶尸奇案,https://img1.doubanio.com/view/movie_poster_cover/lpst/public/p2352004858.jpg,查传谊,1993-06-12, 香港,吴镇宇 / 叶童 / 黄秋生 / 梁思敏 / ,7.1
重案组,https://img1.doubanio.com/view/movie_poster_cover/lpst/public/p2207572277.jpg,成龙,1993-06-24, 香港,成龙 / 郑则仕 / 伍咏薇 / 柯受良 / 潘玲玲 / 卢惠光 / 欧阳佩珊 / ,6.8
青少年哪吒,https://img3.doubanio.com/view/movie_poster_cover/lpst/public/p2194480884.jpg,蔡明亮,1992-12(金马影展), 台湾,李康生 / 王渝文 / 陈昭荣 / 陆弈静 / ,7.9
人鱼童话 Free Willy,https://img3.doubanio.com/view/movie_poster_cover/lpst/public/p904181052.jpg,西蒙·温瑟,1993-07-16(美国), 法国 / 美国,杰森·詹姆斯·里希特 / 罗莉·佩蒂 / 奥古斯特·斯彻伦伯格 / 杰妮·阿特金森 / 迈克尔·马德森 / 迈克尔·艾恩塞德 / 理查德·雷西尔 / 麦凯尔泰·威廉逊 / 迈克尔·巴考尔 / 丹妮尔·哈丽丝 / ,8.3
魔法圣婴 The Baby of Mâcon,https://img1.doubanio.com/view/movie_poster_cover/lpst/public/p1782637657.jpg,彼得·格林纳威,1993-09-17, 比利时 / 法国 / 英国 / 德国 / 荷兰,朱莉娅·奥蒙德 / 拉尔夫·费因斯 / ,6.9
无名地带 Fried Dragon Fish,https://img1.doubanio.com/lpic/s1317859.jpg,岩井俊二,1993, 日本,芳本美代子 / ,7.6
涅磐纽约不插电演唱会 Nirvana: Unplugged In New York,https://img3.doubanio.com/lpic/s3992310.jpg,Beth McCarthy-Miller,1993-12-16, USA,科特·柯本 / 大卫·格鲁 / ,9.7
塘鹅暗杀令 The Pelican Brief,https://img1.doubanio.com/view/movie_poster_cover/lpst/public/p1961859459.jpg,艾伦·J·帕库拉,1993-12-17, 美国,朱莉娅·罗伯茨 / 丹泽尔·华盛顿 / 山姆·夏普德 / 约翰·赫德 / 托尼·戈德温 / James Sikking / 威廉·阿瑟东 / 罗伯特·考普 / 斯坦利·图齐 / 休姆·克罗宁 / 约翰·利特高 / 安东尼·希尔德 / 尼古拉斯·伍德森 / 斯坦利·安德森 / ,7.1
死于叛乱 Die Rebellion,https://img3.doubanio.com/view/movie_poster_cover/lpst/public/p2297775063.jpg,迈克尔·哈内克,1994-01-11, Austria,,7.7
裸体之夜 ヌードの夜,https://img3.doubanio.com/view/movie_poster_cover/lpst/public/p698862102.jpg,石井隆,1993-12-18, 日本,竹中直人 / 余贵美子 / 根津甚八 / 椎名桔平 / 速水典子 / 岩松了 / 室田日出男 / ,6.6
王者之旅 Searching for Bobby Fischer,https://img3.doubanio.com/view/movie_poster_cover/lpst/public/p2191792996.jpg,斯蒂文·泽里安,1993-08-11, 美国,马科斯·波麦兰 / 乔·曼特纳 / 琼·艾伦 / 本·金斯利 / ,8.0
尖头外星族 Coneheads,https://img3.doubanio.com/view/movie_poster_cover/lpst/public/p785335695.jpg,斯蒂夫·巴伦,1993-07-23, 美国,Robert Knott / 乔纳森·潘内尔 / Whip Hubley / 丹·艾克罗伊德 / 简·库丁 / Howard Napper / 迈克尔·理查兹 / 艾迪·格里芬 / ,6.6
廉政第一击,https://img3.doubanio.com/view/movie_poster_cover/lpst/public/p1702793232.jpg,林德禄,1993-02-25, 香港,狄龙 / 张曼玉 / 李子雄 / 任达华 / 刘锡明 / 许志安 / 八两金 / ,6.9
哥斯拉大战机械哥斯拉 ゴジラvsメカゴジラ,https://img3.doubanio.com/view/movie_poster_cover/lpst/public/p2153837485.jpg,大河原孝夫,1993-12-11, 日本,高嶋政宏 / 佐野量子 / ,6.7
看一部法斯宾德电影的欲望 Желание посмотреть фильм Райнера Вернера Фассбиндера,https://img3.doubanio.com/lpic/s3083842.jpg,Alexander Doulerain,, 俄罗斯,,"
    "
安布拉契卡的小海豚 Τα δελφινάκια του Αμβρακικού,https://img3.doubanio.com/lpic/s9109221.jpg,Dinos Dimopoulos,1993, 希腊,斯塔夫罗斯•多亚科斯 / 康斯坦蒂娜•阿莱夫拉 / ,7.4
月出何方 月はどっちに出ている,https://img3.doubanio.com/view/movie_poster_cover/lpst/public/p2154078024.jpg,崔洋一,1993-11-06(日本), 日本,岸谷五朗 / Ruby Moreno / 绘泽萠子 / 小木茂光 / 远藤宪一 / 有园芳记 / 麿赤児 / 國村隼 / 芹沢正和 / 金田明夫 / 萩原圣人 / ,7.3
刺猬索尼克 第一季 Sonic the Hedgehog Season 1,https://img3.doubanio.com/view/movie_poster_cover/lpst/public/p2181644345.jpg,John Grusd,1993-09-18, 美国 / 西班牙 / 意大利,,8.1
黑泽明宫崎骏对谈 映画に恋して愛して生きて 黒澤明と宮崎駿,https://img3.doubanio.com/lpic/s24468010.jpg,,1993-05-06(日本), 日本,黑泽明 / ,8.1
JoJo的奇妙冒险 ジョジョの奇妙な冒険,https://img1.doubanio.com/view/movie_poster_cover/lpst/public/p2185697809.jpg,北久保弘之,1993-11-19(日本), 日本,小杉十郎太 / 大冢周夫 / 小林清志 / 铃置洋孝 / 森功至 / ,8.7
原振侠,https://img3.doubanio.com/view/movie_poster_cover/lpst/public/p2234127464.jpg,,1993-03-01, 香港,黎明 / 李嘉欣 / 钱嘉乐 / 朱茵 / 洪欣 / 吴岱融 / 王菲 / ,7.3
灵与肉 Body & Soul,https://img3.doubanio.com/lpic/s4044002.jpg,莫伊拉·阿姆斯特朗,1993-04-08(英国), 英国,克里斯汀·斯科特·托马斯 / Sandra Voe / ,9.0
"幽灵电脑 ""The X Files"" Season 1, Episode 6: Ghost in the Machine",https://img3.doubanio.com/lpic/s2363290.jpg,Jerrold Freedman,1993-10-29, 美国,,8.4
两个刑警 투캅스,https://img3.doubanio.com/view/movie_poster_cover/lpst/public/p1887057846.jpg,康佑硕,1993-12-13（韩国）, 韩国,朴重勋 / 安圣基 / ,7.3
"冰核计划 ""The X Files"" Season 1, Episode 8: Ice",https://img3.doubanio.com/lpic/s2363292.jpg,David Nutter,1993-11-05, 美国,,8.9
红与黑 The Scarlet and the Black,https://img3.doubanio.com/lpic/s1442126.jpg,本·博尔特,1993-10-31, 英国,伊万·麦克格雷格 / 艾丽丝·克里奇 / Stratford Johns / 蕾切尔·薇兹 / ,7.8
野棕榈 Wild Palms,https://img3.doubanio.com/view/movie_poster_cover/lpst/public/p2205709753.jpg,凯瑟琳·毕格罗,1993-05-16, 美国,詹姆斯·贝鲁什 / 达娜·德拉尼 / 罗伯特·劳吉亚 / 金·凯特罗尔 / 安吉·迪金森 / 埃涅·赫德森 / 毕比·诺维尔什 / 尼克‧曼库索 / 大卫·沃纳 / Ben Savage / 鲍勃·冈顿 / Aaron Michael Metchik / Beata Pozniak / 罗伯特·莫斯 / 布拉德·道里夫 / 查尔斯·罗基特 / 弗朗克西斯·周 / Charles Hallahan / Eugene Lee / ,"
    "
龙珠Z外传：赛亚人灭绝计划 ドラゴンボールZ 外伝 サイヤ人絶滅計画,https://img1.doubanio.com/view/movie_poster_cover/lpst/public/p2260962568.jpg,山内重保,1993-7-23, 日本,野泽雅子 / 古川登志夫 / 草尾毅 / 堀川亮 / ,7.0
万能管家 第四季 Jeeves and Wooster Season 4,https://img3.doubanio.com/view/movie_poster_cover/lpst/public/p2177500872.jpg,费迪南德·费尔法克斯,1993-05-16(英国), 英国,Hugh Laurie / ,9.4
超级计划 超級計劃,https://img1.doubanio.com/view/movie_poster_cover/lpst/public/p2167120137.jpg,唐季礼,1993-10-21, 香港,杨紫琼 / 于荣光 / ,6.9
东京爱情故事特别篇 東京ラブストーリー 継続します！愛情のストーリの追憶,https://img3.doubanio.com/lpic/s10381590.jpg,永山耕三,1993-02-12(日本), 日本,铃木保奈美 / 织田裕二 / ,8.0
悲欢岁月,https://img1.doubanio.com/lpic/s4174349.jpg,,, 新加坡,潘玲玲 / 沈金兴 / 向云 / ,8.7
千人斩,https://img3.doubanio.com/view/movie_poster_cover/lpst/public/p1322531381.jpg,丁善玺,1991-06-28(台湾), 台湾 / 香港,王祖贤 / 王羽 / 陈法蓉 / 钱小豪 / 孙亚东 / 王小凤 / ,6.1
荡女痴男,https://img1.doubanio.com/view/movie_poster_cover/lpst/public/p2360477099.jpg,林国忠,, 台湾,玉琼 / ,"
    "
梅花公馆,https://img3.doubanio.com/lpic/s4256824.jpg,王文智,1993-06, 中国大陆,哈杰 / 都都 / ,"
    "
画皮之阴阳法王 畫皮之陰陽法王,https://img1.doubanio.com/view/movie_poster_cover/lpst/public/p2161819599.jpg,胡金铨,"1992(东京电影节),1993-09-18(香港)", 香港 / 中国大陆,郑少秋 / 王祖贤 / 午马 / 洪金宝 / 林正英 / ,6.4
白发魔女2 白髮魔女2,https://img3.doubanio.com/view/movie_poster_cover/lpst/public/p949318235.jpg,胡大为,1993-12-22, 香港,林青霞 / 陈锦鸿 / 钟丽缇 / 万绮雯 / 张国荣 / 钟淑慧 / 孙国豪 / 李香琴 / 罗兰 / ,6.6
少林豪侠传 黃飛鴻之男兒當報國,https://img3.doubanio.com/view/movie_poster_cover/lpst/public/p2351998760.jpg,刘国伟,1993, 香港 / 中国大陆,王群 / 计春华 / 靳德茂 / 黄一山 / 邱建国 / ,6.1
审死官翻案 Shen si guan fan an,https://img1.doubanio.com/lpic/s3111578.jpg,梁本熙 (Raymond Leung),1993-03-13, 香港,黄光亮 / 关咏荷 / ,5.5
黄大仙 黃大仙,https://img1.doubanio.com/view/movie_poster_cover/lpst/public/p2159870098.jpg,杜岗雨,1992, 香港,林正英 / 黎燕珊 / ,5.6
沙地传奇 The Sandlot,https://img3.doubanio.com/view/movie_poster_cover/lpst/public/p1793038461.jpg,大卫·M·埃文斯,1993-04-07, 美国,汤姆·盖里 / Mike Vitar / ,8.3
飞狐外传 飛狐外傳,https://img1.doubanio.com/view/movie_poster_cover/lpst/public/p2351981529.jpg,潘文杰,1993-08-20, 香港,黎明 / 李嘉欣 / 张敏 / 徐锦江 / ,6.4
东归英雄传,https://img3.doubanio.com/lpic/s1691861.jpg,塞夫,1993-01-01, 中国大陆,哈斯高娃 / 于承惠 / 叶晖 / 巴雅尔吐 / 张伸 / 额尔登木图 / ,7.3
新碧血剑 新碧血劒,https://img3.doubanio.com/view/movie_poster_cover/lpst/public/p2181604603.jpg,张海靖,1994-06-25, 香港,张敏 / 吴孟达 / 元彪 / 李修贤 / 袁咏仪 / 李美凤 / ,6.7
老人与狗,https://img3.doubanio.com/lpic/s4699072.jpg,谢晋,1993, 中国大陆,谢添 / 斯琴高娃 / 高保成 / 冯恩鹤 / ,7.3
摧花神龙教 摧花神龍教,https://img3.doubanio.com/view/movie_poster_cover/lpst/public/p2328212911.jpg,郑威龙,1993-04-08(香港), 香港,陈宝莲 / 何家驹 / ,4.5
霹雳天命,https://img3.doubanio.com/lpic/s1946910.jpg,黄文择,1993-11(台湾), 台湾,,8.5
新干线--93年夏天的故事 新幹線物語'93夏,https://img3.doubanio.com/lpic/s2745486.jpg,瀬川昌治,1993-07-06, 日本,丹波哲郎 / 小林稔侍 / ,8.7
歌厅 Cabaret,https://img3.doubanio.com/lpic/s8807056.jpg,萨姆·门德斯,1993, 英国,简·霍洛克斯 / ,9.0
再见黄埔滩,https://img3.doubanio.com/lpic/s4125761.jpg,杨绍鸿,, 香港,陈庭威 / ,7.3
猎杀豪放女,https://img3.doubanio.com/lpic/s3545034.jpg,张人杰,, 香港,高城富士美 / 林威 / 曹查理 / ,"
    "
虚界之魔兽 ジェノサイバー,https://img3.doubanio.com/lpic/s4030633.jpg,大畑晃一,1993, 日本,平松晶子 / 加藤精三 / ,7.4
夺命婚外情,https://img1.doubanio.com/view/movie_poster_cover/lpst/public/p2337377879.jpg,林鹰,, 台湾,林挺生 / 杨梦蝶 / 罗桂英 / 虞金宝 / 刘凌兰 / 康凯 / 梅长芬 / ,"
    "
蛇蝎情人 Dream Lover,https://img3.doubanio.com/view/movie_poster_cover/lpst/public/p2200343792.jpg,尼古拉斯·卡赞,"1993-10(MIFED),1994-05-06(美国)", 美国,詹姆斯·斯派德 / ,7.0
红松鼠杀人事件 La ardilla roja,https://img3.doubanio.com/view/movie_poster_cover/lpst/public/p704724426.jpg,胡里奥·密谭,1993-04-21, 西班牙,艾玛·苏雷兹 / 南乔·诺沃 / 玛丽亚·巴兰科 / 卡拉·埃雷贾德 / 卡梅罗·戈麦兹 / ,7.7
因果循环 Poetic Justice,https://img1.doubanio.com/view/movie_poster_cover/lpst/public/p2253277747.jpg,约翰·辛格顿,1993-07-23, 美国,图派克·夏库尔 / 珍妮·杰克逊 / ,7.9
邻家小鬼 Dennis the Menace,https://img3.doubanio.com/view/movie_poster_cover/lpst/public/p2282275855.jpg,尼克·卡斯特尔,1993-06-25, 美国,梅森·甘布 / 沃尔特·马修 / 琼·普莱怀特 / 克里斯托弗·洛伊德 / 莉·汤普森 / ,7.5
伦文叙老点柳先开 倫文敘老點柳先開,https://img1.doubanio.com/lpic/s1416748.jpg,罗文,1994, 香港,郭富城 / 张卫健 / 周慧敏 / ,6.6
加州杀手 Kalifornia,https://img3.doubanio.com/view/movie_poster_cover/lpst/public/p2195353105.jpg,多米尼克·塞纳,1993-09-03(美国), 美国,布拉德·皮特 / 米歇尔·佛贝丝 / 大卫·杜楚尼 / ,6.9
欲乱情迷 The Amy Fisher Story,https://img1.doubanio.com/lpic/s1887329.jpg,Andy Tennant,1993-01-03, 美国,德鲁·巴里摩尔 / 安东尼·约翰·邓尼森 / ,"
    "
忍者乱太郎 忍たま乱太郎,https://img3.doubanio.com/view/movie_poster_cover/lpst/public/p2299153633.jpg,芝山努,1993-04-10(日本), 日本,高山南 / 田中真弓 / 一龍齋貞友 / 松井摩味 / 佐藤智惠 / 江森浩子 / ,8.9
纸盒藏尸之公审 紙盒藏屍之公審,https://img3.doubanio.com/view/movie_poster_cover/lpst/public/p2224099482.jpg,陈奥图,1993-09-02, 香港,任达华 / 叶童 / 董骠 / ,6.8
三毛从军记,https://img1.doubanio.com/view/movie_poster_cover/lpst/public/p2252295029.jpg,张建亚,1992-10(中国大陆), 中国大陆,贾林 / 魏宗万 / 孙飞虎 / 朱艺 / ,8.4
门口的野蛮人 Barbarians at the Gate,https://img3.doubanio.com/lpic/s2751150.jpg,Glenn Jordan,1993-03-20, 美国,James Garner / Jonathan Pryce / ,7.8
菩提幽魂,https://img3.doubanio.com/view/movie_poster_cover/lpst/public/p2319919843.jpg,赵鹭江,1993, 台湾,张敏 / 郑浩南 / 午马 / ,6.2
同一屋檐下 ひとつ屋根の下,https://img3.doubanio.com/view/movie_poster_cover/lpst/public/p2154540436.jpg,中江功,1993-04-12(日本), 日本,江口洋介 / 福山雅治 / 石田壹成 / 酒井法子 / 大路惠美 / 山本耕史 / 山本圭 / 清水纩治 / 小木茂光 / ,8.6
斗气老顽童 Grumpy Old Men,https://img3.doubanio.com/view/movie_poster_cover/lpst/public/p2188590221.jpg,唐纳德·佩特瑞,1993-12-25(美国), 美国,沃尔特·马修 / 杰克·莱蒙 / ,7.5
九阴真经 九陰真經,https://img1.doubanio.com/view/movie_poster_cover/lpst/public/p2374122279.jpg,李仁港,1993-04-19, 香港,姜大卫 / 梁佩玲 / 张智霖 / 关宝慧 / 顾美华 / ,8.6
自虐狂 Schramm,https://img1.doubanio.com/view/movie_poster_cover/lpst/public/p2323100867.jpg,尤戈·布特格雷特,1993, 德国,Florian Koerner von Gustorf / ,6.3
庙街十三妹,https://img3.doubanio.com/lpic/s3955405.jpg,柳松柏,1993, 香港,大岛由加利 / 罗锐 / 钟发 / 谢明燕 / ,5.1
公海强奸风暴 公海強姦風暴,https://img3.doubanio.com/view/movie_poster_cover/lpst/public/p2239748533.jpg,郑麒膺,1993, 香港,林正英 / 戴志伟 / 沈威 / 胡枫 / 韩国材 / 崔正一 / 徐少芳 / 黃愛美 / 叶先儿 / ,4.8
英雄劫,https://img3.doubanio.com/lpic/s3409650.jpg,杜民,1993, 中国大陆,姜武 / 柳云龙 / ,"
    "
安娜成长篇 Анна: от 6 до 18,https://img3.doubanio.com/view/movie_poster_cover/lpst/public/p2195485621.jpg,尼基塔·米哈尔科夫,1994-02-16, 法国 / 俄罗斯,娜迪亚·米哈尔科娃 / 尼基塔·米哈尔科夫 / ,8.7
冇警时分,https://img1.doubanio.com/lpic/s2830218.jpg,Johnny Lee (IV),1993-12-31, 香港,任达华 / 于莉 / ,6.2
世外情緣（1993） 世外情緣,https://img1.doubanio.com/lpic/s4395769.jpg,葉天行,09/16/1993, 香港,潘震偉 / 陳穎芝 / ,"
    "
幻影,https://img1.doubanio.com/lpic/s4520377.jpg,鲁晓威,1993, 台湾 / 中国大陆,李雪健 / 张艾嘉 / 萧大陆 / 常枫 / 谢伟才 / ,"
    "
鲍伯的生日 Bob's Birthday,https://img1.doubanio.com/view/movie_poster_cover/lpst/public/p2242118338.jpg,埃里森·斯诺登,1994-10(芝加哥电影节), 加拿大 / 英国,Andy Hamilton / ,6.9
禁忌游戏 禁忌遊戲,https://img3.doubanio.com/view/movie_poster_cover/lpst/public/p2281738341.jpg,丁鹂,1993-4-1, 香港,陈颖芝 / 郑玉卿 / ,"
    "
飞越谜情,https://img1.doubanio.com/view/movie_poster_cover/lpst/public/p2233662667.jpg,黄靖华,1993-06-19, 香港,张学友 / 张曼玉 / 林俊贤 / 玛利亚 / 黄柏文 / ,7.2
云南故事,https://img3.doubanio.com/view/movie_poster_cover/lpst/public/p2265308491.jpg,张暖忻,1993, 中国大陆 / 香港 / 台湾,吕秀菱 / 濮存昕 / ,7.3
1993年中央电视台春节联欢晚会,https://img1.doubanio.com/view/movie_poster_cover/lpst/public/p2263253097.jpg,张子扬,1993-01-22, 中国大陆,赵忠祥 / 倪萍 / 杨澜 / 梁雁翎 / 李庆安 / ,6.6
爱情有什么道理 The Thing Called Love,https://img3.doubanio.com/view/movie_poster_cover/lpst/public/p1198876395.jpg,彼得·博格丹诺维奇,1993-07-16, 美国,瑞凡·菲尼克斯 / 萨曼莎·玛西丝 / 德蒙特·莫罗尼 / 桑德拉·布洛克 / ,8.0
黑鹰坠落 Black Hawk Down,https://img3.doubanio.com/view/movie_poster_cover/lpst/public/p1910900710.jpg,雷德利·斯科特,2001-12-18(美国), 美国,乔什·哈奈特 / 伊万·麦克格雷格 / 汤姆·塞兹摩尔 / 金·寇兹 / 艾文·布莱纳 / 艾瑞克·巴纳 / 休·丹西 / 威廉·菲德内尔 / 奥兰多·布鲁姆 / 汤姆·哈迪 / ,8.5
十三号星期五9 Jason Goes to Hell: The Final Friday,https://img3.doubanio.com/view/movie_poster_cover/lpst/public/p2209386484.jpg,Adam Marcus,1993-08-13, 美国,,5.7
苏乞儿 蘇乞兒,https://img3.doubanio.com/view/movie_poster_cover/lpst/public/p2329746784.jpg,袁和平,1993-12-11, 香港,甄子丹 / 王珏 / 王秀萍 / 陈淑兰 / 吴孟达 / 袁洁莹 / 鲍方 / 熊欣欣 / 李家声 / 关海山 / ,6.4
坏小子巴比 Bad Boy Bubby,https://img3.doubanio.com/lpic/s4193346.jpg,洛夫·德·希尔,1993-09, 澳大利亚 / 意大利,尼古拉斯·霍普 / Claire Benito / ,8.1
死亡游戏 Snake Eyes,https://img1.doubanio.com/lpic/s1506447.jpg,阿贝尔·费拉拉,1993-10-13, 美国,哈威·凯特尔 / 麦当娜 / ,6.2
笑八仙,https://img3.doubanio.com/lpic/s1744730.jpg,蒋育臻,1993-11-18(香港), 香港,关之琳 / 郑少秋 / 吴君如 / 吴孟达 / 郑丹瑞 / 黎彼得 / 刘洵 / 成奎安 / ,6.3
火星鼠骑士 Biker Mice from Mars,https://img3.doubanio.com/lpic/s2655246.jpg,Tom Tataranowicz,1993, 加拿大 / 美国,Luke Perry / ,7.3
龙珠Z特别篇：绝望的反抗!! 仅存的超战士悟饭和特兰克斯 ドラゴンボールZ 絶望への反抗!!残された超戦士・悟飯とトランクス,https://img1.doubanio.com/view/movie_poster_cover/lpst/public/p2181236779.jpg,Ueda,1993-02-24, 日本,,8.0
悲哀于我 Hélas pour moi,https://img1.doubanio.com/view/movie_poster_cover/lpst/public/p1455984008.jpg,让-吕克·戈达尔,1993-09-08, 法国 / 瑞士,杰拉尔·德帕迪约 / Laurence Masliah / 贝尔纳·维尔莱 / ,7.3
"大树、市长和文化馆 L'arbre, le maire et la médiathèque",https://img3.doubanio.com/lpic/s1434882.jpg,埃里克·侯麦,1993-02-10, 法国,帕斯卡·格里高利 / 阿丽尔·朵巴丝勒 / ,7.0
梅花三弄之水云间,https://img3.doubanio.com/view/movie_poster_cover/lpst/public/p2374988101.jpg,沈怡,1993, 台湾,马景涛 / 陈红 / 陈德容 / 罗刚 / ,6.5
炎立 炎立つ,https://img3.doubanio.com/lpic/s4527630.jpg,高橋富雄,1993-07-04, 日本,渡辺　謙 / 古手川祐子 / 豊川悦司 / 蟹江敬三 / 佐藤浩市 / 長塚京三 / 野村宏伸 / 松田美由紀 / 本郷功次郎 / 名古屋章 / 中尾　彬 / 木村　翠 / 村上弘明 / 斉藤洋介 / 柳生　博 / 多岐川裕美 / 稲垣吾郎 / 時任三郎 / 紺野美沙子 / 中嶋朋子 / 坂本冬美 / 渡瀬恒彦 / 林　隆三 / 里見浩太朗 / 財前直見 / 鈴木京香 / ,7.7
异乡情愁 Wide Sargasso Sea,https://img1.doubanio.com/view/movie_poster_cover/lpst/public/p1826684678.jpg,约翰·杜根,1993-04-16, 澳大利亚,雷切尔·沃德 / 麦克尔·约克 / ,7.4
"诺托·杏花·火山·斯特龙博利·狂欢节 Noto, Mandorli, Vulcano, Stromboli, Carnevale",https://img1.doubanio.com/lpic/s24479567.jpg,恩丽卡·安东尼奥尼,, 意大利,,"
    "
秋天的记忆 Indian Summer,https://img3.doubanio.com/view/movie_poster_cover/lpst/public/p1518333400.jpg,Mike Binder,1993-04-23, 加拿大 / 美国,艾伦·阿金 / 马特·克拉文 / 戴安·琳恩 / 比尔·帕克斯顿 / ,7.3
龙珠Z剧场版9：银河面临危机!! 身手不凡的高手!! ドラゴンボール Z 劇場版：銀河ギリギリ!! ぶっちぎりの凄い奴,https://img1.doubanio.com/view/movie_poster_cover/lpst/public/p2195440658.jpg,上田芳裕(Yoshihiro Ueda),1993-07-10, 日本,,7.3
杀手·蝴蝶·梦 La madre muerta,https://img3.doubanio.com/view/movie_poster_cover/lpst/public/p776043232.jpg,胡安玛·巴乔·乌略亚,1993, 西班牙,卡拉·埃雷贾德 / Ana Álvarez / ,8.1
罪恶录像 Die Watching,https://img3.doubanio.com/lpic/s22712674.jpg,Charles Davis,1993, 美国,Christopher Atkins / Vali Ashton / ,"
    "
龙跨四海之致命情人 Long kua si hai zhi zhi ming qing ren,https://img3.doubanio.com/lpic/s3326220.jpg,高飞 (Phillip Ko),1993-1-1, 香港,,4.6
软车顶硬路肩 Soft Top Hard Shoulder,https://img3.doubanio.com/view/movie_poster_cover/lpst/public/p2154486636.jpg,Stefan Schwartz,1993, 英国,彼得·卡帕尔蒂 / Elaine Collins / 理查德·威尔森 / ,"
    "
情人知己,https://img3.doubanio.com/view/movie_poster_cover/lpst/public/p2227981925.jpg,陈德森,1993-09-16, 香港,梁朝伟 / 罗美薇 / 袁咏仪 / 林蛟 / 苑琼丹 / 黄子华 / 陈美龄 / 郭秀云 / ,7.0
猴娃,https://img3.doubanio.com/lpic/s3343920.jpg,王君正,, 中国大陆,六小龄童 / 李海龙 / 章劼 / 徐源捷 / 杨幂 / 陈剑月 / 乔奇 / 施大为 / 七小龄童 / 牛犇 / 蔡保国 / 杨冬虎 / 汪月洁 / 章立新 / 莲琪 / ,8.5
李小龙传 Dragon: The Bruce Lee Story,https://img3.doubanio.com/view/movie_poster_cover/lpst/public/p2256240051.jpg,罗伯·科恩,1993-05-07, 美国,李截 / 罗伦·荷莉 / 罗伯特·瓦格纳 / Michael Learned / 关南施 / 王洛勇 / Sterling Macer Jr. / 史文-欧尔·托尔森 / ,6.4
香烟与咖啡 Cigarettes & Coffee,https://img3.doubanio.com/view/movie_poster_cover/lpst/public/p2222518073.jpg,保罗·托马斯·安德森,, 美国,柯克·鲍兹 / 斯科特·科菲 / 米盖尔·弗尔 / 菲利浦·贝克·霍尔 / ,7.8
赤裸裸 Naked,https://img3.doubanio.com/view/movie_poster_cover/lpst/public/p2180307454.jpg,迈克·李,1993-11-05, 英国,大卫·休里斯 / 莱斯利·夏普 / 凯特琳·卡特利吉 / 克莱尔·斯金纳 / 彼得·怀特 / 艾文·布莱纳 / 吉娜·麦基 / Greg Cruttwell / Susan Vidler / Deborah MacLaren / Carolina Giammetta / 伊丽莎白·贝林顿 / Darren Tunstall / Robert Putt / ,7.9
一本漫画闯天涯II妙想天开,https://img3.doubanio.com/view/movie_poster_cover/lpst/public/p2167120852.jpg,朱继生,1993-03-20, 香港,张卫健 / 吴孟达 / 林建明 / 黎瑞恩 / 胡枫 / ,6.0
维特根斯坦 Wittgenstein,https://img1.doubanio.com/view/movie_poster_cover/lpst/public/p1918826799.jpg,德里克·贾曼,1993-03-26, 英国 / 日本,卡尔·约翰逊 / 迈克尔·高夫 / 蒂尔达·斯文顿 / 莎莉·德克斯特 / John Quentin / Kevin Collins / Clancy Chassay / Nabil Shaban / Lynn Seymour / Donald McInnes / 吉尔·贝肯 / nm0550561 Gina Marsh / Vanya Del Borgo / Ben Scantlebury / ,7.8
城市英雄 Falling Down,https://img1.doubanio.com/view/movie_poster_cover/lpst/public/p1160721029.jpg,乔·舒马赫,1993-02-26, 美国 / 法国 / 英国,迈克尔·道格拉斯 / 罗伯特·杜瓦尔 / 芭芭拉·赫希 / ,8.0
大迷信1993,https://img3.doubanio.com/view/movie_poster_cover/lpst/public/p2227960920.jpg,卢庭杰,1993-03-03(香港), 香港,李居明 / 倪淑君 / 钟淑慧 / ,5.2
悬崖边之吻 The Kiss on the Cliff,https://img3.doubanio.com/view/movie_poster_cover/lpst/public/p2445666242.jpg,Reid Waterer,, 美国,Tom Tarantini / ,7.0
无人喝彩,https://img3.doubanio.com/view/movie_poster_cover/lpst/public/p2376485001.jpg,夏钢,1993, 中国,丁嘉丽 / 方子哥 / 谢园 / ,7.2
斯大林格勒战役 Stalingrad,https://img3.doubanio.com/view/movie_poster_cover/lpst/public/p1715755311.jpg,约瑟夫·维尔斯麦尔,1993-01-21(德国), 德国,多米尼克·霍卫兹 / 托马斯·克莱舒曼 / 约亨·尼克尔 / 达娜·瓦罗娃 / 塞巴斯蒂安·鲁道夫 / Martin Benrath / ,8.1
大病人,https://img3.doubanio.com/lpic/s3910813.jpg,伊丹十三,1993-05-29, 日本,三國連太郎 / 津川雅彦 / ,7.9
剑勇传说 剣勇伝説YAIBA,https://img3.doubanio.com/view/movie_poster_cover/lpst/public/p2444959564.jpg,青山刚昌,1993-04-09, 日本,高山南 / 三石琴乃 / 佐藤正之 / 小杉十郎太 / 土师孝也 / 岛田敏 / 堀川亮 / 高木涉 / 立木文彦 / ,8.3
年少轻狂 Dazed and Confused,https://img3.doubanio.com/view/movie_poster_cover/lpst/public/p1311649821.jpg,理查德·林克莱特,1993-09-24, 美国,杰森·伦敦 / 乔伊·劳伦·亚当斯 / 米拉·乔沃维奇 / 肖恩·安德鲁斯 / 罗利·科奇瑞恩 / 亚当·戈德堡 / 安东尼·拉普 / 玛丽萨·瑞比茜 / 科尔·豪瑟 / 威利·维金斯 / 本·阿弗莱克 / 帕克·波西 / 马修·麦康纳 / 尼基·凯特 / ,7.2
犬王,https://img3.doubanio.com/view/movie_poster_cover/lpst/public/p2046288844.jpg,姚守岗,, 中国大陆,海顿 / 何瑜 / 温玉娟 / 高放 / 王玉璋 / 常晓阳 / ,3.3
银色·性·男女 Short Cuts,https://img3.doubanio.com/view/movie_poster_cover/lpst/public/p999707591.jpg,罗伯特·奥特曼,1993-10-03, 美国,安迪·麦克道威尔 / 布鲁斯·戴维森 / 朱丽安·摩尔 / 马修·莫迪恩 / 安妮·阿彻 / 弗莱德·沃德 / 詹妮弗·杰森·李 / 克里斯·潘 / 杰克·莱蒙 / 玛德琳·斯托 / 蒂姆·罗宾斯 / 莉莉·汤姆林 / 汤姆·威兹 / 弗兰西斯·麦克多蒙德 / 彼得·盖勒 / 莉莉·泰勒 / 小罗伯特·唐尼 / ,7.8
天劫余生 Alive,https://img1.doubanio.com/view/movie_poster_cover/lpst/public/p1466805847.jpg,弗兰克·马歇尔,1993-01-15, 美国,伊桑·霍克 / 文森特·斯帕诺 / 约什·汉密尔顿 / ,8.0
天蚕变之再与天比高,https://img1.doubanio.com/lpic/s4160589.jpg,萧笙,1993, 香港,徐少强 / 惠天賜 / 雪梨 / ,8.1
武侠七公主,https://img3.doubanio.com/view/movie_poster_cover/lpst/public/p2228299130.jpg,王晶,1993-06-03, 香港,杨紫琼 / 郑裕玲 / 刘松仁 / 张曼玉 / 张敏 / 吴君如 / 关咏荷 / 陈加玲 / 张卫健 / 吴孟达 / ,6.3
十二点零一分 12:01,https://img3.doubanio.com/view/movie_poster_cover/lpst/public/p2168074155.jpg,Jack Sholder,1993-07-05(美国), 美国,乔纳森·斯沃曼 / 海伦·斯雷特 / Nicolas Surovy / 罗宾·巴特利特 / 杰里米·皮文 / Constance Marie / 格伦·莫肖尔 / 马丁·兰道 / Paxton Whitehead / ,7.4
追魂伞 追魂傘,https://img3.doubanio.com/view/movie_poster_cover/lpst/public/p2354005892.jpg,毛强邦,1991-1-1, 台湾,林正英 / 吴家丽 / 黄子扬 / 肖玉龙 / ,4.3
蝙蝠侠大战幻影人 Batman: Mask of the Phantasm,https://img3.doubanio.com/view/movie_poster_cover/lpst/public/p2327425283.jpg,布鲁斯·提姆,1993-12-25(美国), 美国,凯文·康瑞 / 达娜·德拉尼 / ,7.5
时空急转弯 Les visiteurs,https://img3.doubanio.com/view/movie_poster_cover/lpst/public/p2194735114.jpg,让-马力·普瓦雷,1993-01-27, 法国,让·雷诺 / 克里斯汀·克拉维尔 / 瓦莱丽·勒梅西埃 / ,7.1
超级无敌掌门狗：引鹅入室 Wallace & Gromit: The Wrong Trousers,https://img1.doubanio.com/lpic/s1314988.jpg,尼克·帕克,"1993-12-03(美国),1993-12-26(英国)", 英国,,8.8
X档案 第一季 The X-Files Season 1,https://img3.doubanio.com/view/movie_poster_cover/lpst/public/p2184528806.jpg,金·曼纳斯,1993-09-10(美国), 美国 / 加拿大,大卫·杜楚尼 / 吉莲·安德森 / 米彻·佩勒吉 / 汤姆·布莱德伍德 / 威廉·B·戴维斯 / 布鲁斯·哈伍德 / 迪恩·哈格鲁德 / 尼古拉斯·李 / ,8.9
告别有情天 The Remains of the Day,https://img3.doubanio.com/view/movie_poster_cover/lpst/public/p1056237302.jpg,詹姆斯·伊沃里,"1993-11-19(美国),1993-11-12(英国)", 英国 / 美国,安东尼·霍普金斯 / 休·格兰特 / 克里斯托弗·里夫 / 詹姆斯·福克斯 / ,8.3
异型基地 Body Snatchers,https://img3.doubanio.com/view/movie_poster_cover/lpst/public/p2212336911.jpg,阿贝尔·费拉拉,1993-06-09(美国), 美国,加布里埃尔·安瓦尔 / 特里·金尼 / 比利·沃斯 / 梅格·提利 / ,6.3
糖衣陷阱 The Firm,https://img1.doubanio.com/view/movie_poster_cover/lpst/public/p987751759.jpg,西德尼·波拉克,1993-06-30, 美国,汤姆·克鲁斯 / 霍利·亨特 / 吉恩·哈克曼 / 艾德·哈里斯 / 大卫·斯特雷泽恩 / 托宾·贝尔 / ,7.1
现代豪侠传 現代豪俠傳,https://img3.doubanio.com/view/movie_poster_cover/lpst/public/p2167150681.jpg,杜琪峰,1993-09-30, 香港,杨紫琼 / 梅艳芳 / 张曼玉 / 黄秋生 / 刘松仁 / 金城武 / 刘青云 / 秦沛 / ,7.2
布朗克斯的故事 A Bronx Tale,https://img1.doubanio.com/view/movie_poster_cover/lpst/public/p1413550329.jpg,罗伯特·德尼罗,1993-09-14, 美国,罗伯特·德尼罗 / 查兹·帕尔明特瑞 / 李洛·布兰卡托 / 弗朗西斯·卡普拉 / 泰罗尔·希克斯 / 凯瑟琳·纳杜奇 / ,8.6
水浒传之英雄本色 水滸傳之英雄本色,https://img3.doubanio.com/view/movie_poster_cover/lpst/public/p2299470421.jpg,陈会毅,1993-05-19(韩国), 香港 / 中国大陆,王祖贤 / 梁家辉 / 徐锦江 / 刘青云 / 林威 / 午马 / ,7.0
双狙人 Sniper,https://img3.doubanio.com/view/movie_poster_cover/lpst/public/p2168408220.jpg,路易斯·罗沙,1993-01-29, 美国 / 秘鲁,汤姆·贝伦杰 / ,7.1
基卡 Kika,https://img3.doubanio.com/view/movie_poster_cover/lpst/public/p2202335883.jpg,佩德罗·阿莫多瓦,1993-10-29, 西班牙 / 法国,薇诺妮卡·福克 / 彼德·考约特 / 维多利亚·阿布里尔 / Àlex Casanovas / ,7.3
山丘之王 King of the Hill,https://img1.doubanio.com/view/movie_poster_cover/lpst/public/p2210776027.jpg,史蒂文·索德伯格,1993-08-20, 美国,杰西·布拉德福特 / 杰罗恩·克拉比 / 丽莎·艾科恩 / 凯伦·阿兰 / 斯波尔丁·格雷 / 伊丽莎白·麦戈文 / Cameron Boyd / 艾德里安·布洛迪 / 乔·克里斯特 / John McConnell / 埃博·本森 / 克里斯汀格里菲斯 / Chris Samples / Peggy Freisen / ,8.1
玫瑰玫瑰我爱你,https://img3.doubanio.com/view/movie_poster_cover/lpst/public/p2351978265.jpg,彭绮华,, 香港,梁家辉 / 刘嘉玲 / 钟镇涛 / 任达华 / 叶玉卿 / ,7.0
穿梭阴阳间 Heart and Souls,https://img3.doubanio.com/view/movie_poster_cover/lpst/public/p961469005.jpg,罗恩·安德伍德,1993-08-13, 美国,伊丽莎白·苏 / 小罗伯特·唐尼 / 阿尔法·伍达德 / 查尔斯·格罗丁 / 凯拉·塞吉维克 / 大卫·佩默 / 比尔·卡尔弗特 / 肖恩·奥布赖恩 / 乔治·马奎尔 / 马克·施艾曼 / 理查德·波特诺 / 艾力克·洛伊德 / ,7.9
天与地 Heaven & Earth,https://img3.doubanio.com/view/movie_poster_cover/lpst/public/p743548555.jpg,奥利佛·斯通,1993-12-25, 法国 / 美国,姚志丽 / 汤米·李·琼斯 / 吴汉润 / 陈冲 / 阮春智 / Mai Le Ho / 邬君梅 / ,8.2
20岁的微热 二十才の微熱,https://img3.doubanio.com/view/movie_poster_cover/lpst/public/p2241723311.jpg,桥口亮辅,1993-09-04, 日本,远藤雅 / 片冈礼子 / ,6.9
触目惊心,https://img1.doubanio.com/lpic/s3050028.jpg,梁小熊,1993-03-18, 香港,周海媚 / 黄百鸣 / ,6.6
费加罗的婚礼 Le nozze di Figaro,https://img3.doubanio.com/lpic/s1462096.jpg,Olivier Mille,, France,Rodney Gilfry / Bryn Terfel / ,8.9
乌鼠机密档案 烏鼠機密檔案,https://img1.doubanio.com/view/movie_poster_cover/lpst/public/p1954319628.jpg,邓衍成,1993, 香港,郑则仕 / 任达华 / 李修贤 / ,7.0
神经刀与飞天猫 神經刀與飛天貓,https://img3.doubanio.com/view/movie_poster_cover/lpst/public/p2059514335.jpg,朱延平,1993-05-06(香港), 香港,林志颖 / 张学友 / 张曼玉 / 梁家辉 / 吴孟达 / 叶蕴仪 / ,6.6
美少女战士R 美少女戦士セーラームーンR,https://img3.doubanio.com/view/movie_poster_cover/lpst/public/p2445474094.jpg,佐藤顺一,1993-03-06(日本), 日本,三石琴乃 / 久川绫 / 富泽美智惠 / 篠原惠美 / 深见梨加 / 潘惠子 / 古谷彻 / 高户靖广 / 荒木香惠 / 川岛千代子 / ,8.3
边城浪子 邊城浪子,https://img1.doubanio.com/lpic/s1651587.jpg,陈勋奇,1993-10-28(香港), 香港,狄龙 / 陈勋奇 / 陈玉莲 / 袁咏仪 / 袁洁莹 / 张智霖 / 罗嘉良 / ,6.5
狭路英豪,https://img3.doubanio.com/view/movie_poster_cover/lpst/public/p2211710055.jpg,周晓文,1993-12-09, 中国大陆 / 香港,姜文 / 万梓良 / ,6.3
美版恐龙战队 第一季 Mighty Morphin' Power Rangers Season 1,https://img3.doubanio.com/view/movie_poster_cover/lpst/public/p1868476150.jpg,John Blizek,1993-08-28, 美国 / 日本,David Yost / Amy Jo Johnson / ,8.5
搬家 お引越し,https://img3.doubanio.com/view/movie_poster_cover/lpst/public/p1867099944.jpg,相米慎二,1993-03-20, 日本,中井贵一 / 樱田淳子 / ,8.5
怪医黑杰克 OVA Black Jack OVA,https://img3.doubanio.com/lpic/s4260531.jpg,出﨑統,1993-12-21, 日本,大塚明夫 / 水谷优子 / 田中敦子 / ,9.1
孝子贤孙伺候着,https://img1.doubanio.com/view/movie_poster_cover/lpst/public/p2376859119.jpg,陈佩斯,1993, 中国大陆,陈佩斯 / 赵丽蓉 / 丁嘉丽 / 魏宗万 / ,8.0
弗兰兹·卡夫卡的美妙人生 Franz Kafka's It's a Wonderful Life,https://img3.doubanio.com/lpic/s6808752.jpg,Peter Capaldi,1995-11-29, 英国,Richard E. Grant / Crispin Letts / Ken Stott / Elaine Collins / ,7.9
新报仇,https://img3.doubanio.com/view/movie_poster_cover/lpst/public/p2224093196.jpg,庄胤建,1993, 中国大陆 / 香港,刘锡明 / 张丰毅 / 王侠 / 蔡弘 / 罗锐 / 叶荣祖 / 徐曼华 / 王世官 / ,5.7
海蒂 Heidi,https://img3.doubanio.com/view/movie_poster_cover/lpst/public/p2270779943.jpg,迈克尔·雷·罗德斯,1993-07-18(美国), 美国 / 意大利,杰森·罗巴兹 / 简·西摩 / 帕德里夏·妮尔 / 简·菲利普斯 / Lexi Randall / Noley Thornton / Jane Hazlegrove / 安德鲁·比克内尔 / Ben Brazier / ,9.0
盖茨堡之役 Gettysburg,https://img3.doubanio.com/view/movie_poster_cover/lpst/public/p2164882750.jpg,罗纳德·F·麦克斯维尔,1993-10-08, 美国,马丁·辛 / 史蒂芬·朗 / 杰夫·丹尼尔斯 / 汤姆·贝伦杰 / 凯文·康韦 / ,8.3
驱魔道长 驅魔道長,https://img3.doubanio.com/view/movie_poster_cover/lpst/public/p2238829096.jpg,午马,1993, 香港,林正英 / 午马 / 邹兆龙 / 杨子孺 / 叶荣祖 / 岳虹 / ,6.7
雾水总统 Dave,https://img3.doubanio.com/view/movie_poster_cover/lpst/public/p1398843135.jpg,伊万·雷特曼,1993-05-07(美国), 美国,凯文·克莱恩 / 西格妮·韦弗 / 弗兰克·兰格拉 / 凯文·杜恩 / 文·瑞姆斯 / 本·金斯利 / 查尔斯·格罗丁 / 费斯·普林斯 / 劳拉·琳妮 / 邦尼·亨特 / 帕利·贝尔 / Stefan Gierasch / 安娜·迪佛·史密斯 / Charles Hallahan / Tom Dugan / 斯蒂芬·鲁特 / 拉尔夫·曼扎 / ,7.4
青木瓜之味 Mùi Đu Đủ Xanh,https://img3.doubanio.com/view/movie_poster_cover/lpst/public/p1910825832.jpg,陈英雄,1993-06-08, 越南 / 法国,陈女燕溪 / 如琼 / Thi Loc Truong / Anh Hoa Nguyen / ,7.8
亚利桑那之梦 Arizona Dream,https://img1.doubanio.com/view/movie_poster_cover/lpst/public/p1398203397.jpg,埃米尔·库斯图里卡,1993-01-06, 美国 / 法国,约翰尼·德普 / 莉莉·泰勒 / 费·唐纳薇 / 文森特·加洛 / 杰瑞·刘易斯 / 宝琳娜·普利茨科娃 / ,8.0
情枭的黎明 Carlito's Way,https://img3.doubanio.com/view/movie_poster_cover/lpst/public/p1365185044.jpg,布莱恩·德·帕尔玛,1993-11-10, 美国,阿尔·帕西诺 / 西恩·潘 / 佩内洛普·安·米勒 / 约翰·雷吉扎莫 / 维果·莫腾森 / 詹姆斯·瑞布霍恩 / ,8.6
费城故事 Philadelphia,https://img3.doubanio.com/view/movie_poster_cover/lpst/public/p750348993.jpg,乔纳森·戴米,1993-12-22(美国), 美国,汤姆·汉克斯 / 丹泽尔·华盛顿 / 安东尼奥·班德拉斯 / 乔安娜·伍德沃德 / Roberta Maxwell / 玛丽·斯汀伯根 / 安·唐德 / Lisa Summerour / 查尔斯·纳佩尔 / 杰森·罗巴兹 / Buzz Kilman / Karen Finley / 罗伯特·雷吉利 / 布莱德利·惠特福德 / Ron Vawter / 安娜·迪佛·史密斯 / 崔西·沃特 / 朱利叶斯·欧文 / Edward Rendell / 钱德拉·威尔森 / David Drake / 罗杰·科曼 / ,8.6
越空狂龙 Demolition Man,https://img3.doubanio.com/view/movie_poster_cover/lpst/public/p726735301.jpg,马可·布拉姆贝拉,1993-10-07, 美国,西尔维斯特·史泰龙 / 韦斯利·斯奈普斯 / 桑德拉·布洛克 / 奈杰尔·霍桑 / 本杰明·布拉特 / 鲍勃·冈顿 / Glenn Shadix / 丹尼斯·利瑞 / Grand L. Bush / Pat Skipper / Steve Kahan / Paul Bollen / Mark Colson / 安德烈·格雷戈里 / ,6.6
追梦赤子心 Rudy,https://img1.doubanio.com/view/movie_poster_cover/lpst/public/p452578349.jpg,大卫·安斯鲍夫,1993-10-13, 美国,西恩·奥斯汀 / 乔恩·费儒 / 尼德·巴蒂 / 查尔斯·达顿 / 莉莉·泰勒 / ,8.8
新流星蝴蝶剑,https://img1.doubanio.com/view/movie_poster_cover/lpst/public/p1693318798.jpg,麦当杰,1993-01-16(香港), 香港 / 台湾,梁朝伟 / 杨紫琼 / 王祖贤 / 林志颖 / 甄子丹 / 庹宗华 / 徐锦江 / 叶全真 / 李家鼎 / ,6.8
袅袅夕阳情 まあだだよ,https://img3.doubanio.com/view/movie_poster_cover/lpst/public/p2031639015.jpg,黑泽明,1993-04-17(日本), 日本,松村达雄 / 香川京子 / 井川比佐志 / 寺尾聪 / 渡边哲 / 冷泉公裕 / 冈本信人 / ,8.4
上海皇帝之雄霸天下,https://img3.doubanio.com/view/movie_poster_cover/lpst/public/p2375758672.jpg,潘文杰,1993-05-13, 香港,吕良伟 / 郑则仕 / 徐锦江 / 刘嘉玲 / ,7.7
城市猎人 城市獵人,https://img3.doubanio.com/view/movie_poster_cover/lpst/public/p1914260955.jpg,王晶,"1993-01-16(香港),1993-03-20(日本)", 香港 / 日本,成龙 / 王祖贤 / 邱淑贞 / 后藤久美子 / 单立文 / 黎明 / ,7.1
东方三侠 東方三俠,https://img3.doubanio.com/view/movie_poster_cover/lpst/public/p2172091986.jpg,杜琪峰,1993-02-12, 香港,梅艳芳 / 杨紫琼 / 张曼玉 / 刘松仁 / 黄秋生 / 白石千 / 朱咪咪 / 任世官 / 秦沛 / ,7.3
真实罗曼史 True Romance,https://img3.doubanio.com/view/movie_poster_cover/lpst/public/p1613934604.jpg,托尼·斯科特,"1993-09-10(美国),1993-11-03(法国)", 美国 / 法国,克里斯蒂安·史莱特 / 帕特丽夏·阿奎特 / 丹尼斯·霍珀 / 方·基默 / 加里·奥德曼 / 布拉德·皮特 / 克里斯托弗·沃肯 / ,8.1
修女也疯狂2 Sister Act 2: Back in the Habit,https://img1.doubanio.com/view/movie_poster_cover/lpst/public/p1505799489.jpg,比尔·杜克,1993-12-10(美国), 美国,乌比·戈德堡 / 凯茜·纳基麦 / 巴纳德·休斯 / 玛丽威克斯 / ,7.3
站直啰，别趴下,https://img1.doubanio.com/lpic/s1432169.jpg,黄建新,1993-11-06, 中国大陆,达式常 / 冯巩 / 傅丽莉 / 刘小惠 / 张璐 / 牛振华 / 瞿颖 / 杨亚洲 / ,7.5
欢乐一家亲 第一季 Frasier Season 1,https://img3.doubanio.com/view/movie_poster_cover/lpst/public/p2212098341.jpg,David Angell,1993-09-16(美国), 美国,凯尔希·格兰莫 / 简·丽芙丝 / 大卫·海德·皮尔斯 / 佩里·吉普林 / 约翰·马奥尼 / ,9.1
桃色交易 Indecent Proposal,https://img3.doubanio.com/view/movie_poster_cover/lpst/public/p949548990.jpg,阿德里安·莱恩,1993-04-07, 美国,罗伯特·雷德福 / 黛米·摩尔 / 伍迪·哈里森 / 奥利弗·普莱特 / ,7.4
回首又见他 振り返れば奴がいる,https://img1.doubanio.com/view/movie_poster_cover/lpst/public/p2152403608.jpg,若松节朗,1993-01-13(日本), 日本,织田裕二 / 石黑贤 / 鹿贺丈史 / 千堂秋穗 / 松下由树 / 西村雅彦 / ,9.0
喜福会 The Joy Luck Club,https://img3.doubanio.com/view/movie_poster_cover/lpst/public/p1269318004.jpg,王颖,1993-09-08, 美国,周采芹 / 温明娜 / 俞飞鸿 / 邬君梅 / 卢燕 / 丁一  / ,8.4
新人皮灯笼 人皮燈籠,https://img3.doubanio.com/lpic/s1462240.jpg,刘伟强,, 香港,梁家辉 / ,6.7
水泥花园 The Cement Garden,https://img3.doubanio.com/view/movie_poster_cover/lpst/public/p2358505075.jpg,Andrew Birkin,1993-07-08, 法国 / 德国 / 英国,Charlotte Gainsbourg / ,7.7
超级学校霸王 超級學校霸王,https://img3.doubanio.com/view/movie_poster_cover/lpst/public/p2167119890.jpg,王晶,1993-07-15(香港), 香港,张卫健 / 郑伊健 / 刘德华 / 张学友 / 郭富城 / 任达华 / 邱淑贞 / 杨采妮 / 许志安 / 刘小慧 / 苑琼丹 / 吴耀汉 / 陈百祥 / ,7.1
再世追魂,https://img3.doubanio.com/view/movie_poster_cover/lpst/public/p2260957593.jpg,梁小熊,1993-06-24(香港), 香港,吕良伟 / 郑则仕 / 黄光亮 / 刘瑞琪 / ,7.1
高校教师 高校教師,https://img1.doubanio.com/view/movie_poster_cover/lpst/public/p2330363249.jpg,鴨下信一,1993-01-08(日本), 日本,真田广之 / 樱井幸子 / 赤井英和 / 京本政树 / 持田真树 / 峰岸彻 / 中村榮美子 / 渡边典子 / 黑田亞瑟 / 小坂一也 / 金田明夫 / 山下容莉枝 / ,8.8
北京杂种,https://img3.doubanio.com/view/movie_poster_cover/lpst/public/p2191263042.jpg,张元,1993-09-17, 中国大陆,崔健 / 李委 / 臧天朔 / 俞飞鸿 / 唐大年 / ,6.5
鬼叫春,https://img3.doubanio.com/view/movie_poster_cover/lpst/public/p2352410026.jpg,赖汶星,, 香港,陈颖芝 / 贺凯 / 大友梨奈 / 李中宁 / 王光源 / 刘少君 / 谷峰 / 徐宝麟 / 邱明雄 / 黄萍 / ,"
    "
食物 Jídlo,https://img3.doubanio.com/lpic/s1434425.jpg,杨·史云梅耶,1993-09-11(加拿大多伦多电影节), 捷克斯洛伐克 / 英国,Ludvík Sváb / Bedrich Glaser / Jan Kraus / Pavel Marek / Josef Fiala / Karel Hamr / ,9.1
新白娘子传奇 新白娘子傳奇,https://img3.doubanio.com/view/movie_poster_cover/lpst/public/p2225032274.jpg,夏祖辉,"1993-02-01(中国大陆),1992-11-15(台湾)", 台湾,赵雅芝 / 叶童 / 陈美琪 / 石乃文 / 夏光莉 / 乾德门 / 尹宝莲 / ,9.0
听到涛声 海がきこえる,https://img3.doubanio.com/view/movie_poster_cover/lpst/public/p1137708892.jpg,望月智充,1993-05-05(日本), 日本,飞田展男 / 坂本洋子 / 关俊彦 / 荒木香惠 / 绿川光 / ,8.1
黄飞鸿之三：狮王争霸 黃飛鴻之三獅王爭霸,https://img1.doubanio.com/view/movie_poster_cover/lpst/public/p2047653768.jpg,徐克,1993-02-11(香港), 香港 / 中国大陆,李连杰 / 关之琳 / 莫少聪 / 熊欣欣 / 刘洵 / 庄域飞 / 葛存壮 / ,7.7
赤脚小子,https://img1.doubanio.com/view/movie_poster_cover/lpst/public/p2253801207.jpg,杜琪峰,1993-04-03, 香港,郭富城 / 张曼玉 / 狄龙 / 吴倩莲 / 张兆辉 / 秦沛 / ,6.9
北京人在纽约,https://img3.doubanio.com/view/movie_poster_cover/lpst/public/p2252527554.jpg,郑晓龙,1993-09-26, 中国大陆,姜文 / 严晓频 / 王姬 / 马晓晴 / 周丽华 / 高国华 / ,8.3
新不了情,https://img3.doubanio.com/view/movie_poster_cover/lpst/public/p1277982373.jpg,尔冬升,1993-11-11(香港), 香港,刘青云 / 袁咏仪 / 刘嘉玲 / 秦沛 / 冯宝宝 / 吴家丽 / 张艾嘉 / 张之亮 / ,8.3
霸王别姬,https://img3.doubanio.com/view/movie_poster_cover/lpst/public/p1910813120.jpg,陈凯歌,1993-01-01(香港), 中国大陆 / 香港,张国荣 / 张丰毅 / 巩俐 / 葛优 / 英达 / 蒋雯丽 / 吴大维 / 吕齐 / 雷汉 / 尹治 / 马明威 / 费振翔 / 智一桐 / 李春 / 赵海龙 / 李丹 / 童弟 / ,9.5
蝴蝶君 M. Butterfly,https://img1.doubanio.com/view/movie_poster_cover/lpst/public/p770583467.jpg,大卫·柯南伯格,1993-09-09, 美国,杰瑞米·艾恩斯 / 尊龙 / ,7.8
太极张三丰 太極張三豐,https://img3.doubanio.com/view/movie_poster_cover/lpst/public/p722764652.jpg,袁和平,1993-11-18(中国香港), 香港,李连杰 / 杨紫琼 / 钱小豪 / 袁洁莹 / 袁祥仁 / 刘洵 / ,7.4
侏罗纪公园 Jurassic Park,https://img3.doubanio.com/view/movie_poster_cover/lpst/public/p2076443176.jpg,史蒂文·斯皮尔伯格,"2013-08-20(中国大陆 3D),1993-06-11(美国),2013-04-05(美国 3D)", 美国,山姆·尼尔 / 劳拉·邓恩 / 杰夫·高布伦 / 理查德·阿滕伯勒 / 鲍勃·佩克 / 马丁·费雷罗 / 约瑟夫·梅泽罗 / 阿丽亚娜·理查兹 / 塞缪尔·杰克逊 / 黄荣亮 / 韦恩·奈特 / 杰拉尔德·R·莫伦 / ,7.9
芳芳 Fanfan,https://img3.doubanio.com/view/movie_poster_cover/lpst/public/p1023890205.jpg,亚历山大·雅丁,1993-06-16, 法国,苏菲·玛索 / 文森特·佩雷斯 / 马里恩·德尔特梅 / ,8.1
圣诞夜惊魂 The Nightmare Before Christmas,https://img1.doubanio.com/view/movie_poster_cover/lpst/public/p470366787.jpg,亨利·塞利克,1993-10-29, 美国,丹尼·艾夫曼 / 克里斯·萨兰登 / 凯瑟琳·欧哈拉 / 威廉·赫基 / Glenn Shadix / 保罗·雷宾斯 / 肯·帕吉 / Edward Ivory / Susan McBride / Debi Durst / 格雷格·普罗普斯 / Kerry Katz / Randy Crenshaw / Sherwood Ball / ,8.2
方世玉续集,https://img3.doubanio.com/view/movie_poster_cover/lpst/public/p2191173443.jpg,元奎,1993-07-30(香港), 香港,李连杰 / 萧芳芳 / 李嘉欣 / 郭蔼明 / 元奎 / 郑少秋 / ,7.5
蓝白红三部曲之蓝 Trois couleurs: Bleu,https://img3.doubanio.com/view/movie_poster_cover/lpst/public/p1978408096.jpg,克日什托夫·基耶斯洛夫斯基,1993-09-08(法国), 法国 / 波兰 / 瑞士,朱丽叶·比诺什 / 贝努特·里格恩特 / 弗罗伦斯·派梅尔 / 夏洛特·韦里 / 海伦·文森特 / 菲利普·沃特 / 休格·奎斯特 / 埃玛妞·丽娃 / Florence Vignon / Yann Trégouët / Alain Ollivier / ,8.4
白发魔女传 白髮魔女傳,https://img1.doubanio.com/view/movie_poster_cover/lpst/public/p958927779.jpg,于仁泰,1993-08-26(香港), 香港,张国荣 / 林青霞 / 吴镇宇 / 吕少玲 / 蓝洁瑛 / 罗乐林 / 鲍方 / ,7.7
亡命天涯 The Fugitive,https://img3.doubanio.com/view/movie_poster_cover/lpst/public/p805294540.jpg,安德鲁·戴维斯,"1994-11-12(中国大陆),1993-08-06(美国)", 美国,哈里森·福特 / 汤米·李·琼斯 / 雪拉·渥德 / ,8.0
钢琴课 The Piano,https://img3.doubanio.com/view/movie_poster_cover/lpst/public/p764799071.jpg,简·坎皮恩,"1993-05-17(戛纳电影节),1993-05-19(法国),1993-08-05(澳大利亚)", 新西兰 / 澳大利亚 / 法国,霍利·亨特 / 哈威·凯特尔 / 山姆·尼尔 / 安娜·帕奎因 / 克利夫·柯蒂斯 / 克里·沃克 / 吉娜维夫·莱蒙 / 伊恩·穆内 / 佩特·史密斯 / 布鲁克·奥佩斯 / ,8.0
方世玉,https://img3.doubanio.com/view/movie_poster_cover/lpst/public/p2186152223.jpg,元奎,1993-03-04, 香港,李连杰 / 萧芳芳 / 陈松勇 / 李嘉欣 / 胡慧中 / 赵文卓 / 朱江 / 郑少秋 / ,7.6
新难兄难弟,https://img1.doubanio.com/view/movie_poster_cover/lpst/public/p2352004508.jpg,陈可辛,1993-12-11(香港), 香港,梁家辉 / 梁朝伟 / 刘嘉玲 / 袁咏仪 / 郑丹瑞 / 周嘉玲 / 楚原 / 周文健 / 李子雄 / 吴启华 / 李婉华 / 翁杏兰 / 曾近荣 / 潘芳芳 / ,7.9
奏鸣曲 ソナチネ,https://img3.doubanio.com/view/movie_poster_cover/lpst/public/p1899389314.jpg,北野武,1993-09-10, 日本,北野武 / 国舞亚矢 / 渡边哲 / 胜村政信 / ,8.2
西雅图未眠夜 Sleepless in Seattle,https://img3.doubanio.com/view/movie_poster_cover/lpst/public/p480953026.jpg,诺拉·艾芙隆,1993-06-25(美国), 美国,汤姆·汉克斯 / 梅格·瑞恩 / 罗斯·马林格 / 丽塔·威尔逊 / 维克多·加博 / 凯莉·洛维 / 比尔·普尔曼 / Le Clanché du Rand / 凯文·欧莫里森 / 大卫·海德·皮尔斯 / Barbara Garrick / 弗兰西丝·康罗伊 / Calvin Trillin / 罗茜·欧唐内 / ,7.9
新仙鹤神针 新仙鶴神針,https://img3.doubanio.com/view/movie_poster_cover/lpst/public/p2250831862.jpg,陈木胜,1993-08-19, 香港,梁朝伟 / 梅艳芳 / 关之琳 / 刘松仁 / 吴启华 / 徐少强 / 张铁林 / 刘锦玲 / 陈慧仪 / ,7.0
倚天屠龙记之魔教教主 倚天屠龍記之魔教教主,https://img1.doubanio.com/view/movie_poster_cover/lpst/public/p1655212378.jpg,王晶,1993-12-18(香港), 香港,李连杰 / 张敏 / 邱淑贞 / 黎姿 / 洪金宝 / 吴镇宇 / 吴耀汉 / 曹荣 / 闫怀礼 / 梁家仁 / 邹兆龙 / 田启文 / 张春仲 / ,7.2
纯真年代 The Age of Innocence,https://img3.doubanio.com/view/movie_poster_cover/lpst/public/p2158822615.jpg,马丁·斯科塞斯,1993-10-01, 美国,丹尼尔·戴-刘易斯 / 米歇尔·菲佛 / 薇诺娜·瑞德 / 亚历克西斯·史密斯 / 乔纳森·普雷斯 / ,8.2
土拨鼠之日 Groundhog Day,https://img3.doubanio.com/view/movie_poster_cover/lpst/public/p1529145090.jpg,哈罗德·雷米斯,1993-02-12(美国), 美国,比尔·默瑞 / 安迪·麦克道威尔 / 克里斯·艾略特 / 斯蒂芬·托布罗斯基 / 布赖恩·道尔 / 瑞克·欧弗顿 / 威利·加森 / 安吉拉·佩顿 / 里克·杜科蒙 / 罗宾·杜克 / 肯·哈德森·坎贝尔 / ,8.5
完美的世界 A Perfect World,https://img3.doubanio.com/view/movie_poster_cover/lpst/public/p792403691.jpg,克林特·伊斯特伍德,1993-11-24(美国), 美国,凯文·科斯特纳 / 劳拉·邓恩 / 克林特·伊斯特伍德 / T·J·劳瑟 / ,9.0
青蛇,https://img3.doubanio.com/view/movie_poster_cover/lpst/public/p584021784.jpg,徐克,1993-11-04(香港), 香港,张曼玉 / 王祖贤 / 赵文卓 / 吴兴国 / 马精武 / 田丰 / ,8.4
花田喜事 花田囍事,https://img3.doubanio.com/view/movie_poster_cover/lpst/public/p939447812.jpg,高志森,1993-01-20, 香港,张国荣 / 关之琳 / 许冠杰 / 毛舜筠 / 许冠英 / 吴君如 / 黄百鸣 / 吴孟达 / ,7.5
兽兵卫忍风帖 獣兵衛忍風帖,https://img3.doubanio.com/view/movie_poster_cover/lpst/public/p456518164.jpg,川尻善昭,1993-06-05(日本), 日本,山寺宏一 / 篠原惠美 / 青野武 / 关俊彦 / ,8.5
不一样的天空 What's Eating Gilbert Grape,https://img3.doubanio.com/view/movie_poster_cover/lpst/public/p2175712032.jpg,拉斯·霍尔斯道姆,1993-12-17(美国), 美国,约翰尼·德普 / 莱昂纳多·迪卡普里奥 / 朱丽叶特·刘易斯 / 玛丽·斯汀伯根 / 达尔莱尼·凯茨 / 马里·凯特·舒切尔哈德特 / 凯文·泰德 / 约翰·C·赖利 / 克里斯平·格洛弗 / 劳拉·哈灵顿 / ,8.6
逃学威龙3之龙过鸡年 逃学威龙III之龙过鸡年,https://img3.doubanio.com/view/movie_poster_cover/lpst/public/p1277819805.jpg,王晶,1993-01-14, 香港,周星驰 / 梅艳芳 / 陈百祥 / 周海媚 / 梁家仁 / 黄秋生 / 陈欣健 / 朱咪咪 / 秦沛 / ,7.0
灌篮高手 スラムダンク,https://img3.doubanio.com/view/movie_poster_cover/lpst/public/p2445459194.jpg,西沢信孝,"1993-10-16(日本),2013-11-03(高清修复版)", 日本,草尾毅 / 绿川光 / 梁田清之 / 置鲇龙太郎 / 盐屋翼 / 原惠理子 / 平松晶子 / 田中秀幸 / 小野坂昌也 / 神奈延年 / 西村知道 / 森川智之 / 干本雄之 / 盐屋浩三 / 佐藤正之 / 江川央生 / 川津泰彦 / 大塚芳忠 / ,9.5
喜宴,https://img3.doubanio.com/view/movie_poster_cover/lpst/public/p2173713676.jpg,李安,"1993-02(柏林电影节),1993-08-04(美国)", 台湾 / 美国,赵文瑄 / 归亚蕾 / 金素梅 / 郎雄 / ,8.8
东方不败风云再起 東方不敗之風雲再起,https://img3.doubanio.com/view/movie_poster_cover/lpst/public/p2024262361.jpg,李惠民,1993-01-21(香港), 香港,林青霞 / 王祖贤 / 王静莹 / 于荣光 / 刘洵 / 高雄 / 李家鼎 / 苑琼丹 / 任世官 / 午马 / 林正英 / ,7.2
我爱我家,https://img3.doubanio.com/view/movie_poster_cover/lpst/public/p1334120823.jpg,英达,1993-07-01(中国大陆), 中国大陆,文兴宇 / 宋丹丹 / 杨立新 / 梁天 / 关凌 / 赵明明 / ,9.0
辛德勒的名单 Schindler's List,https://img3.doubanio.com/view/movie_poster_cover/lpst/public/p492406163.jpg,史蒂文·斯皮尔伯格,"1993-11-30(华盛顿首映),1994-02-04(美国)", 美国,连姆·尼森 / 本·金斯利 / 拉尔夫·费因斯 / 卡罗琳·古多尔 / 乔纳森·萨加尔 / 艾伯丝·戴维兹 / 马尔戈萨·格贝尔 / 马克·伊瓦涅 / Béatrice Macola / 安德烈·瑟韦林 / Friedrich von Thun / Krzysztof Luft / ,9.4
济公 濟公,https://img3.doubanio.com/view/movie_poster_cover/lpst/public/p2352111993.jpg,杜琪峰,1993-07-29(香港), 香港,周星驰 / 张曼玉 / 吴孟达 / 黄秋生 / 梅艳芳 / 苑琼丹 / 卢海鹏 / ,6.9
唐伯虎点秋香 唐伯虎點秋香,https://img3.doubanio.com/view/movie_poster_cover/lpst/public/p1946455272.jpg,李力持,1993-07-01(香港), 香港,周星驰 / 巩俐 / 陈百祥 / 郑佩佩 / 朱咪咪 / 梁家仁 / 苑琼丹 / 梁荣忠 / 黄一山 / 黄霑 / 吴镇宇 / 刘家辉 / 蓝洁瑛 / 谷德昭 / 陈辉虹 / 李健仁 / 宣萱 / ,8.3
射雕英雄传之东成西就 射鵰英雄傳之東成西就,https://img3.doubanio.com/view/movie_poster_cover/lpst/public/p1993903133.jpg,刘镇伟,1993-02-05, 香港,梁朝伟 / 林青霞 / 张国荣 / 叶玉卿 / 张学友 / 王祖贤 / 张曼玉 / 梁家辉 / 刘嘉玲 / 钟镇涛 / ,8.7
