电影名,海报链接,导演,时间,地区,演员,评分
零点爆破 Blown Away,https://img1.doubanio.com/view/movie_poster_cover/lpst/public/p2453659329.jpg,Stephen Hopkins,1994-07-01, 美国,杰夫·布里吉斯 / 汤米·李·琼斯 / 福里斯特·惠特克 / 苏茜·爱米斯 / ,6.7
阿呆与阿瓜 Dumb & Dumber,https://img3.doubanio.com/view/movie_poster_cover/lpst/public/p1690015840.jpg,彼得·法拉利,1994-12-16(美国), 美国,金·凯瑞 / 杰夫·丹尼尔斯 / 罗伦·荷莉 / 迈克·斯塔尔 / 凯伦·达菲 / 查尔斯·罗基特 / 维多利亚·洛威尔 / 特瑞·加尔 / 菲尔顿·派瑞 / 罗布·莫兰 / Joe Baker / Hank Brandt / Brady Bluhm / Cam Neely / ,7.2
神探飞机头 Ace Ventura: Pet Detective,https://img3.doubanio.com/view/movie_poster_cover/lpst/public/p2134987523.jpg,汤姆·沙迪亚克,1994-02-04, 美国,金·凯瑞 / 柯特妮·考克斯 / 肖恩·杨 / Tone Loc / ,7.2
"沙漠妖姬 The Adventures of Priscilla, Queen of the Desert",https://img3.doubanio.com/view/movie_poster_cover/lpst/public/p1196536905.jpg,斯蒂芬·埃利奥特,1994-08-10(美国), 澳大利亚 / 英国,雨果·维文 / 盖·皮尔斯 / ,8.2
小妇人 Little Women,https://img3.doubanio.com/view/movie_poster_cover/lpst/public/p2191234393.jpg,吉莉安·阿姆斯特朗,1994-12-21, 美国 / 加拿大,薇诺娜·瑞德 / 加布里埃尔·伯恩 / 翠尼·阿瓦拉多 / 萨曼莎·玛西丝 / 克斯汀·邓斯特 / 克莱尔·丹妮丝 / 克里斯蒂安·贝尔 / ,8.0
影子大亨 The Hudsucker Proxy,https://img3.doubanio.com/view/movie_poster_cover/lpst/public/p2203787782.jpg,伊桑·科恩,1994-03-11, 英国 / 德国 / 美国,蒂姆·罗宾斯 / 詹妮弗·杰森·李 / 保罗·纽曼 / 约翰·马奥尼 / ,7.7
新英雄本色,https://img3.doubanio.com/view/movie_poster_cover/lpst/public/p2246985661.jpg,王晶,1994-07-14(香港), 香港,郑伊健 / 刘青云 / 王敏德  / 邱淑贞 / 林国斌 / 邹兆龙 / 黄霑 / 秦沛 / 麦咏麟 / 黄志强 / 林国杰 / 张浚鸿 / 张敏 / 郑家生  / 何永祥 / 邓超友 / 麦伟章 / 蔡国平 / 韩平 / 吴育枢 / 程东 / 黄柏文 / 梁佩瑚 / 李兆基 / 罗莽 / 罗树淇 / 雷达 / 侯焕玲 / ,6.3
六指琴魔,https://img3.doubanio.com/view/movie_poster_cover/lpst/public/p1146873233.jpg,吴勉勤,1994-01-08(香港), 香港 / 中国大陆,林青霞 / 元彪 / 刘嘉玲 / 林威 / 午马 / 徐锦江 / ,7.0
红玫瑰白玫瑰 紅玫瑰白玫瑰,https://img3.doubanio.com/view/movie_poster_cover/lpst/public/p2197949156.jpg,关锦鹏,1994-12-10, 香港 / 中国大陆 / 台湾,陈冲 / 叶玉卿 / 赵文瑄 / 史戈 / 林燕玉 / 赵畅 / ,7.7
星际之门 Stargate,https://img3.doubanio.com/view/movie_poster_cover/lpst/public/p1495387023.jpg,罗兰·艾默里奇,1994-10-28, 法国 / 美国,詹姆斯·斯派德 / 库尔特·拉塞尔 / 艾利希斯·克鲁兹 / 韦薇卡·琳德佛斯 / 杰曼·翰苏 / 艾瑞克·阿瓦利 / 杰伊·戴维森 / ,7.2
人鱼传说 人魚傳說,https://img3.doubanio.com/view/movie_poster_cover/lpst/public/p2398916942.jpg,罗文,1994-11-10, 香港,郑伊健 / 钟丽缇 / 金城武 / 麦家琪 / 郑则仕 / 陈国新 / 苑琼丹 / ,7.1
四个毕业生 Reality Bites,https://img1.doubanio.com/view/movie_poster_cover/lpst/public/p2237873309.jpg,本·斯蒂勒,1994-02-18(美国), 美国,薇诺娜·瑞德 / 伊桑·霍克 / 詹尼安·吉劳法罗 / 史蒂夫·茨恩 / 本·斯蒂勒 / 斯薇兹·昆茨 / Harry O'Reilly / Susan Norfleet / 乔·唐·巴克 / 蕾妮·齐薇格 / James Rothenberg / 约翰·马奥尼 / Eric Morgan Stuart / 巴里·德尔·舍曼 / ,7.4
绝代妖姬 Farinelli,https://img1.doubanio.com/view/movie_poster_cover/lpst/public/p976252959.jpg,杰拉德·考比奥,1994-12-07(法国), 法国 / 意大利 / 比利时,斯特法诺·迪奥尼斯 / 恩里克·洛维索 / 艾尔莎·泽贝斯坦 / 杰罗恩·克拉比 / ,8.0
战栗黑洞 In the Mouth of Madness,https://img1.doubanio.com/view/movie_poster_cover/lpst/public/p1078004649.jpg,约翰·卡朋特,1995-02-03(美国), 美国,山姆·尼尔 / 朱莉·卡门 / ,7.5
邮差 Il postino,https://img3.doubanio.com/view/movie_poster_cover/lpst/public/p1162776592.jpg,迈克尔·莱德福,1994-09-01, 意大利 / 法国 / 比利时,菲利浦·诺瓦雷 / 马西莫·特罗西 / 玛莉亚·嘉西亚·古欣娜塔 / 雷纳托·斯卡帕 / ,8.7
玛戈王后 La Reine Margot,https://img1.doubanio.com/view/movie_poster_cover/lpst/public/p2196127498.jpg,帕特里斯·夏侯,1994-05-13, 法国 / 德国 / 意大利,伊莎贝尔·阿佳妮 / 丹尼尔·奥图 / 维尔娜·丽丝 / 让·雨果·安格拉德 / 文森特·佩雷斯 / 多米尼克·布兰科 / 帕斯卡·格里高利 / 克劳迪奥·阿门多拉 / 米盖尔·波斯 / 艾莎·阿基多 / Julien Rassam / 托马斯·克莱舒曼 / 让-克劳德·布里亚利 / 让-菲利普·艾科菲 / ,7.8
橄榄树下的情人 زير درختان زيتون,https://img1.doubanio.com/view/movie_poster_cover/lpst/public/p1548720649.jpg,阿巴斯·基亚罗斯塔米,1994-12-02, 法国 / 伊朗,Mohamad Ali Keshavarz / Farhad Kheradmand / ,8.3
百变狸猫 平成狸合戦ぽんぽこ,https://img3.doubanio.com/view/movie_poster_cover/lpst/public/p2156875496.jpg,高畑勋,1994-07-16(日本), 日本,古今亭志ん朝 / 三木纪平 / 清川虹子 / 野野村真 / 石田百合子 / 泉谷茂 / 芦屋雁之助 / ,8.4
刀剑笑 刀劍笑,https://img3.doubanio.com/view/movie_poster_cover/lpst/public/p2355309326.jpg,黄泰来,1994-08-25(香港), 香港,刘德华 / 林青霞 / 徐锦江 / 斯琴高娃 / 吕良伟 / ,6.3
白头神探3 Naked Gun 33 1/3: The Final Insult,https://img3.doubanio.com/view/movie_poster_cover/lpst/public/p1036759451.jpg,彼得·西格尔,1994-03-18(美国), 美国,莱斯利·尼尔森 / 普瑞希拉·普雷斯利 / 乔治·肯尼迪 / O·J·辛普森 / ,7.4
年年有今日,https://img3.doubanio.com/view/movie_poster_cover/lpst/public/p2352120522.jpg,高志森,1994-03-31, 香港,梁家辉 / 袁咏仪 / 吴君如 / 黄霑 / 吴镇宇 / ,7.7
天与地,https://img1.doubanio.com/view/movie_poster_cover/lpst/public/p2352143759.jpg,黎大炜,1994-07-21, 香港 / 美国,刘德华 / 刘松仁 / 陈少霞 / 顾宝明 / 金士杰 / 俞飞鸿 / ,7.1
爱的捆绑 Undo,https://img1.doubanio.com/view/movie_poster_cover/lpst/public/p2436737117.jpg,岩井俊二,1994-10-07(日本), 日本,丰川悦司 / 山口智子 / ,7.3
黄飞鸿之五：龙城歼霸 黃飛鴻之五龍城殲霸,https://img3.doubanio.com/view/movie_poster_cover/lpst/public/p2208250362.jpg,徐克,1994-11-17, 香港,赵文卓 / 关之琳 / 莫少聪 / 郑则仕 / 郭晋安 / 熊欣欣 / 王静莹 / 谭炳文 / 刘洵 / 易天雄 / 吕少玲 / 张铁林 / ,6.7
二嫫,https://img3.doubanio.com/view/movie_poster_cover/lpst/public/p913301875.jpg,周晓文,"1994-08(洛迦诺电影节),1994-09-11(多伦多电影节)", 中国大陆 / 香港,艾丽娅 / 刘佩琦 / 戈治均 / ,8.1
昨夜长风 昨夜長風,https://img3.doubanio.com/lpic/s4070813.jpg,林德禄,1994-09-17, 香港,刘青云 / 袁咏仪 / 林文龙 / 朱洁仪 / ,6.9
天堂回信,https://img3.doubanio.com/view/movie_poster_cover/lpst/public/p1090024531.jpg,王君正,1994-11-06, 中国大陆,石晨 / 李丁 / ,9.1
人间失格：假如我死的话 人間・失格～たとえばぼくが死んだら,https://img3.doubanio.com/view/movie_poster_cover/lpst/public/p2247033725.jpg,吉田健,1994-07-08(日本), 日本,堂本刚 / 堂本光一 / 赤井英和 / 樱井幸子 / 荻野目庆子 / 加势大周 / 横山惠 / 黑田勇树 / 斋藤洋介 / 小桥贤儿 / 山崎一 / ,8.9
被告山杠爷,https://img3.doubanio.com/lpic/s3956654.jpg,范元,1994, 中国大陆,李仁堂 / 董丹军 / 毕夫 / 张一梅 / ,7.9
撒旦探戈 Sátántangó,https://img1.doubanio.com/view/movie_poster_cover/lpst/public/p1978732019.jpg,贝拉·塔尔,1994-04-28, 匈牙利 / 德国 / 瑞士,Mihály Víg / Putyi Horváth / ,8.9
动画城,https://img3.doubanio.com/view/movie_poster_cover/lpst/public/p2263201210.jpg,,1994-07, 中国大陆,郏捷 / ,8.7
胆量与实话 Action vérité,https://img3.doubanio.com/lpic/s1648923.jpg,弗朗索瓦·欧容,, 法国,Farida Rahmatoullah / Aylin Argun / ,7.3
义海倾情 Wyatt Earp,https://img1.doubanio.com/view/movie_poster_cover/lpst/public/p1111276317.jpg,劳伦斯·卡斯丹,1994-10-27(美国), 美国,凯文·科斯特纳 / 丹尼斯·奎德 / 吉恩·哈克曼 / 马克·哈蒙 / ,7.0
黑骏马 Black Beauty,https://img3.doubanio.com/lpic/s2723713.jpg,卡罗琳·汤普森,1994-07-29(美国), 美国 / 英国,艾伦·卡明 / 肖恩·宾 / 大卫·休里斯 / 吉姆·卡特 / 彼得·戴维森 / 艾伦·阿姆斯特朗 / 约翰·麦克埃尼 / 伊莲诺·布罗 / ,8.7
花旗少林,https://img3.doubanio.com/view/movie_poster_cover/lpst/public/p2226669795.jpg,刘镇伟,1994-01-29, 香港,周润发 / 吴倩莲 / 刘家辉 / 秦汉 / 蔡宇 / 郭追 / 乔宏 / ,6.7
街头霸王2 Street Fighter II: The Animated Movie,https://img3.doubanio.com/view/movie_poster_cover/lpst/public/p456839805.jpg,杉井ギサブロー,1994-08-06, 日本,津嘉山正種 / ,6.5
弒兄奇案,https://img3.doubanio.com/lpic/s4451621.jpg,钱文锜,1994, 香港,张家辉 / 关咏荷 / 李中宁 / 黄子华 / 吴妙仪 / 陈志辉 / 洪同剑 / 姚芝昀 / 邓祥 / 葛英健 / ,"
    "
大话西游之大圣娶亲 西遊記大結局之仙履奇緣,https://img3.doubanio.com/view/movie_poster_cover/lpst/public/p2455050536.jpg,刘镇伟,"2017-04-13(中国大陆重映),2014-10-24(中国大陆),1995-02-04(香港)", 香港 / 中国大陆,周星驰 / 吴孟达 / 朱茵 / 蔡少芬 / 蓝洁瑛 / 莫文蔚 / 罗家英 / 刘镇伟 / 陆树铭 / ,9.2
医院风云 Riget,https://img3.doubanio.com/view/movie_poster_cover/lpst/public/p784281791.jpg,拉斯·冯·提尔,1994-11-24, 丹麦 / 法国 / 德国,Ernst-Hugo Järegård / Kirsten Rolffes / Holger Juul Hansen / Baard Owe / ,7.8
战争 The War,https://img3.doubanio.com/lpic/s6336405.jpg,乔恩 艾弗耐特 (Jon Avnet),1994-11-04, 美国,Kevin Costner / ,8.3
终极特区 Drop Zone,https://img3.doubanio.com/view/movie_poster_cover/lpst/public/p2327946532.jpg,约翰·班德汉姆,1994-12-09, 美国,韦斯利·斯奈普斯 / 加里·布塞 / ,6.2
情迷V女郎 Milk Money,https://img3.doubanio.com/view/movie_poster_cover/lpst/public/p2216081302.jpg,理查德·本杰明,1994-08-31, 美国,梅兰尼·格里菲斯 / 艾德·哈里斯 / Michael Patrick Carter / 马尔科姆·麦克道威尔 / 安·海切 / 凯西·希玛兹科 / 菲利普·博斯科 / Brian Christopher / 亚当·拉沃格纳 / Kevin Scannell / Jessica Wesson / Amanda Sharkey / 玛格丽特·奈格尔 / Katie Powell / ,7.7
寶島大夢,https://img3.doubanio.com/lpic/s1434213.jpg,黄明川 (Ming-chuan Huang),1994-08-19, 台湾,,"
    "
怪侠一枝梅 怪俠一枝梅,https://img3.doubanio.com/lpic/s3964704.jpg,刘观伟,1994-12-22, 香港,黄秋生 / 洪欣 / 林文龙 / 黄光亮 / 刘茜 / 邵音音 / ,6.5
鲍伯的生日 Bob's Birthday,https://img1.doubanio.com/view/movie_poster_cover/lpst/public/p2242118338.jpg,埃里森·斯诺登,1994-10(芝加哥电影节), 加拿大 / 英国,Andy Hamilton / ,6.9
天国逆子 天國逆子,https://img3.doubanio.com/view/movie_poster_cover/lpst/public/p1417294565.jpg,严浩,"1994(东京国际电影节),1995-03-23(香港)", 香港,斯琴高娃 / 庹宗华 / 马精武 / ,7.7
亲爱的日记 Caro diario,https://img1.doubanio.com/view/movie_poster_cover/lpst/public/p2262753868.jpg,南尼·莫莱蒂,1993-11-12, 法国 / 意大利,南尼·莫莱蒂 / 朱利叶斯·贝斯 / ,7.8
怀念杰奎琳•杜普蕾 Who was Jacqueline du Pré?,https://img3.doubanio.com/lpic/s4088683.jpg,Christopher Nupen,1994, 英国,Jacqueline du Pré / Daniel Barenboim / John Barbirolli / Zubin Mehta / Itzhak Perlman / William Pleeth / ,9.1
后果 Aftermath,https://img3.doubanio.com/lpic/s2700264.jpg,纳乔·塞达,1994-10-08, 西班牙,Xevi Collellmir / Jordi Tarrida / Ángel Tarris / ,6.1
梦醒血未停,https://img3.doubanio.com/view/movie_poster_cover/lpst/public/p2303532883.jpg,王振仰,, 香港,胡慧中 / 李赛凤 / 大岛由加利 / 林国斌 / 高雄 / 李浩群 / 楚爵年 / ,6.5
三女休夫,https://img1.doubanio.com/view/movie_poster_cover/lpst/public/p2228653548.jpg,罗渝中,1994-11-02, 中国大陆,潘长江 / 黄素影 / 古丽扎尔 / 耿一 / ,5.6
97风流梦 97風流夢,https://img3.doubanio.com/lpic/s2655214.jpg,陈地,1994, 香港,邢小路 / 李中宁 / 金彪  / 黄一飞 / 余慕莲 / ,5.2
夜又临 夜がまた来る,https://img1.doubanio.com/view/movie_poster_cover/lpst/public/p2154175778.jpg,石井隆,1994-10-22, 日本,夏川結衣 / 根津甚八 / 寺田農 / 椎名桔平 / ,6.1
X档案 第二季 The X-Files Season 2,https://img3.doubanio.com/view/movie_poster_cover/lpst/public/p2143389446.jpg,David Nutter,1994-09-16, 美国 / 加拿大,David Duchovny / ,9.1
贺兰雪,https://img3.doubanio.com/lpic/s2824905.jpg,陈家林,, 中国大陆,巫刚 / ,8.2
恐龙战队 第二季 Mighty Morphin' Power Rangers Season 2,https://img3.doubanio.com/view/movie_poster_cover/lpst/public/p2443746200.jpg,Shuki Levy,1994-7-21, 美国,Walter Jones / Thuy Trang / ,8.4
陈医生诊所,https://img1.doubanio.com/lpic/s24433368.jpg,杨放,1994, 中国大陆,,7.7
摇篮曲 იავნანა,https://img1.doubanio.com/lpic/s3981429.jpg,Nana Janelidze,1994, Georgia,Nato Murvanidze / Niko Tavadze / Nino Abuladze / Maya Bagrationi / Kakhi Kavsadze / 奥塔·麦格文图克哈特塞西 / Zura Qavtaradze / ,8.1
杀手柔情 殺手柔情,https://img1.doubanio.com/view/movie_poster_cover/lpst/public/p2352413148.jpg,何洛,, 香港,金彪 / 宣彤 / 吴明才 / 侯惠仪 / ,"
    "
我爱我家,https://img3.doubanio.com/view/movie_poster_cover/lpst/public/p1334120823.jpg,英达,1993-07-01(中国大陆), 中国大陆,文兴宇 / 宋丹丹 / 杨立新 / 梁天 / 关凌 / 赵明明 / ,9.0
O记重案实录 O記重案實錄,https://img3.doubanio.com/lpic/s1654211.jpg,黄志强,1994-01-07, 香港,李修贤 / 黄秋生 / 叶童 / 张耀扬 / 樊少皇 / ,6.7
艾曼纽7：爱的真谛 Emmanuelle 7: The Meaning of Love,https://img1.doubanio.com/lpic/s4483928.jpg,Brody Hooper,1994, 法国,克里丝塔·艾伦 / Paul Michael Robinson / ,5.0
青春之影 青春の影,https://img3.doubanio.com/lpic/s6980282.jpg,多田羅敬二、辻野正人,1994年7月4日, 日本,袴田吉彦 / 河相我聞 / ,"
    "
蓝色天空 Blue Sky,https://img3.doubanio.com/view/movie_poster_cover/lpst/public/p2167886410.jpg,托尼·理查德森,1994-09-09, 美国,杰西卡·兰格 / 汤米·李·琼斯 / 鲍沃斯·布斯 / 卡丽·斯诺格丽丝 / 艾咪·洛肯 / 克里斯·奥唐纳 / 米奇·瑞恩 / 代尔·戴 / Timothy Scott / 安妮·罗斯 / ,6.8
重案实录纸醉金迷 重案實錄紙醉金迷,https://img1.doubanio.com/view/movie_poster_cover/lpst/public/p2365076007.jpg,鞠觉亮,, 香港,李修贤 / 黄柏文 / ,"
    "
醉拳3 醉拳Ⅲ,https://img1.doubanio.com/view/movie_poster_cover/lpst/public/p2021766568.jpg,刘家良,1994-07-02(香港), 香港 / 中国大陆,刘德华 / 李嘉欣 / 郑少秋 / 季天笙 / 任达华 / 何家驹 / ,6.3
东芝动物乐园,https://img3.doubanio.com/view/movie_poster_cover/lpst/public/p2277336720.jpg,,1994-10, 中国大陆,王刚 / 袁鸣 / 侯耀华 Yaohua Hou / 孙萌 / ,8.5
新碧血剑 新碧血劒,https://img3.doubanio.com/view/movie_poster_cover/lpst/public/p2181604603.jpg,张海靖,1994-06-25, 香港,张敏 / 吴孟达 / 元彪 / 李修贤 / 袁咏仪 / 李美凤 / ,6.7
林璎：强烈而清晰的洞察力 Maya Lin: A Strong Clear Vision,https://img3.doubanio.com/view/movie_poster_cover/lpst/public/p2200568892.jpg,Freida Lee Mock,1995-11-10, 美国,,8.9
当男人爱上女人 When a Man Loves a Woman,https://img3.doubanio.com/view/movie_poster_cover/lpst/public/p541145992.jpg,路易斯·曼杜齐,1994-05-13(美国), 美国,安迪·加西亚 / 梅格·瑞恩 / 艾伦·伯斯汀 / 蒂娜·米乔里诺 / 梅·惠特曼 / 劳伦·汤姆 / 菲利普·塞默·霍夫曼 / Eugene Roche / ,7.7
东京巴比伦 Tokyo Babylon,https://img1.doubanio.com/lpic/s1515909.jpg,千明孝一,1992-10-21(日本), 日本,山口胜平 / 伊藤美纪 / 子安武人 / Jenny Baker / ,8.1
小奥德萨 Little Odessa,https://img3.doubanio.com/view/movie_poster_cover/lpst/public/p2346865150.jpg,詹姆士·格雷,1995-05-19, 美国,蒂姆·罗斯 / 爱德华·福隆 / 莫伊拉·凯利 / ,7.4
天兵总动员 Renaissance Man,https://img3.doubanio.com/view/movie_poster_cover/lpst/public/p505597962.jpg,潘妮·马歇尔,1994-06-03, 美国,Danny DeVito / Danny DeVito / James Remar / Ed Begley Jr. / ,7.3
沒有他的八月天 彼のいない八月が,https://img3.doubanio.com/lpic/s1812793.jpg,是枝裕和,2006-10-05, 日本,,7.8
非常侦探,https://img1.doubanio.com/view/movie_poster_cover/lpst/public/p2233763277.jpg,方令正,1994-08-26, 香港,张学友 / 范晓萱 / ,7.0
狂野之河 The River Wild,https://img1.doubanio.com/view/movie_poster_cover/lpst/public/p2254177927.jpg,柯蒂斯·汉森,1994-09-30(美国), 美国,梅丽尔·斯特里普 / 凯文·贝肯 / 大卫·斯特雷泽恩 / 约翰·C·赖利 / 约瑟夫·梅泽罗 / ,7.5
"语词，语词，语词 Reci, reci, reci...",https://img3.doubanio.com/lpic/s3927116.jpg,米谢拉·帕夫拉托娃,1991-08(加拿大蒙特利尔电影节), 捷克斯洛伐克,,8.7
飞来横福,https://img3.doubanio.com/lpic/s3263736.jpg,陈佩斯,1994, 中国大陆,陈佩斯 / 陈强 / 丁嘉丽 / ,7.8
山鸡变凤凰,https://img3.doubanio.com/view/movie_poster_cover/lpst/public/p2231189885.jpg,邱礼涛 (Herman Yau),1994, 香港,刘青云 / ,6.2
网中鱼 おさかなはあみの中,https://img1.doubanio.com/lpic/s2848899.jpg,岡尾貴洋,1994-07-21, 日本,子安武人 / 中村大樹 / 古澤徹 / 飛田展男 / ,5.9
龙珠Z剧场版10：两人面临危机! 超战士难以成眠 ドラゴンボール Z 劇場版：危険なふたり！超戦士はねむれない,https://img1.doubanio.com/lpic/s24438978.jpg,山内重保,1994-03-12, 日本,,7.1
疯狂的乔治王 The Madness of King George,https://img3.doubanio.com/lpic/s1802260.jpg,尼古拉斯·希特纳,1994-12-28, 英国,奈杰尔·霍桑 / 海伦·米伦 / 伊安·霍姆 / 鲁珀特·格雷夫斯 / ,7.7
恋爱的天空 戀愛的天空,https://img1.doubanio.com/view/movie_poster_cover/lpst/public/p2352138508.jpg,王晶,1994-06-30(香港), 香港,邱淑贞 / 吴君如 / 吴家丽 / 钟丽缇 / 张耀扬 / 陈百祥 / 王敏德  / 周文健 / 梁荣忠 / 陈国邦 / 林保怡 / 关咏荷 / 罗兰 / 苑琼丹 / 李兆基 / 蓝靖 / 施绮莲 / 黎海珊 / 陈凯恒 / 王德斌 / ,7.0
壹号皇庭3 壹号皇庭Ⅲ,https://img3.doubanio.com/lpic/s3209031.jpg,邓特希,1994-10-10, 香港,欧阳震华 / 陈秀雯 / 陶大宇 / 林保怡 / ,8.3
机器部队 T-Force,https://img1.doubanio.com/lpic/s6807937.jpg,理查德 佩金 (Richard Pepin),1994-12-08, 美国,杰克·斯卡利亚 / 伊万·劳瑞 / ,"
    "
鲨鱼侠 Street Sharks,https://img3.doubanio.com/lpic/s3679660.jpg,Joe Galliani,1986、1987、1990, U.S.A,Lee Tockar / Matt Hill / ,8.0
野草蔓生 River of Grass,https://img3.doubanio.com/view/movie_poster_cover/lpst/public/p2262586744.jpg,凯莉·雷查德,1994-10-13(美国), 美国,Larry Fessenden / Dick Russell / Michael Buscemi / ,"
    "
摇滚总动员 Airheads,https://img3.doubanio.com/view/movie_poster_cover/lpst/public/p2161703813.jpg,麦克·勒曼,1994-08-05, 美国,史蒂夫·布西密 / 亚当·桑德勒 / ,6.7
神勇杀手 Plook mun kuen ma kah 4,https://img3.doubanio.com/lpic/s1921726.jpg,Panna Rittikrai,2006-09-19, 泰国,托尼·贾 / ,"
    "
同志性经 Better Gay Sex: Erotic Choices,https://img1.doubanio.com/lpic/s4603689.jpg,Steve Bulfield,1998, 英国,Michael Hofland / David Demeter / Richard Hochuli / Brian McElroy / Paul Bales / Yanni Van Staden / Mark McGuyre / ,6.6
吸血惊情成人版 Dracula,https://img3.doubanio.com/view/movie_poster_cover/lpst/public/p1600793996.jpg,Mario Salieri,1994, 意大利,Selen / Joy Karins / ,6.6
飞越非洲 Flight Over Africa,https://img3.doubanio.com/view/movie_poster_cover/lpst/public/p2270720385.jpg,,, 美国,,"
    "
昆仑奴 崑崙奴,https://img3.doubanio.com/view/movie_poster_cover/lpst/public/p2373025511.jpg,马玉辉,1994, 新加坡,周初明 / 郭舒贤 / 托塔琳垭 / ,7.3
绝地战将 On Deadly Ground,https://img1.doubanio.com/view/movie_poster_cover/lpst/public/p2193671668.jpg,史蒂文·席格,1994-02-18(美国), 美国,史蒂文·席格 / 迈克尔·凯恩 / 陈冲 / 约翰·C·麦金雷 / 李·厄米 / 莎莉·夏塔克 / 比利·鲍伯·松顿 / Richard Hamilton / Chief Irvin Brink / Apanguluk Charlie Kairaiuak / Elsie Pistolhead / John Trudell / 迈克·斯塔尔 / 史文-欧尔·托尔森 / ,6.1
哈哈镜花缘,https://img3.doubanio.com/lpic/s3272861.jpg,蔡志军,1994, 中国大陆,张伟 / ,9.0
魔诫坟场 Dellamorte Dellamore,https://img3.doubanio.com/view/movie_poster_cover/lpst/public/p547995452.jpg,米歇尔·索伊,1994-03-25, 法国 / 意大利 / 德国,鲁伯特·艾弗雷特 / 安娜·法尔奇 / ,7.6
龙珠Z剧场版11：击倒超战士!! 胜利是属于我的 ドラゴンボール Z 劇場版  超戦士撃破!! 勝つのはオレだ,https://img1.doubanio.com/lpic/s24438979.jpg,上田芳裕,1994-07-09, 日本,,6.8
性、爱情、女人香 Mirror Images II,https://img3.doubanio.com/lpic/s4394661.jpg,Gregory Dark (I),1994-02-09, 美国,Shannon Whirry / ,5.3
Khakestar-e sabz,https://img3.doubanio.com/f/movie/30c6263b6db26d055cbbe73fe653e29014142ea3/pics/movie/movie_default_large.png,Ebrahim Hatamikia,, 伊朗,Atila Pesiani / Zlata Plsková / ,"
    "
激情姐妹花 Sister My Sister,https://img3.doubanio.com/lpic/s3639844.jpg,Nancy Meckler (I),1994-12-15, 英国,Joely Richardson / Julie Walters / Jodhi May / ,6.4
大智若愚 Nobody's Fool,https://img3.doubanio.com/view/movie_poster_cover/lpst/public/p2191783671.jpg,罗伯特·本顿,1995-01-13, 美国,保罗·纽曼 / 杰西卡·坦迪 / ,8.0
都市情缘,https://img3.doubanio.com/view/movie_poster_cover/lpst/public/p2352136430.jpg,刘镇伟,1994-06-09, 香港,黎明 / 吴孟达 / ,8.0
湮没的青春,https://img3.doubanio.com/view/movie_poster_cover/lpst/public/p2375648653.jpg,胡雪杨,, 中国大陆,萨仁高娃 / 胡雪杨 / ,5.9
绝命偷情梦 Illicit Dreams,https://img3.doubanio.com/view/movie_poster_cover/lpst/public/p2453202185.jpg,安德鲁 史蒂文斯 (Andrew Stevens),1995-04-04, 美国,Andrew Stevens / Shannon Tweed / ,5.0
火爆教头 Blue Chips,https://img3.doubanio.com/view/movie_poster_cover/lpst/public/p2098695494.jpg,威廉·弗莱德金,1994-02-18, 美国,尼克·诺特 / 玛丽·麦克唐纳 / J·T·沃尔什 / 艾德·奥尼尔 / 阿尔法·伍达德 / 沙奎尔·奥尼尔 / ,7.1
0016643225059,https://img3.doubanio.com/lpic/s7016290.jpg,阿彼察邦 韦拉斯花古 (Apichatpong Weerasethakul),, 泰国,,"
    "
通天大盗 The Ref,https://img3.doubanio.com/lpic/s4683552.jpg,泰德·戴米,1994-03-09, 美国,丹尼斯·利瑞 / 朱迪·戴维斯 / ,7.2
鹤啸九天,https://img3.doubanio.com/view/movie_poster_cover/lpst/public/p1932084892.jpg,高建国,, 新加坡,陈天文 / 叶素梅 / ,7.7
胡雪岩,https://img1.doubanio.com/lpic/s3226677.jpg,今滔,1996, 中国大陆,陈道明 / 茹萍 / 傅艺伟 / ,7.9
分居 La séparation,https://img3.doubanio.com/lpic/s3860951.jpg,Christian Vincent (I),1994-11-09, 法国,伊莎贝尔·于佩尔 / ,7.3
三国志：辽阔的大地 三国志 完結編・遥かなる大地,https://img1.doubanio.com/lpic/s4266028.jpg,胜间田具治,1994-04-09, 日本,渡瀬恒彦 / あおい輝彦 / ,8.9
花城雏妓 Face d'ange,https://img3.doubanio.com/view/movie_poster_cover/lpst/public/p2179991786.jpg,Pierre Reinhard,, 香港,孙志伟 / Cecile Fleury / 赵左 / 戴安娜·不西 / ,"
    "
我爱麻烦 I Love Trouble,https://img1.doubanio.com/view/movie_poster_cover/lpst/public/p2209482177.jpg,Charles Shyer,1994-06-29, 美国,Nick Nolte / ,6.6
时空特警 Timecop,https://img3.doubanio.com/lpic/s1409894.jpg,彼得·海姆斯,1994-09-16, 加拿大 / 美国 / 日本,,6.1
美丽人生 La vita è bella,https://img3.doubanio.com/view/movie_poster_cover/lpst/public/p510861873.jpg,罗伯托·贝尼尼,1997-12-20(意大利), 意大利,罗伯托·贝尼尼 / 尼可莱塔·布拉斯基 / 乔治·坎塔里尼 / 朱斯蒂诺·杜拉诺 / 塞尔吉奥·比尼·布斯特里克 / 玛丽莎·佩雷德斯 / 豪斯特·巴奇霍兹 / 朱利亚娜·洛约迪切 / 亚美利哥·丰塔尼 / 彼得·德·席尔瓦 / 弗朗西斯·古佐 / 拉法埃拉·莱博罗尼 / 克劳迪奥·阿方斯 / 吉尔·巴罗尼 / ,9.5
达摩祖师 達摩祖師,https://img3.doubanio.com/lpic/s3058400.jpg,袁振洋 (Brandy Yuen),1994, 香港,尔冬升 / ,7.9
倾城佳话 It Could Happen to You,https://img3.doubanio.com/view/movie_poster_cover/lpst/public/p2227936335.jpg,安德鲁·伯格曼,1994-07-29, 美国,尼古拉斯·凯奇 / 布里吉特·芳达 / 罗西·培瑞兹 / 斯坦利·图齐 / ,7.4
委托人 The Client,https://img3.doubanio.com/view/movie_poster_cover/lpst/public/p971807985.jpg,乔·舒马赫,1994-07-20, 美国,布拉德·兰弗洛 / 苏珊·萨兰登 / 汤米·李·琼斯 / 玛丽·露易斯·帕克 / 安东尼·拉帕格利亚 / 威廉姆·H·梅西 / J·T·沃尔什 / 安东尼·爱德华兹 / ,7.6
巴塞罗那 Barcelona,https://img3.doubanio.com/view/movie_poster_cover/lpst/public/p2319828630.jpg,惠特·斯蒂尔曼,1994-07-29, 美国,泰勒·尼科斯 / ,7.0
候鸟 Wrony,https://img3.doubanio.com/view/movie_poster_cover/lpst/public/p1559539970.jpg,多罗塔·肯杰尔扎沃斯卡,1994-09-12, 波兰,Karolina Ostrozna / ,8.6
蛇蝎情人 Dream Lover,https://img3.doubanio.com/view/movie_poster_cover/lpst/public/p2200343792.jpg,尼古拉斯·卡赞,"1993-10(MIFED),1994-05-06(美国)", 美国,詹姆斯·斯派德 / ,7.0
黑暗的心 Heart of Darkness,https://img3.doubanio.com/view/movie_poster_cover/lpst/public/p2184467125.jpg,尼古拉斯·罗伊格,1994-03-13, 美国,蒂姆·罗斯 / 约翰·马尔科维奇 / ,"
    "
野芦苇 Les roseaux sauvages,https://img1.doubanio.com/view/movie_poster_cover/lpst/public/p2328271359.jpg,安德列·泰西内,1994-06-01, 法国,艾洛迪·布歇 / 盖尔·莫雷尔 / ,7.7
鬼迷心窍 鬼迷心竅,https://img3.doubanio.com/view/movie_poster_cover/lpst/public/p2373891776.jpg,查传谊 (Chuen-Yee Cha),1994-9-24, 香港 / 中国大陆,黄秋生 / 李若彤 / ,5.5
爱得没话说 Speechless,https://img1.doubanio.com/view/movie_poster_cover/lpst/public/p2282711348.jpg,罗恩·安德伍德,1994-12-16, 美国,Michael Keaton / Geena Davis / ,6.3
索命女鬼 喂，揾边位?,https://img1.doubanio.com/view/movie_poster_cover/lpst/public/p2231186099.jpg,陆剑明,1994-04-28, 香港,刘青云 / 李婉华 / 罗兰 / 尔冬升 / ,6.0
赤裸狂花,https://img1.doubanio.com/view/movie_poster_cover/lpst/public/p2299459768.jpg,杨晶 ,, 香港,汪永芳 / 汤镇业 / 成奎安 / 刘可雯 / 方诗婷 / 王希华 / 李玉芬 / 邱晓嫈 / 曲弘 / 王权 / 潘劲吾 / 巴士先 / 林春美 / 郑雅心 / 杨晓维 / 李少刚 / 林玉紫 / ,4.2
东京新爱人 愛の新世界,https://img3.doubanio.com/view/movie_poster_cover/lpst/public/p1683310942.jpg,高桥伴明,1994-12-17(日本), 日本,铃木砂羽 / 片冈礼子 / ,7.8
激情惊爆点 Save Me,https://img3.doubanio.com/view/movie_poster_cover/lpst/public/p2217831370.jpg,Alan Roberts (I),1994, 美国,,"
    "
狂龙逞英豪,https://img3.doubanio.com/view/movie_poster_cover/lpst/public/p2237214271.jpg,逆风,1995-5, 中国大陆,孙晨曦 / 李力 / ,6.2
难忘的夏天 O vara de neuitat,https://img3.doubanio.com/lpic/s4442353.jpg,卢西恩·平蒂列,1994-06-15, 法国 / 罗马尼亚,克里斯汀·斯科特·托马斯 / Claudiu Bleont / 奥尔加·图多拉凯 / ,7.5
"“脉动”伦敦现场演唱会 P.U.L.S.E. Live at Earls Court 20.10.94, London",https://img3.doubanio.com/lpic/s3398986.jpg,David Mallet,, UK,,9.6
美少女战士S 美少女戦士セーラームーンS,https://img1.doubanio.com/view/movie_poster_cover/lpst/public/p2122734938.jpg,佐藤顺一,1994-03-19(日本), 日本,三石琴乃 / 久川绫 / 古谷彻 / 富泽美智惠 / 篠原惠美 / 深见梨加 / 绪方惠美 / 胜生真沙子 / 潘惠子 / 荒木香惠 / 川岛千代子 / 皆口裕子 / ,8.3
天师钟馗 天師鍾馗,https://img1.doubanio.com/view/movie_poster_cover/lpst/public/p1233636459.jpg,区玉盛,, 台湾 / 新加坡,金超群 / 范鸿轩 / 杨丽菁 / 林心如 / 孙兴 / 王思懿 / 贾静雯 / 岳翎 / 邱心志 / 翁虹 / ,7.5
孽债,https://img3.doubanio.com/view/movie_poster_cover/lpst/public/p2266672746.jpg,黄蜀芹,, 中国大陆,赵有亮 / 严晓频 / 吴冕 / 金鑫 / 李彦播 / 吴竞 / 林燕玉 / 罗振华 / 屠如英 / ,8.2
黄埔倾情,https://img3.doubanio.com/view/movie_poster_cover/lpst/public/p2432970040.jpg,李国立,1994-04-20, 香港,张智霖 / 郭可盈 / ,8.3
灌篮高手 剧场版1 スラムダンク,https://img3.doubanio.com/view/movie_poster_cover/lpst/public/p2171385213.jpg,,1994-03-12(日本), 日本,草尾毅 / ,8.0
灌篮高手 剧场版2 スラムダンク 全国制覇だ! 桜木花道,https://img3.doubanio.com/view/movie_poster_cover/lpst/public/p2221505014.jpg,,1994-07-09(日本), 日本,草尾毅 / ,8.4
上官婉儿,https://img3.doubanio.com/lpic/s3024330.jpg,龚艺群,1998, 中国大陆,阮丹宁 / 黄海冰 / ,7.3
曙光 トワイライツ,https://img3.doubanio.com/lpic/s4450253.jpg,天野天街,1994-03-27, 日本,,8.0
飞天蜈蚣,https://img3.doubanio.com/view/movie_poster_cover/lpst/public/p2377473634.jpg,陈清国,1994, 中国大陆,瞿颖 / ,4.9
"艾曼纽·银河女王 Emmanuelle, Queen of the Galaxy",https://img1.doubanio.com/lpic/s22705908.jpg,Lev L. Spiro,1994, 美国,克里丝塔·艾伦 / 保罗·迈克尔·罗宾逊 / ,"
    "
重案实录之水箱藏尸 重案實錄之水箱藏屍,https://img3.doubanio.com/lpic/s3782866.jpg,黄柏文,1994年, 香港,黄柏文 / 李修贤 / 樊少皇 / ,5.7
浪子保镖 North,https://img3.doubanio.com/view/movie_poster_cover/lpst/public/p2328766806.jpg,罗伯·莱纳,1995-03-23, 美国,伊利亚·伍德 / 杰森·亚历山大 / 茱莉亚·路易斯-德瑞弗斯 / 布鲁斯·威利斯 / 斯嘉丽·约翰逊 / 艾伦·阿金 / ,6.5
阿拉丁 第一季 Aladdin Season 1,https://img3.doubanio.com/view/movie_poster_cover/lpst/public/p2174404506.jpg,Alan Zaslove,1994-09-04, 美国,丹·卡斯泰兰尼塔 / 斯科特·维内尔 / 吉尔伯特·戈特弗雷德 / ,8.1
与鲨同游 Swimming with Sharks,https://img1.doubanio.com/view/movie_poster_cover/lpst/public/p2205004437.jpg,乔治·黄,1994-09-10, 美国,凯文·史派西 / 弗兰克·威利 / ,7.9
"两杆大烟枪 Lock, Stock and Two Smoking Barrels",https://img1.doubanio.com/view/movie_poster_cover/lpst/public/p792443418.jpg,盖·里奇,1998-08-28(英国), 英国,杰森·弗莱明 / 德克斯特·弗莱彻 / 尼克·莫兰 / 杰森·斯坦森 / 斯蒂文·麦金托什 / 斯汀 / ,9.0
家有娇娃 I'll Do Anything,https://img1.doubanio.com/lpic/s2555938.jpg,詹姆斯·L·布鲁克斯,1994-02-04, 美国,尼克·诺特 / 艾伯特·布鲁克斯 / ,"
    "
和尚与飞鱼 Le moine et le poisson,https://img3.doubanio.com/lpic/s1654563.jpg,迈克尔·度德威特,1994, 法国,,8.0
星际旅行7：斗转星移 Star Trek: Generations,https://img3.doubanio.com/view/movie_poster_cover/lpst/public/p2209408643.jpg,David Carson,1994-11-18, 美国,帕特里克·斯图尔特 / 乔纳森·弗雷克斯 / 布伦特·斯皮内 / 莱瓦尔·伯顿 / 盖茨·麦克法登 / ,7.0
新同居时代,https://img3.doubanio.com/view/movie_poster_cover/lpst/public/p2180317000.jpg,杨凡,1994-01-06, 香港,林海峰 / 吴倩莲 / 张艾嘉 / 吴奇隆 / 张曼玉 / 葛民辉 / 赵文瑄 / ,7.0
最后的诱惑 The Last Seduction,https://img1.doubanio.com/view/movie_poster_cover/lpst/public/p2224589477.jpg,约翰·达尔,1994-05-26, 英国 / 美国,Linda Fiorentino / Bill Pullman / ,7.1
看夜更 Nattevagten,https://img3.doubanio.com/lpic/s4370106.jpg,奥勒·博内代尔,1994-02-25, 丹麦,尼古拉·科斯特-瓦尔道 / 苏菲·格拉宝 / ,6.8
永失我爱,https://img3.doubanio.com/view/movie_poster_cover/lpst/public/p2230370394.jpg,冯小刚,1994, 中国,徐帆 / 郭涛 / ,7.1
矮精灵历险记 A Troll in Central Park,https://img1.doubanio.com/lpic/s4242508.jpg,唐·布鲁斯,1994-10-07, 爱尔兰 / 美国,,"
    "
宝贝小情人2 My Girl 2,https://img1.doubanio.com/view/movie_poster_cover/lpst/public/p1194948299.jpg,Howard Zieff,1994-02-11, 美国,丹·艾克罗伊德 / 杰米·李·柯蒂斯 / 安娜·克鲁姆斯基 / Austin O'Brien / Richard Masur / 克斯汀·埃伯索尔 / J.D. Souther / ,7.5
34街的奇迹 Miracle on 34th Street,https://img3.doubanio.com/view/movie_poster_cover/lpst/public/p1083698076.jpg,莱斯·梅菲尔德,1994-12-23, 美国,理查德·阿滕伯勒 / 迪伦·麦克德莫特 / ,7.8
红粉金刚 詠春,https://img1.doubanio.com/view/movie_poster_cover/lpst/public/p2352118909.jpg,袁和平,1994-03-24, 香港,杨紫琼 / 甄子丹 / 李子雄 / 洪欣 / 徐少强 / ,6.8
从头再来 Clean Slate,https://img3.doubanio.com/lpic/s2809850.jpg,Mick Jackson,1994-05-06, 美国,达纳·卡维 / 瓦莱莉·高利诺 / 詹姆斯·厄尔·琼斯 / ,"
    "
杀心慈母 Serial Mom,https://img1.doubanio.com/view/movie_poster_cover/lpst/public/p2366749197.jpg,约翰·沃特斯,1994-04-13, 美国,凯瑟琳·特纳 / 萨姆·沃特森 / ,7.5
克拉姆一家3 Krummerne 3 - fars gode idé,https://img3.doubanio.com/lpic/s1646164.jpg,Sven Methling,1994-12-25(丹麦), 丹麦,Dick Kaysø / Karen-Lise Mynster / ,9.0
猛鬼屠房,https://img3.doubanio.com/view/movie_poster_cover/lpst/public/p2232860990.jpg,黎继强,1995-03-31(香港), 香港,洪欣 / 陈锦鸿 / 张兰英 / 左戎 / 韦家雄 / ,5.7
味浓情更浓 Tafelspitz,https://img3.doubanio.com/view/movie_poster_cover/lpst/public/p2332355504.jpg,Xaver Schwarzenberger,1994-04-28, 奥地利 / 德国,Annika Pages / 扬·尼克拉斯 / Christiane Hörbiger / 奥托·申克 / ,8.4
小红帽恰恰 赤ずきんチャチャ,https://img1.doubanio.com/lpic/s1811267.jpg,辻初树,1994-01-07, 日本,铃木真仁 / 香取慎吾 / 日高法子 / 泉类亨 / 大坪纯子 / 富永美伊奈 / 樱井智 / 赤土真弓 / ,8.8
飞虎雄师之极道战士,https://img3.doubanio.com/lpic/s1659441.jpg,李擎柱 King Chu Lee,, 香港,陈国邦 Kwok-Pong Chan / ,"
    "
书剑恩仇录 新书剑恩仇录,https://img3.doubanio.com/view/movie_poster_cover/lpst/public/p1938870634.jpg,李兆华,, 中国大陆,黄海冰 / 曹颖 / 王卫国 / 王志文 / 王菁华 / 杨紫嫣 / 杨凡 / 马丽 / ,7.3
旅行 Jízda,https://img3.doubanio.com/lpic/s3187450.jpg,Jan Sverák,1998-07-09, 捷克,Anna Geislerová / Radek Pastrnak / ,7.9
天堂报告 Rapport till himlen,https://img1.doubanio.com/lpic/s6388457.jpg,Ulf Malmros,1994-09-20(瑞典), 瑞典,约翰·威德伯格 / Lina Englund / ,"
    "
云之南 China: Beyond the Clouds,https://img1.doubanio.com/view/movie_poster_cover/lpst/public/p2184438198.jpg,菲尔·爱格兰德,1994, 英国,,9.2
接管疯人院 第一季 Takin' Over the Asylum Season 1,https://img1.doubanio.com/lpic/s4152368.jpg,David Blair,1994-09-27, 英国,Ken Stott / David Tennant / Ruth McCabe / Katy Murphy / ,9.0
冠军理发师 Chacun pour toi,https://img1.doubanio.com/lpic/s6341569.jpg,Jean-Michel Ribes,1994, 法国 / 奥地利,让·雅南 / ,9.1
脑的探索系列 Discovery Channel:The Brain Our Universe,https://img1.doubanio.com/lpic/s23139059.jpg,,, 美国,,"
    "
正南方 第一季 Due South Season 1,https://img1.doubanio.com/lpic/s3051519.jpg,Paul Haggis,1994-09-22, 加拿大 / 美国,Paul Gross / David Marciano / ,9.2
比利·林恩的中场战事 Billy Lynn's Long Halftime Walk,https://img3.doubanio.com/view/movie_poster_cover/lpst/public/p2391542403.jpg,李安,"2016-11-11(美国/中国大陆),2016-10-15(纽约电影节)", 美国 / 英国 / 中国大陆,乔·阿尔文 / 加内特·赫德兰 / 克里斯汀·斯图尔特 / 范·迪塞尔 / 李淳 / 麦肯兹·利 / 史蒂夫·马丁 / 克里斯·塔克 / 本·普拉特 / 阿图罗·卡斯特罗 / 亚斯特罗 / 博·纳普 / 伊斯梅尔·克鲁兹·科尔多瓦 / 巴尼·哈里斯 / ,8.5
1994年中央电视台春节联欢晚会,https://img1.doubanio.com/view/movie_poster_cover/lpst/public/p2263272627.jpg,郎昆,1994-02-09, 中国大陆,倪萍 / ,6.4
飄 風と共に去りぬ,https://img3.doubanio.com/view/movie_poster_cover/lpst/public/p2256610543.jpg,,, 日本,天海祐希 / 麻乃佳世 / ,9.4
穆丽尔的婚礼 Muriel's Wedding,https://img1.doubanio.com/view/movie_poster_cover/lpst/public/p801764447.jpg,P·J·霍根,1994-09-15, 澳大利亚 / 法国,托妮·科莱特 / 瑞切尔·格里菲斯 / ,7.3
终极速度 Terminal Velocity,https://img3.doubanio.com/view/movie_poster_cover/lpst/public/p1552200111.jpg,德兰·萨拉菲安,1994-09-09, 美国 / 加拿大,Nastassja Kinski / ,6.9
炮弹专家 The Specialist,https://img3.doubanio.com/view/movie_poster_cover/lpst/public/p1253071483.jpg,Luis Llosa,1994-10-07, 美国 / 秘鲁,西尔维斯特·史泰龙 / 莎朗·斯通 / 詹姆斯·伍兹 / ,6.5
牛仔撞红军超级演唱会 Leningrad Cowboys Total Balalaika Show,https://img3.doubanio.com/lpic/s6776811.jpg,阿基·考里斯马基,1994-03-19, 芬兰,Twist-Twist Erkinharju / Ben Granfelt / ,8.5
异域之末路英雄 異域之末路英雄,https://img1.doubanio.com/view/movie_poster_cover/lpst/public/p1580430377.jpg,朱延平,1994, 台湾,梁朝伟 / 庹宗华 / 吴孟达 / 关之琳 / 叶全真 / 林志颖 / ,7.2
魔鬼发卡,https://img3.doubanio.com/view/movie_poster_cover/lpst/public/p2264070725.jpg,霍庄,, 中国大陆,霍泥芳 / 石晨 / 李龙飞 / 陈珂 / 刘力 / ,6.6
万尼亚在42街口 Vanya on 42nd Street,https://img3.doubanio.com/view/movie_poster_cover/lpst/public/p2210786633.jpg,路易·马勒,1994-10-19, 美国,朱丽安·摩尔 / 林恩·科恩 / 乔治·盖恩斯 / Jerry Mayer / Phoebe Brand / 拉里·派恩 / 布鲁克·史密斯 / 华莱士·肖恩 / 安德烈·格雷戈里 / ,7.8
灌篮高手 TV版特典 スラムダンク 決意の湘北バスケ部,https://img3.doubanio.com/lpic/s4592674.jpg,坂本信人,1994-04-09(日本), 日本,草尾毅 / ,8.6
三个相爱的少年,https://img1.doubanio.com/view/movie_poster_cover/lpst/public/p2045627649.jpg,赵崇基,1994, 香港,刘青云 / 黄子华 / 葛民辉 / ,7.3
机智问答 Quiz Show,https://img3.doubanio.com/view/movie_poster_cover/lpst/public/p1883551035.jpg,罗伯特·雷德福,1994-09-14, 美国,拉尔夫·费因斯 / 大卫·佩默 / 保罗·斯科菲尔德 / 汉克·阿扎利亚 / 米拉·索维诺 / 约翰·特托罗 / 马丁·斯科塞斯 / ,7.9
天生爱情狂 Don Juan DeMarco,https://img1.doubanio.com/view/movie_poster_cover/lpst/public/p861599299.jpg,杰里米·莱文,"1994-10(ShowEast),1995-04-07(美国)", 美国,约翰尼·德普 / 马龙·白兰度 / 费·唐纳薇 / 杰拉尔丁娜·帕伊亚 / ,8.1
太白山脉 태백산맥,https://img3.doubanio.com/view/movie_poster_cover/lpst/public/p1070780094.jpg,林权泽,1994-09-17(韩国), 韩国,安圣基 / 方银振 / Dong-joon Choi / 郑善京 / 金甲洙 / ,8.5
绝境逢生,https://img3.doubanio.com/lpic/s2162181.jpg,张建亚,1994, 中国大陆,潘长江 / 魏宗万 / 叶芳 / ,7.2
浅坟 Shallow Grave,https://img3.doubanio.com/view/movie_poster_cover/lpst/public/p2201467030.jpg,丹尼·博伊尔,1995-01-06(英国), 英国,凯瑞·福克斯 / 克里斯托弗·埃克莱斯顿 / 伊万·麦克格雷格 / 肯·斯托特 / 基思·艾伦 / 加里·刘易斯 / 彼得·穆兰 / Colin McCredie / ,7.7
东方小故事,https://img1.doubanio.com/view/movie_poster_cover/lpst/public/p1936676948.jpg,张韵华,1994, 中国大陆,袁岳 / 徐峥 / 余彬 / 黄达亮 / 曹秋根 / ,8.2
凤凰琴,https://img1.doubanio.com/view/movie_poster_cover/lpst/public/p549434799.jpg,何群,1993-10(上海电影节), 中国,李保田 / 剧雪 / 王学圻 / 修宗迪 / ,7.7
新男欢女爱,https://img3.doubanio.com/view/movie_poster_cover/lpst/public/p2227964812.jpg,林德禄 ,, 香港,邱淑贞 / 李婉华 / 钟淑慧 / 郑浩南 / 郑丹瑞 / ,6.8
Emilie Muller,https://img3.doubanio.com/lpic/s9087505.jpg,Yvon Marciano,1994, 法国,,8.6
急诊室的故事 第一季 ER Season 1,https://img1.doubanio.com/view/movie_poster_cover/lpst/public/p2218345447.jpg,Rod Holcomb,1994-09-19(美国), 美国,安东尼·爱德华兹 / 乔治·克鲁尼 / ,9.3
狂情生化人 The Companion,https://img1.doubanio.com/lpic/s6978648.jpg,加里·弗莱德,1994-10-13, 美国,凯思琳·哈罗德 / 布鲁斯·格林伍德 / 塔利亚·巴尔萨姆 / 布里翁·詹姆斯 / 乔莉·费舍尔 / 布莱恩·科兰斯顿 / 詹姆斯·凯伦 / 阿尔·伯恩 / ,7.9
杨贵妃外传,https://img3.doubanio.com/view/movie_poster_cover/lpst/public/p2262083365.jpg,鲍芝芳,1994, 中国大陆,周洁 / 周志宇 / ,"
    "
紧急盯梢令 Holy Matrimony,https://img3.doubanio.com/view/movie_poster_cover/lpst/public/p2207236324.jpg,伦纳德·尼莫伊,1994-04-08(美国), 美国,约瑟夫·高登-莱维特 / 帕特丽夏·阿奎特 / ,8.2
西楚霸王,https://img1.doubanio.com/view/movie_poster_cover/lpst/public/p2208231489.jpg,冼杞然,1994-06-09, 香港 / 中国大陆,吕良伟 / 张丰毅 / 巩俐 / 关之琳 / 刘洵 / 吴兴国 / 徐锦江 / 陈松勇 / 关海山 / 杜少津 / 顾宝明 / 张世 / 叶全真 / 金士杰 / ,7.0
沉寂的往事 Тихие страницы,https://img1.doubanio.com/view/movie_poster_cover/lpst/public/p2037590949.jpg,亚历山大·索科洛夫,1994-10-08, 俄罗斯 / 德国,亚历山大·索科洛夫 / Sergei Barkovsky / ,7.9
好莱坞奇才昆汀·塔伦蒂诺 Quentin Tarantino: Hollywood's Boy Wonder,https://img3.doubanio.com/view/movie_poster_cover/lpst/public/p2243417835.jpg,David Thompson,1994-10-25(英国), 美国,昆汀·塔伦蒂诺 / 蒙特·赫尔曼 / 特瑞·吉列姆 / Todd McCarthy / 塞缪尔·杰克逊 / 阿利森·安德斯 / 史蒂夫·布西密 / 哈威·凯特尔 / 理查德·N·格莱德斯坦 / 布莱恩·德·帕尔玛 / ,8.8
列宁格勒牛仔搭摩西 Leningrad Cowboys Meet Moses,https://img1.doubanio.com/lpic/s6776809.jpg,阿基·考里斯马基,1994-02-24(德国), 芬兰 / 德国 / 法国,Twist-Twist Erkinharju / Ben Granfelt / ,7.3
乌鸦 The Crow,https://img1.doubanio.com/view/movie_poster_cover/lpst/public/p1328970308.jpg,亚历克斯·普罗亚斯,1994-05-11, 美国,李国豪 / 罗谢尔·戴维斯 / 埃涅·赫德森 / 迈克尔·维克特 / 白灵 / ,7.3
桃色机密 Disclosure,https://img3.doubanio.com/view/movie_poster_cover/lpst/public/p812988144.jpg,巴瑞·莱文森,1994-12-09, 美国,黛米·摩尔 / 迈克尔·道格拉斯 / 唐纳德·萨瑟兰 / ,6.9
倚天屠龙记 倚天屠龍記,https://img3.doubanio.com/view/movie_poster_cover/lpst/public/p1577206143.jpg,赖水清,1994-03-10(台湾), 台湾,马景涛 / 叶童 / 周海媚 / 孙兴 / 萧大陆 / 潘仪君 / ,7.8
家丑,https://img1.doubanio.com/lpic/s1880168.jpg,刘苗苗,, 中国大陆,李万年 / 王志文 / ,7.4
不朽真情 Immortal Beloved,https://img3.doubanio.com/view/movie_poster_cover/lpst/public/p880303034.jpg,伯纳德·罗斯,1994-12-16, 英国 / 美国,加里·奥德曼 / 杰罗恩·克拉比 / 伊莎贝拉·罗西里尼 / nm0824373 Johanna ter Steege / 马科·霍夫斯奇奈德 / 米瑞安·玛格莱斯 / 巴瑞·哈姆弗莱斯 / 瓦莱莉·高利诺 / Gerard Horan / Christopher Fulford / 亚历山德拉·皮格 / 路易吉·迪贝尔蒂 / 迈克尔·卡尔金 / Donal Gibson / Matthew North / ,7.9
我心属于你 Only You,https://img3.doubanio.com/view/movie_poster_cover/lpst/public/p1581007771.jpg,诺曼·杰威森,1994-09-17, 美国 / 意大利,玛丽莎·托梅 / 小罗伯特·唐尼 / 邦尼·亨特 / 乔昆姆·德·阿尔梅达 / 费舍·史蒂芬斯 / 比利·赞恩 / 亚当·勒费弗 / 约翰·本杰明·西基 / 希博汗·法隆 / 安东尼亚雷伊 / Phyllis Newman / Denise Du Maurier / 坦咪·米诺夫 / Harry Barandes / ,7.3
百变侏罗纪 Tammy and the T-Rex,https://img3.doubanio.com/lpic/s2356033.jpg,Stewart Raffill,, 美国,Denise Richards / ,5.9
等着你回来,https://img1.doubanio.com/lpic/s3271127.jpg,张之亮,1994-07-30, 香港,梁朝伟 / 吴倩莲 / 吴君如 / 毛俊辉 / 张同祖 / 叶广俭 / ,6.6
笑看风云 笑看風雲,https://img3.doubanio.com/view/movie_poster_cover/lpst/public/p2372489390.jpg,曾瑾昌,1995-01-02(香港), 中国香港,郑少秋 / 郑伊健 / 郭晋安 / 郭蔼明 / 陈松伶 / 古巨基 / 商天娥 / 简佩筠 / 江毅 / 朱江 / ,8.3
暴雨骄阳,https://img3.doubanio.com/lpic/s1878283.jpg,张同祖 (Tung Cho 'Joe' Cheung),, 香港,任达华 / 袁咏仪 / ,6.8
东邪西毒：终极版 東邪西毒終極版,https://img3.doubanio.com/view/movie_poster_cover/lpst/public/p792502535.jpg,王家卫,"2009-03-26(中国大陆),2008-05-18(戛纳电影节)", 香港 / 中国大陆 / 台湾,张国荣 / 张曼玉 / 梁朝伟 / 林青霞 / 张学友 / 梁家辉 / 杨采妮 / 刘嘉玲 / ,8.7
股疯,https://img3.doubanio.com/view/movie_poster_cover/lpst/public/p2230452235.jpg,李国立,1994-05-13, 中国大陆 / 香港,潘虹 / 刘青云 / 王汝刚 / ,7.5
小神龙俱乐部,https://img1.doubanio.com/view/movie_poster_cover/lpst/public/p2267245998.jpg,,1994-9-19, 中国大陆,胡可 / 迟帅 / 舒畅 / ,9.2
霸王别姬,https://img3.doubanio.com/view/movie_poster_cover/lpst/public/p1910813120.jpg,陈凯歌,1993-01-01(香港), 中国大陆 / 香港,张国荣 / 张丰毅 / 巩俐 / 葛优 / 英达 / 蒋雯丽 / 吴大维 / 吕齐 / 雷汉 / 尹治 / 马明威 / 费振翔 / 智一桐 / 李春 / 赵海龙 / 李丹 / 童弟 / ,9.5
天生杀人狂 Natural Born Killers,https://img3.doubanio.com/view/movie_poster_cover/lpst/public/p1640827366.jpg,奥利佛·斯通,1994-08-26(美国), 美国,伍迪·哈里森 / 朱丽叶特·刘易斯 / 汤姆·塞兹摩尔 / 汤米·李·琼斯 / ,8.0
晚9朝5,https://img3.doubanio.com/lpic/s3090010.jpg,陈德森,1994-04-08, 香港,张睿羚 / 陈豪 / 周嘉玲 / 陈小春 / 邱秋月 / 白嘉倩 / 李浩林 / ,6.7
我和春天有个约会,https://img3.doubanio.com/lpic/s1937606.jpg,高志森,1994-04-21(香港), 香港,刘雅丽 / 苏玉华 / 罗冠兰 / 冯蔚蘅 / 吴大维 / 杨英伟 / 谢君豪 / 冯宝宝 / 毛舜筠 / 黄霑 / ,8.1
黑豹天下,https://img3.doubanio.com/view/movie_poster_cover/lpst/public/p2226516664.jpg,霍耀良,1993-11-18(香港), 香港,邓光荣 / 梁家辉 / 任达华 / 林青霞 / ,5.9
逃亡之路 The Getaway,https://img3.doubanio.com/view/movie_poster_cover/lpst/public/p874533091.jpg,罗杰·唐纳森,1994-02-11(美国), 美国 / 日本,金·贝辛格 / ,7.1
天生胆小,https://img3.doubanio.com/lpic/s2667401.jpg,彦小追,1994, 中国,葛优 / 梁天 / 谢园 / 李媛媛 / ,7.4
火云传奇 火雲傳奇,https://img3.doubanio.com/view/movie_poster_cover/lpst/public/p2352135416.jpg,袁和平,1994-08-13, 香港,林青霞 / 吴君如 / 莫少聪 / 巫刚 / 叶全真 / ,6.2
科学怪人 Mary Shelley's Frankenstein,https://img3.doubanio.com/view/movie_poster_cover/lpst/public/p1413537601.jpg,肯尼思·布拉纳,1994-11-04(美国), 美国 / 日本,罗伯特·德尼罗 / 肯尼思·布拉纳 / 汤姆·休斯克 / 海伦娜·伯翰·卡特 / 艾丹·奎因 / 伊安·霍姆 / 理查德·布赖尔斯 / 约翰·克立斯 / 罗伯特·哈迪 / 切瑞·朗吉 / 西莉亚·伊姆里 / Trevyn McDowell / Gerard Horan / Mark Hadfield / ,7.8
伴我同行,https://img3.doubanio.com/lpic/s2343816.jpg,高志森,1994-11-17, 香港,刘雅丽 / 许芬 / ,8.2
子弹横飞百老汇 Bullets Over Broadway,https://img3.doubanio.com/view/movie_poster_cover/lpst/public/p946722741.jpg,伍迪·艾伦,1994-10-14, 美国,约翰·库萨克 / 黛安·韦斯特 / 詹妮弗·提莉 / 查兹·帕尔明特瑞 / ,8.3
篮球梦 Hoop Dreams,https://img3.doubanio.com/view/movie_poster_cover/lpst/public/p2204698870.jpg,Steve James,1994-09-12, 美国,William Gates / Arthur Agee / ,8.7
青蜂侠 青蜂俠,https://img3.doubanio.com/view/movie_poster_cover/lpst/public/p2199982732.jpg,林正英,1994, 香港,钱嘉乐 / 关咏荷 / ,5.7
大师与玛格丽特 Мастер и Маргарита,https://img3.doubanio.com/lpic/s3360976.jpg,Yuri Kara,1994, 俄罗斯,安娜斯塔西亚·维尔金斯卡娅 / Viktor Rakov / 米哈伊尔·乌里扬诺夫 / 尼古拉·布尔里亚耶夫 / 瓦连京·佳夫特 / 谢尔盖·加尔马什 / 维克多·巴甫洛夫 / 亚历山大·菲利平科 / Vladimir Steklov / Vyacheslav Shalevich / 斯巴达克·米舒林 / 列夫·杜罗夫 / 谢尔盖·尼科年科 / Igor Vernik / ,"
    "
疯狂店员 Clerks,https://img3.doubanio.com/view/movie_poster_cover/lpst/public/p1203262182.jpg,凯文·史密斯,1994-10-19, 美国,布莱恩·奥哈罗兰 / 杰夫·安德森 / 玛丽琳·吉格洛尔蒂 / 杰森·缪斯 / 凯文·史密斯 / 斯科特·摩西尔 / Lisa Spoonhauer / Walter Flanagan / Pattijean Csik / Donna Jeanne / Gary Stern / ,8.1
动物性本能2 Animal Instincts 2,https://img3.doubanio.com/view/movie_poster_cover/lpst/public/p2313184774.jpg,葛雷格瑞·达克,1994, 美国,,5.6
猎艳狂魔 Il mostro,https://img3.doubanio.com/view/movie_poster_cover/lpst/public/p2430181615.jpg,罗伯托·贝尼尼,1994-10-22(美国), 意大利 / 法国,罗伯托·贝尼尼 / 米歇尔·布朗 / ,8.1
五岁时，我杀了我自己 Quand j'avais 5 ans je m'ai tué,https://img3.doubanio.com/view/movie_poster_cover/lpst/public/p2405149163.jpg,Jean-Claude Sussfeld,1994-02-02(法国), 法国,西波里特·吉拉多特 / 帕特里克·伯利奇 / 莎乐美·勒鲁什 / Dimitri Rougeul / Anny Romand / François Clavier / Claude Duneton / Ludovic Gadois / Raymonde Heudeline / Amar Ioudarene / Laetitia Legrix / Charlotte Lowe / Antoine du Merle / ,8.3
霓红光管高高挂之女子公寓,https://img3.doubanio.com/view/movie_poster_cover/lpst/public/p2222693083.jpg,钱永强,1994, 香港,莫少聪 / 杨采妮 / 吴倩莲 / 陈启泰 / ,7.1
蓝白红三部曲之白 Trois couleurs: Blanc,https://img3.doubanio.com/view/movie_poster_cover/lpst/public/p1604838524.jpg,克日什托夫·基耶斯洛夫斯基,1994-01-26, 法国 / 波兰 / 瑞士,泽比纽·扎马洲斯基 / 朱莉·德尔佩 / 扬努斯·加约斯 / 杰基·斯图尔 / ,8.4
烈日灼人 Утомлённые солнцем,https://img3.doubanio.com/view/movie_poster_cover/lpst/public/p799102683.jpg,尼基塔·米哈尔科夫,"1994-05-21(戛纳电影节),1994-08-31(法国),1994-11-02(俄罗斯)", 俄罗斯 / 法国,欧列格·缅希科夫 / 尼基塔·米哈尔科夫 / 茵格保加·达坤耐特 / 娜迪亚·米哈尔科娃 / 维亚切斯拉夫·吉洪诺夫 / 斯韦特兰娜·克留奇科娃 / 弗拉基米尔·伊利因 / 阿拉·A·卡赞斯卡亚 / 尼娜·阿尔希波娃 / 阿宛盖·里昂惕夫 / 安德列·奥曼斯基 / ,8.7
赌神2 賭神2,https://img3.doubanio.com/view/movie_poster_cover/lpst/public/p1645187373.jpg,王晶,1994-12-15(香港), 香港,周润发 / 梁家辉 / 吴倩莲 / 邱淑贞 / 徐锦江 / 吴兴国 / 向华强 / 谢苗 / 罗家英 / 张敏 / ,7.5
绅士刑警1 警部補古畑任三郎 1st season,https://img1.doubanio.com/view/movie_poster_cover/lpst/public/p2388425218.jpg,河野圭太,1994-04-13(日本), 日本,田村正和 / 西村雅彦 / 小林隆 / 中森明菜 / 堺正章 / 古手川祐子 / 笑福亭鹤瓶 / 坂东三津五郎 / 木之实奈奈 / 小林稔侍 / 鹿贺丈史 / 石黑贤 / 小堺一机 / 桃井薰 / 菅原文太 / ,9.1
锦绣前程 錦繡前程,https://img1.doubanio.com/view/movie_poster_cover/lpst/public/p940058299.jpg,陈嘉上,1994-08-04, 香港,张国荣 / 梁家辉 / 关之琳 / 王敏德  / 黄子华 / 陈妙瑛 / 梁思敏 / ,7.4
精武英雄,https://img3.doubanio.com/view/movie_poster_cover/lpst/public/p1482337156.jpg,陈嘉上,1994-12-22(香港), 香港,李连杰 / 中山忍 / 钱小豪 / 蔡少芬 / 周比利 / 秦沛 / 仓田保昭 / 袁祥仁 / 楼学贤 / 高桥利道 / 谭淑梅 / 彭子晴 / 张浚鸿 / 李文标 / 林刚 / 麦咏麟 / 黄新 / 卢庆辉 / ,8.1
艾德·伍德 Ed Wood,https://img1.doubanio.com/view/movie_poster_cover/lpst/public/p1704315869.jpg,蒂姆·波顿,1994-09-23(美国), 美国,约翰尼·德普 / 莎拉·杰茜卡·帕克 / 比尔·默瑞 / 马丁·兰道 / 帕特丽夏·阿奎特 / 杰弗瑞·琼斯 / ,8.2
四个婚礼和一个葬礼 Four Weddings and a Funeral,https://img3.doubanio.com/view/movie_poster_cover/lpst/public/p2423672584.jpg,迈克·内威尔,"1994-01-20(圣丹斯电影节),1994-04-15(美国),1994-05-13(英国)", 英国,休·格兰特 / 安迪·麦克道威尔 / 詹姆斯·弗雷特 / 西蒙·卡洛 / 约翰·汉纳 / 克里斯汀·斯科特·托马斯 / David Bower / 夏洛特·科曼 / Timothy Walker / Sara Crowe / Ronald Herdman / 罗温·艾金森 / Robin McCaffrey / 大卫·海格 / 苏菲·汤普森 / 科林·雷德格瑞夫 / 安娜·钱斯勒 / Ken Drury / Struan Rodger / Neville Phillips / ,7.4
飞天少女猪 とんでぶーりん,https://img3.doubanio.com/lpic/s2379093.jpg,本橋浩一,1994-09-03, 日本,白鳥由里 / 渕崎ゆり子 / ,7.6
足球小将J キャプテン翼J,https://img3.doubanio.com/lpic/s2404765.jpg,,1994-10-21(日本), 日本,桧山修之 / 石田彰 / ,7.9
新少林五祖,https://img3.doubanio.com/view/movie_poster_cover/lpst/public/p2167117644.jpg,王晶,1994-02-05(香港), 香港,李连杰 / 谢苗 / 邱淑贞 / 叶德娴 / 陈松勇 / 计春华 / 王龙威 / ,7.5
过把瘾,https://img1.doubanio.com/view/movie_poster_cover/lpst/public/p2425741229.jpg,赵宝刚,1994, 中国大陆,王志文 / 江珊 / 刘蓓 / 赵亮 / ,8.3
大富之家,https://img3.doubanio.com/view/movie_poster_cover/lpst/public/p940232872.jpg,高志森,1994-02-06(香港), 香港,黄百鸣 / 梁家辉 / 张国荣 / 毛舜筠 / 刘青云 / 袁咏仪 / 冯宝宝 / 郑裕玲 / 李泳汉 / 关德兴 / 黄霑 / 李香琴 / ,7.6
爱情万岁 愛情萬歲,https://img1.doubanio.com/view/movie_poster_cover/lpst/public/p2040684308.jpg,蔡明亮,1994-09-02, 台湾,杨贵媚 / 李康生 / 陈昭荣 / ,7.7
暴雨将至 Пред дождот,https://img3.doubanio.com/view/movie_poster_cover/lpst/public/p1944200080.jpg,米尔科·曼彻夫斯基,1994-09-01, 马其顿 / 法国 / 英国,凯特琳·卡特利吉 / 拉德·舍博德兹加 / 格莱戈尔·科林  / 拉宾娜·米特威斯卡 / 杰伊·维利尔斯 / ,8.7
不道德的审判 Death and the Maiden,https://img1.doubanio.com/view/movie_poster_cover/lpst/public/p1231879288.jpg,罗曼·波兰斯基,1994-12-23, 英国 / 美国 / 法国,西格妮·韦弗 / 本·金斯利 / 斯图亚特·维尔森 / Krystia Mova / Jonathan Vega / Rodolphe Vega / Gilberto Cortés / Jorge Cruz / Carlos Moreno / Eduardo Valenzuela / ,8.2
独立时代 獨立時代,https://img1.doubanio.com/view/movie_poster_cover/lpst/public/p2416432789.jpg,杨德昌,1994-09-12, 台湾,陈湘琪 / 王柏森 / 邓安宁 / 李芹 / 王维明 / 倪淑君 / 陈以文 / 金燕玲 / ,8.8
醉拳2 醉拳Ⅱ,https://img3.doubanio.com/view/movie_poster_cover/lpst/public/p2207570063.jpg,刘家良,1994-02-03(香港), 香港,成龙 / 梅艳芳 / 狄龙 / 黄日华 / 刘家良 / 卢惠光 / 钱嘉乐 / 翁虹 / 鲍方 / 曹颖 / ,7.5
笑林小子2：新乌龙院 笑林小子2：新烏龍院,https://img1.doubanio.com/view/movie_poster_cover/lpst/public/p2167117517.jpg,朱延平,1994-07-21(香港), 香港 / 台湾,郝劭文 / 释小龙 / 吴孟达 / 张卫健 / 元华 / 李名炀 / ,7.6
蓝白红三部曲之红 Trois couleurs: Rouge,https://img3.doubanio.com/view/movie_poster_cover/lpst/public/p2173726043.jpg,克日什托夫·基耶斯洛夫斯基,1994-05-12(戛纳电影节), 法国 / 波兰 / 瑞士,伊莲娜·雅各布 / 让·路易·特兰蒂尼昂 / Frédérique Feder / 让-皮耶·罗利特 / 塞缪尔·勒·比汉 / 朱丽叶·比诺什 / 朱莉·德尔佩 / 贝努特·里格恩特 / ,8.7
真实的谎言 True Lies,https://img3.doubanio.com/view/movie_poster_cover/lpst/public/p593397572.jpg,詹姆斯·卡梅隆,"1995-04-20(中国大陆),1994-07-15(美国),1994-08-12(英国)", 美国,阿诺·施瓦辛格 / 杰米·李·柯蒂斯 / 汤姆·阿诺德 / 比尔·帕克斯顿 / 蒂亚·卡雷尔 / 阿特·马里克 / 艾丽莎·杜什库 / 格兰特·赫斯洛夫 / 查尔登·海斯顿 / 马绍尔·曼尼什 / James Allen / Dieter Rauter / Jane Morris / Katsy Chappell / Crystina Wyler / ,8.1
生死时速 Speed,https://img1.doubanio.com/view/movie_poster_cover/lpst/public/p798529167.jpg,扬·德·邦特,1994-06-10(美国), 美国,基努·里维斯 / 桑德拉·布洛克 / 丹尼斯·霍珀 / ,8.0
梁祝,https://img1.doubanio.com/view/movie_poster_cover/lpst/public/p2125670899.jpg,徐克,1994-08-13(香港), 香港,吴奇隆 / 杨采妮 / 徐锦江 / 吴家丽 / 刘洵 / 孙兴 / 何润东 / 侯炳莹 / ,7.9
三国演义,https://img1.doubanio.com/view/movie_poster_cover/lpst/public/p1173541737.jpg,王扶林,1994-10-23(中国大陆), 中国大陆,唐国强 / 孙彦军 / 鲍国安 / 李靖飞 / 陆树铭 / 洪宇宙 / ,9.2
中南海保镖,https://img3.doubanio.com/view/movie_poster_cover/lpst/public/p1397968890.jpg,元奎,1994-07-28, 香港,李连杰 / 钟丽缇 / 郑则仕 / 邹兆龙 / 梁荣忠 / 黄锦江 / 元奎 / 伍卫国 / 朱威廉 / ,7.3
射雕英雄传 射鵰英雄傳,https://img1.doubanio.com/view/movie_poster_cover/lpst/public/p2374121328.jpg,李添胜,1994-08-01(香港), 香港,张智霖 / 朱茵 / 罗嘉良 / 关宝慧 / 骆应钧 / 黎耀祥 / 刘丹 / 林伟 / ,8.6
新天龙八部之天山童姥 新天龍八部之天山童姥,https://img1.doubanio.com/view/movie_poster_cover/lpst/public/p2168076509.jpg,钱永强,1994-03-05, 香港 / 中国大陆,林青霞 / 巩俐 / 张敏 / 林文龙 / 徐少强 / ,7.2
饮食男女 飲食男女,https://img3.doubanio.com/view/movie_poster_cover/lpst/public/p1910899751.jpg,李安,1994-08-03(美国), 台湾 / 美国,吴倩莲 / 杨贵媚 / 王渝文 / 郎雄 / 张艾嘉 / 归亚蕾 / 赵文瑄 / ,9.0
九品芝麻官,https://img3.doubanio.com/view/movie_poster_cover/lpst/public/p648370300.jpg,王晶,1994-03-31, 香港,周星驰 / 吴孟达 / 张敏 / 徐锦江 / 钟丽缇 / 蔡少芬 / 吴启华 / 邹兆龙 / 梁荣忠 / 黄一飞 / 苑琼丹 / 刘洵 / ,8.1
变相怪杰 The Mask,https://img3.doubanio.com/view/movie_poster_cover/lpst/public/p2043441362.jpg,查克·拉塞尔,1994-07-29(美国), 美国,金·凯瑞 / 卡梅隆·迪亚茨 / 彼得·里格特 / 彼得·格林纳 / ,7.8
低俗小说 Pulp Fiction,https://img3.doubanio.com/view/movie_poster_cover/lpst/public/p1910902213.jpg,昆汀·塔伦蒂诺,"1994-05-12(戛纳电影节),1994-10-14(美国)", 美国,约翰·特拉沃尔塔 / 乌玛·瑟曼 / 阿曼达·普拉莫 / 蒂姆·罗斯 / 塞缪尔·杰克逊 / 菲尔·拉马 / 布鲁斯·威利斯 / 弗兰克·威利 / 布尔·斯蒂尔斯 / 文·瑞姆斯 / 劳拉·拉芙蕾丝 / 保罗·考尔德伦 / 布罗娜·加拉赫 / 罗姗娜·阿奎特 / 埃里克·斯托尔兹 / ,8.7
夜访吸血鬼 Interview with the Vampire: The Vampire Chronicles,https://img3.doubanio.com/view/movie_poster_cover/lpst/public/p1353910572.jpg,尼尔·乔丹,1994-11-11, 美国,布拉德·皮特 / 汤姆·克鲁斯 / 克斯汀·邓斯特 / 克里斯蒂安·史莱特 / 坦迪·牛顿 / 安东尼奥·班德拉斯 / 海伦·麦克洛瑞 / 罗格·洛伊德-派克 / 斯蒂芬·瑞 / 马塞尔·尤勒斯 / Bellina Logan / 苏珊·林奇 / 安德鲁·蒂曼 / John McConnell / 洛尔·玛尔萨克 / ,8.3
阳光灿烂的日子,https://img1.doubanio.com/view/movie_poster_cover/lpst/public/p967457079.jpg,姜文,"1995-08-21(中国大陆),1994-09-09(威尼斯电影节),1995-06-28(香港)", 中国大陆 / 香港,夏雨 / 宁静 / 陶虹 / 耿乐 / 斯琴高娃 / 冯小刚 / 姜文 / 王学圻 / 王朔 / 尚楠 / 方化 / 代少波 / 王海 / 姚二嘎 / 吴淑琨 / ,8.7
重庆森林 重慶森林,https://img3.doubanio.com/view/movie_poster_cover/lpst/public/p792381411.jpg,王家卫,1994-07-14(香港), 香港,林青霞 / 金城武 / 梁朝伟 / 王菲 / ,8.6
破坏之王,https://img1.doubanio.com/view/movie_poster_cover/lpst/public/p2220259587.jpg,李力持,1994-02-03(香港), 香港,周星驰 / 吴孟达 / 钟丽缇 / 林国斌 / 李力持 / 古巨基 / 郑祖 / 黄一山 / 黄一飞 / 林雪 / 张学友 / 梁荣忠 / 谷德昭 / 黎彼得 / 秦沛 / 郑家生 / ,7.2
肖申克的救赎 The Shawshank Redemption,https://img3.doubanio.com/view/movie_poster_cover/lpst/public/p480747492.jpg,弗兰克·德拉邦特,"1994-09-10(多伦多电影节),1994-10-14(美国)", 美国,蒂姆·罗宾斯 / 摩根·弗里曼 / 鲍勃·冈顿 / 威廉姆·赛德勒 / 克兰西·布朗 / 吉尔·贝罗斯 / 马克·罗斯顿 / 詹姆斯·惠特摩 / 杰弗里·德曼 / 拉里·布兰登伯格 / 尼尔·吉恩托利 / 布赖恩·利比 / 大卫·普罗瓦尔 / 约瑟夫·劳格诺 / ,9.6
小鬼当街 Baby's Day Out,https://img3.doubanio.com/view/movie_poster_cover/lpst/public/p652974784.jpg,帕特里克·里德·约翰逊,1994-07-01(美国), 美国,亚当·罗伯特·沃顿 / 雅各布·约瑟夫·沃顿 / 乔·曼特纳 / 劳拉·弗林·鲍尔 / 乔·潘托里亚诺 / 辛西娅·尼克松 / 弗雷德·多尔顿·托马斯 / 约翰·内威尔 / ,8.1
东邪西毒 東邪西毒,https://img3.doubanio.com/view/movie_poster_cover/lpst/public/p1982176012.jpg,王家卫,1994-09-17(中国大陆), 香港 / 台湾,张国荣 / 张曼玉 / 梁朝伟 / 林青霞 / 张学友 / 梁家辉 / 杨采妮 / 刘嘉玲 / 邹兆龙 / ,8.6
金枝玉叶 金枝玉葉,https://img3.doubanio.com/view/movie_poster_cover/lpst/public/p933204521.jpg,陈可辛,1994-07-23, 香港,袁咏仪 / 张国荣 / 刘嘉玲 / 陈小春 / 曾志伟 / 罗家英 / 林晓峰 / ,8.3
活着,https://img3.doubanio.com/view/movie_poster_cover/lpst/public/p2173575484.jpg,张艺谋,"1994-05-18(法国),1994-06-30(香港)", 中国大陆 / 香港,葛优 / 巩俐 / 姜武 / 牛犇 / 郭涛 / 张璐 / 倪大红 / 肖聪 / 董飞 / 刘天池 / 董立范 / 黄宗洛 / 刘燕瑾 / 李连义 / ,9.0
无声言证 Mute Witness,https://img1.doubanio.com/view/movie_poster_cover/lpst/public/p2157014008.jpg,安东尼·威勒,1994-10-21, 俄罗斯 / 英国 / 德国,玛丽娜·奇蒂娜 Marina Zudina / 菲·雷普利 / Evan Richards / 奥列格·扬科夫斯基 / Igor Volkov / ,8.0
阿甘正传 Forrest Gump,https://img1.doubanio.com/view/movie_poster_cover/lpst/public/p510876377.jpg,罗伯特·泽米吉斯,"1994-06-23(洛杉矶首映),1994-07-06(美国)", 美国,汤姆·汉克斯 / 罗宾·怀特 / 加里·西尼斯 / 麦凯尔泰·威廉逊 / 莎莉·菲尔德 / Michael Conner Humphreys / ,9.4
国产凌凌漆 國產凌凌漆,https://img1.doubanio.com/view/movie_poster_cover/lpst/public/p1411605098.jpg,李力持,1994-10-13(香港), 香港,周星驰 / 袁咏仪 / 罗家英 / 陈宝莲 / 郑祖 / 黄锦江 / 李力持 / 于荣光 / 李健仁 / 古明华 / 黄一飞 / 梁思浩 / 梁小熊 / 曾守明 / 邓兆尊 / 梁克逊 / 黄老邪 / ,8.1
这个杀手不太冷 Léon,https://img3.doubanio.com/view/movie_poster_cover/lpst/public/p511118051.jpg,吕克·贝松,1994-09-14(法国), 法国,让·雷诺 / 娜塔莉·波特曼 / 加里·奥德曼 / 丹尼·爱罗 / ,9.4
背靠背，脸对脸,https://img3.doubanio.com/view/movie_poster_cover/lpst/public/p2092903615.jpg,黄建新,1994-09-10(多伦多电影节), 中国大陆 / 香港,牛振华 / 雷恪生 / 李强 / 句号 / 王劲松 / 戈治均 / 佘南南 / ,9.2
老友记 第一季 Friends Season 1,https://img1.doubanio.com/view/movie_poster_cover/lpst/public/p2186920269.jpg,大卫·克拉尼,1994-09-22(美国), 美国,詹妮弗·安妮斯顿 / 柯特妮·考克斯 / 丽莎·库卓 / 马特·勒布朗 / 马修·派瑞 / 大卫·休默 / ,9.6
燃情岁月 Legends of the Fall,https://img1.doubanio.com/view/movie_poster_cover/lpst/public/p1023654037.jpg,爱德华·兹威克,1994-12-16(美国), 美国,安东尼·霍普金斯 / 布拉德·皮特 / 朱莉娅·奥蒙德 / 艾丹·奎因 / 卡琳娜·隆巴德 / ,8.8
狮子王 The Lion King,https://img1.doubanio.com/view/movie_poster_cover/lpst/public/p2277799019.jpg,罗杰·阿勒斯,"1995-07-15(中国大陆),1994-06-15(美国),2011-09-16(美国-3D)", 美国,乔纳森·泰勒·托马斯 / 马修·布罗德里克 / 杰瑞米·艾恩斯 / 詹姆斯·厄尔·琼斯 / 莫伊拉·凯利 / 内森·连恩 / 尼基塔·卡兰姆 / 埃林·萨贝拉 / 乌比·戈德堡 / ,8.9
旋风小子,https://img1.doubanio.com/view/movie_poster_cover/lpst/public/p2352121968.jpg,朱延平,1994-04-15(香港), 香港 / 台湾,林志颖 / 郝劭文 / 释小龙 / 徐濠萦 / 徐若瑄 / 张震岳 / ,7.8
