电影名,海报链接,导演,时间,地区,演员,评分
地下 Underground,https://img3.doubanio.com/view/movie_poster_cover/lpst/public/p1833776334.jpg,埃米尔·库斯图里卡,1995-04-01(南斯拉夫), 法国 / 南斯拉夫联盟共和国 / 德国,马诺伊洛维奇 / 拉扎尔·里斯托夫斯基 / 米里亚娜·约科维奇 / 斯拉夫科·斯提马科 / ,9.1
云上的日子 Al di là delle nuvole,https://img3.doubanio.com/view/movie_poster_cover/lpst/public/p1910829202.jpg,米开朗基罗·安东尼奥尼,1995-10-27(意大利), 法国 / 意大利 / 德国,苏菲·玛索 / 约翰·马尔科维奇 / 芬妮·阿尔丹 / 切瑞拉·凯瑟莉 / 伊莲娜·雅各布 / 文森特·佩雷斯 / 让·雷诺 / 吉姆·罗斯·斯图尔特 / 依蕾·莎丝特 / 彼得·威勒 / 马塞洛·马斯楚安尼 / 让娜·莫罗 / ,7.7
和平饭店,https://img3.doubanio.com/view/movie_poster_cover/lpst/public/p1863974996.jpg,韦家辉,1995-04-12, 香港,周润发 / 叶童 / 秦豪 / 刘洵 / 吴倩莲 / 刘晓彤 / 李兆基 / ,7.6
热泪伤痕 Dolores Claiborne,https://img3.doubanio.com/view/movie_poster_cover/lpst/public/p2151462240.jpg,泰勒·海克福德,"1996-08-01(香港),1995-03-24(美国)", 美国,凯西·贝茨 / 克里斯托弗·普卢默 / 大卫·斯特雷泽恩 / 詹妮弗·杰森·李 / 朱迪·帕瑞福特 / ,8.5
阿波罗13号 Apollo 13,https://img1.doubanio.com/view/movie_poster_cover/lpst/public/p839197747.jpg,朗·霍华德,1995-06-30, 美国,汤姆·汉克斯 / 比尔·帕克斯顿 / 凯文·贝肯 / 艾德·哈里斯 / 加里·西尼斯 / 凯瑟琳·奎南 / 马里·凯特·舒切尔哈德特 / 艾米丽·安·劳埃德 / 米克·休斯 / 麦克斯·艾略特·斯莱德 / Jean Speegle Howard / ,7.9
勇敢的心 Braveheart,https://img3.doubanio.com/view/movie_poster_cover/lpst/public/p1374546770.jpg,梅尔·吉布森,1995-05-24, 美国,梅尔·吉布森 / 苏菲·玛索 / 布莱恩·考克斯 / 詹姆斯·卡沙莫 / 辛·劳洛 / 凯瑟琳·麦克马克 / ,8.8
侧耳倾听 耳をすませば,https://img3.doubanio.com/view/movie_poster_cover/lpst/public/p456692072.jpg,近藤喜文,1995-07-15(日本), 日本,本名阳子 / 小林桂树 / 高山南 / 高桥一生 / 山下容莉枝 / 室井滋 / 露口茂 / ,8.8
未来水世界 Waterworld,https://img1.doubanio.com/view/movie_poster_cover/lpst/public/p2159099238.jpg,凯文·雷诺兹,1995-07-28, 美国,凯文·科斯特纳 / 珍妮·特里普里霍恩 / 蒂娜·米乔里诺 / Chaim Girafi / ,7.1
勇敢者的游戏 Jumanji,https://img3.doubanio.com/view/movie_poster_cover/lpst/public/p1530913993.jpg,乔·庄斯顿,1995-12-15(美国), 美国,罗宾·威廉姆斯 / 乔纳森·海德 / 克斯汀·邓斯特 / 布莱德利·皮尔斯 / 派翠西娅·克拉克森 / ,7.9
独领风骚 Clueless,https://img1.doubanio.com/view/movie_poster_cover/lpst/public/p1514976669.jpg,艾米·海克林,1995-07-19(美国), 美国,艾丽西亚·希尔维斯通 / 斯黛西·达什 / 布莱特妮·墨菲 / 保罗·路德 / 唐纳德·法森 / ,7.1
心之全蚀 Total Eclipse,https://img3.doubanio.com/view/movie_poster_cover/lpst/public/p2283025640.jpg,阿格涅丝卡·霍兰,1995-11-03(美国), 英国 / 法国 / 比利时,莱昂纳多·迪卡普里奥 / 大卫·休里斯 / 罗曼娜·波琳热 / 多米尼克·布兰科 / ,8.1
玩具总动员 Toy Story,https://img3.doubanio.com/view/movie_poster_cover/lpst/public/p1158743783.jpg,约翰·拉塞特,1995-11-22(美国), 美国,汤姆·汉克斯 / 蒂姆·艾伦 / 唐·里克斯 / ,8.1
堕落天使,https://img3.doubanio.com/view/movie_poster_cover/lpst/public/p449524516.jpg,王家卫,1995-09-06(香港), 香港,黎明 / 李嘉欣 / 金城武 / 杨采妮 / 莫文蔚 / 陈辉虹 / 陈万雷 / 关莉娜 / ,8.1
盗火线 Heat,https://img3.doubanio.com/view/movie_poster_cover/lpst/public/p2193849510.jpg,迈克尔·曼,1995-12-15(美国), 美国,阿尔·帕西诺 / 罗伯特·德尼罗 / 方·基默 / 强·沃特 / 汤姆·塞兹摩尔 /  戴安·维诺拉 / 艾米·布伦尼曼 / 艾什莉·贾德 / 麦凯尔泰·威廉逊 / 韦斯·斯塔迪 / 泰德·拉文 / 丹尼斯·海斯伯特 / 威廉·菲德内尔 / 娜塔莉·波特曼 / ,8.4
十二猴子 Twelve Monkeys,https://img3.doubanio.com/view/movie_poster_cover/lpst/public/p627041570.jpg,特瑞·吉列姆,1995-12-27(美国), 美国,布鲁斯·威利斯 / 布拉德·皮特 / 大卫·摩斯 / 克里斯托弗·普卢默 / 乔恩·塞达 / 玛德琳·斯托 / Joseph Melito / Michael Chance / Vernon Campbell / H. Michael Walls / Bob Adrian / 西蒙·琼斯 / Carol Florence / Bill Raymond / Ernest Abuba / Irma St. Paule / Joey Perillo / ,8.0
红番区 紅番區,https://img1.doubanio.com/view/movie_poster_cover/lpst/public/p2095090668.jpg,唐季礼,"1995-01-29(中国大陆),1995-01-21(香港)", 香港,成龙 / 梅艳芳 / 叶芳华 / 董骠 / Marc Akerstream / Garvin Cross / Morgan Lam / 薛春炜 / 陈文清 / Fred Andrucci / Mark Antoniuk / 劳洛·查坦德 / 克里斯·弗兰科 / 兰斯·吉布森 / David Hooper / 克里斯·洛德 / Richard Faraci / Carrie Cain-Sparks / Guyle Fraizer / David Fredericks / 程可为 / 陆剑明 / 高雄 / 雷安娜 / 周华健 / 杜德伟 / 陈英明 / Lee Sollenberger / ,7.2
给爸爸的信 給爸爸的信,https://img1.doubanio.com/view/movie_poster_cover/lpst/public/p1594424918.jpg,元奎,1995-02-18, 香港,李连杰 / 梅艳芳 / 谢苗 / 于荣光 / 刘松仁 / ,7.5
理智与情感 Sense and Sensibility,https://img3.doubanio.com/view/movie_poster_cover/lpst/public/p1107322461.jpg,李安,"1995-12-13(加拿大),1996-01-26(美国),1996-02-23(英国)", 美国 / 英国,艾玛·汤普森 / 凯特·温丝莱特 / 杰玛·琼斯 / 休·格兰特 / 汤姆·威尔金森 / 艾伦·瑞克曼 / 格雷·怀斯 / 詹姆斯·弗雷特 / 哈丽特·瓦尔特 / 伊丽莎白·斯普里格斯 / 罗伯特·哈迪 / Isabelle Amyes / 艾美达·斯丹顿 / 伊莫金·斯塔布斯 / 休·劳瑞 / 理查德·拉姆斯登 / 奥利弗·福德·戴维斯 / Emilie François / Ian Brimble / ,8.3
回魂夜,https://img3.doubanio.com/view/movie_poster_cover/lpst/public/p1020527660.jpg,刘镇伟,1995-07-06, 香港,周星驰 / 莫文蔚 / 梁家仁 / 黄一飞 / 李力持 / 卢雄 / ,7.7
百变星君 百變星君,https://img3.doubanio.com/view/movie_poster_cover/lpst/public/p1177354736.jpg,叶伟民,1995-08-19(香港), 香港,周星驰 / 吴孟达 / 梁咏琪 / 孙佳君 / 徐锦江 / 黄一飞 / 江欣燕 / 朱咪咪 / 李健仁 / ,7.2
风中奇缘 Pocahontas,https://img1.doubanio.com/view/movie_poster_cover/lpst/public/p1833049089.jpg,迈克·加布里尔,1995-06-23, 美国,梅尔·吉布森 / 艾琳·贝达 / 朱迪·库恩 / ,7.7
傲慢与偏见 Pride and Prejudice,https://img1.doubanio.com/view/movie_poster_cover/lpst/public/p2184360268.jpg,西蒙·兰顿,1995-09-24(英国), 英国,科林·费尔斯 / 詹妮弗·艾莉 / 戴维·鲍姆伯 / 苏珊娜·哈克 / 茱莉亚·莎华拉 / 艾莉森·斯戴曼 / 本杰明·惠特罗 / 克里斯平 伯汉姆-卡特 / Lucy Briers / Polly Maberly / 乔安娜·大卫 / Tim Wylton / 露西·斯科特 / 艾德里安·鲁基斯 / 安娜·钱斯勒 / Lucy Robinson / 芭芭拉·雷吉-亨特 / 鲁珀特·范西塔特 / David Bark-Jones / ,9.2
夜半歌声 夜半歌聲,https://img3.doubanio.com/view/movie_poster_cover/lpst/public/p940052162.jpg,于仁泰,1995-07-22(香港), 香港 / 中国 / 新加坡,张国荣 / 吴倩莲 / 黄磊 / 刘琳 / 司徒慧焯 / 刘天池 / 鲍方 / 郭追 / ,7.9
回忆三部曲 Memories,https://img3.doubanio.com/view/movie_poster_cover/lpst/public/p454162303.jpg,大友克洋,1995-12-23(日本), 日本,矶部勉 / 山寺宏一 / 饭冢昭三 / 千叶繁 / 高岛雅罗 / ,8.8
流氓医生 流氓醫生,https://img1.doubanio.com/view/movie_poster_cover/lpst/public/p463651549.jpg,李志毅,1995-02-17, 香港,梁朝伟 / 刘青云 / 许志安 / 钟丽缇 / 杜德伟 / 梁咏琪 / 徐濠萦 / 陈小春 / 罗家英 / 童爱玲 / 吴启华 / ,7.7
刀,https://img3.doubanio.com/view/movie_poster_cover/lpst/public/p2165557623.jpg,徐克,1995-12-21, 中国大陆 / 香港,赵文卓 / 熊欣欣 / 桑妮 / 惠天赐 / 陈豪 / 钟碧霞 / 朱永棠 / 周嘉玲 / 谢天华 / 邹兆龙 / 元彬 / 陈志辉 / ,7.9
女人四十 女人，四十,https://img3.doubanio.com/view/movie_poster_cover/lpst/public/p2441944656.jpg,许鞍华,"1995-02(柏林电影节),1995-05-04(香港)", 香港,萧芳芳 / 乔宏 / 罗家英 / 罗冠兰 / 丁子峻 / 谭倩红 / 鲍方 / ,8.8
神雕侠侣 神雕俠侶,https://img1.doubanio.com/view/movie_poster_cover/lpst/public/p1109917669.jpg,李添胜,1995-07-31(香港), 香港,古天乐 / 李若彤 / 李绮虹 / 张可颐 / 雪梨 / 傅明宪 / 张翼 / 陈启泰 / 黎汉持 / 黎耀祥 / 刘江 / ,8.9
大头儿子和小头爸爸,https://img3.doubanio.com/view/movie_poster_cover/lpst/public/p2375026803.jpg,崔世昱,1995, 中国大陆,姚培华 / 符冲 / ,7.7
老友记 第二季 Friends Season 2,https://img3.doubanio.com/view/movie_poster_cover/lpst/public/p2200410776.jpg,迈克尔·莱拜克,1995-09-21(美国), 美国,詹妮弗·安妮斯顿 / 柯特妮·考克斯 / 丽莎·库卓 / 马特·勒布朗 / 马修·派瑞 / ,9.7
新世纪福音战士 新世紀エヴァンゲリオン,https://img1.doubanio.com/view/movie_poster_cover/lpst/public/p2026157878.jpg,庵野秀明,1995-10-04(日本), 日本,绪方惠美 / 林原惠美 / 三石琴乃 / 宫村优子 / 山口由里子 / 山寺宏一 / 关智一 / 岩永哲哉 / 岩男润子 / 立木文彦 / 清川元梦 / ,9.3
公民X Citizen X,https://img3.doubanio.com/view/movie_poster_cover/lpst/public/p2383628635.jpg,克里斯·格罗尔莫,1995-02-25, 美国,斯蒂芬·瑞 / 唐纳德·萨瑟兰 / 马克斯·冯·叙多 / ,7.8
她的回忆 彼女の想いで,https://img3.doubanio.com/view/movie_poster_cover/lpst/public/p2189927316.jpg,森本晃司,1995-12-23(日本), 日本,,8.6
野兽之日 El día de la bestia,https://img3.doubanio.com/lpic/s3233011.jpg,阿莱克斯·德拉·伊格莱希亚,1995-09-15, 西班牙 / 意大利,亚历克斯·安克吕罗 / Terele Pávez / Nathalie Seseña / ,7.2
生命因你动听 Mr. Holland's Opus,https://img1.doubanio.com/view/movie_poster_cover/lpst/public/p1216701008.jpg,斯蒂芬·赫瑞克,1995-12-29, 美国,理查德·德莱弗斯 / 格伦妮·海德利 / 杰·托马斯 / 奥林匹亚·杜卡基斯 / 威廉姆·H·梅西 / ,8.5
蓝衣魔鬼 Devil in a Blue Dress,https://img3.doubanio.com/lpic/s4689664.jpg,卡尔·弗兰克林,1995-09-29(美国), 美国,丹泽尔·华盛顿 / 汤姆·塞兹摩尔 / 詹妮弗·比尔斯 / 唐·钱德尔 / 特里·金尼 / 阿尔伯特·海尔 / ,6.7
大鸿米店,https://img3.doubanio.com/view/movie_poster_cover/lpst/public/p2258228772.jpg,黄健中,2004-06-10, 中国大陆,陶泽如 / 石兰 / ,6.2
庙街故事 廟街故事,https://img3.doubanio.com/view/movie_poster_cover/lpst/public/p2006445945.jpg,刘伟强,1995-05-06, 香港,郑伊健 / 吴倩莲 / 葛民辉 / 朱咪咪 / 刘晓彤 / 黄光亮 / ,6.5
死时，告诉我你要去哪里 No te mueras sin decirme adónde vas,https://img3.doubanio.com/lpic/s3564156.jpg,Eliseo Subiela,1995-05-04, 阿根廷,Darío Grandinetti / ,7.5
月光光心慌慌6 Halloween: The Curse of Michael Myers,https://img3.doubanio.com/view/movie_poster_cover/lpst/public/p2177128084.jpg,Joe Chappelle,1995-09-29, 美国,唐纳德·普利森斯 / 保罗·路德 / Marianne Hagan / 米奇·瑞恩 / ,5.9
茧 Koza,https://img3.doubanio.com/lpic/s2555695.jpg,努里·比格·锡兰,1995-05, 土耳其,Emin Ceylan / Fatma Ceylan / ,7.7
秀逗魔导士 Slayers,https://img3.doubanio.com/view/movie_poster_cover/lpst/public/p2452057556.jpg,渡部高志,1995-04-07(日本), 日本,松本保典 / 绿川光 / 铃木真仁 / 安西正弘 / 石田彰 / 冬马由美 / 林原惠美 / ,8.8
兰陵王,https://img1.doubanio.com/view/movie_poster_cover/lpst/public/p2375373509.jpg,胡雪桦,1995, 中国大陆,宁静 / 杨丽萍 / 王学圻 / 宁才 / ,7.1
101夜 Les cent et une nuits de Simon Cinéma,https://img3.doubanio.com/view/movie_poster_cover/lpst/public/p2239336103.jpg,阿涅斯·瓦尔达,1995-01-25, 英国 / 法国,米歇尔·皮寇利 / 马塞洛·马斯楚安尼 / 亨利·加尔辛 / 朱莉·葛耶 / ,7.4
威猩闯天涯 Born to Be Wild,https://img3.doubanio.com/lpic/s2967794.jpg,john gray,1995-03-31, 美国 / 日本,,6.8
与往事干杯,https://img3.doubanio.com/view/movie_poster_cover/lpst/public/p2297108130.jpg,夏钢,, 中国大陆,刘岩 / 濮存昕 / 邵兵 / 郭元 / ,7.8
黄金小子 GOLDEN BOY ゴールデンボーイ さすらいのお勉強野郎,https://img3.doubanio.com/view/movie_poster_cover/lpst/public/p2157884715.jpg,Tatsuya Egawa,1995-10-27, 日本,Mitsuo Iwata / ,8.3
去年冬天,https://img1.doubanio.com/view/movie_poster_cover/lpst/public/p2210069498.jpg,徐小明,1995-03-23, 台湾,魏筱惠 / 喜翔 / ,8.3
花园 Záhrada,https://img1.doubanio.com/view/movie_poster_cover/lpst/public/p1721788758.jpg,Martin Šulík,1995-06-09, 斯洛伐克 / 法国,Zuzana Šulajová / Marián Labuda / Roman Luknár / Jana Svandová / ,8.3
民警故事,https://img3.doubanio.com/view/movie_poster_cover/lpst/public/p2230958976.jpg,宁瀛,1995-09-08, 中国大陆,李占河 / 李健 / ,7.9
虚拟战警 VR.5,https://img3.doubanio.com/lpic/s2396633.jpg,Jeannine Renshaw,1995-03-10, 美国,Lori Singer / Michael Easton / ,"
    "
一千零一夜之梦中人,https://img1.doubanio.com/lpic/s3056369.jpg,林庆隆,1995-06-17, 香港,梁家辉 / 吴倩莲 / 高捷 / 罗家英 / ,6.4
远山,https://img3.doubanio.com/lpic/s3208101.jpg,胡杰,1995, 中国大陆,,8.5
东边日出西边雨,https://img3.doubanio.com/view/movie_poster_cover/lpst/public/p2238378684.jpg,赵宝刚,1995, 中国大陆,王志文 / 许晴 / 伍宇娟 / 李成儒 / 刘威 / 郭冬临 / 姚橹 / ,7.8
今村昌平，自由的思想家 Shohei Imamura - Le libre penseur,https://img3.doubanio.com/lpic/s2663561.jpg,Paulo Rocha,, 法国,,7.5
七月俏佳人,https://img1.doubanio.com/view/movie_poster_cover/lpst/public/p2170423419.jpg,袁再显,1995-11-04(新加坡), 新加坡,陈汉玮 / 朱茵 / ,8.8
坏电影 Bad Film,https://img1.doubanio.com/view/movie_poster_cover/lpst/public/p1859154687.jpg,园子温,2012-09-17, 日本,园子温 / ,7.8
恐龙战队 第三季 Mighty Morphin' Power Rangers Season 3,https://img3.doubanio.com/view/movie_poster_cover/lpst/public/p2431064014.jpg,Terence H. Winkless,1995-9-2, 美国,Karan Ashley / Jason David Frank / ,8.0
跟我走一回,https://img3.doubanio.com/lpic/s3589224.jpg,刘国昌,1995-10-26, 香港,张丰毅 / 萧俊琨 / 吴家丽 / ,8.3
The Dying Rooms,https://img3.doubanio.com/lpic/s3943260.jpg,Kate Blewett,, 英国,,"
    "
北投狼人,https://img3.doubanio.com/view/movie_poster_cover/lpst/public/p2354765905.jpg,李作楠,1995, 香港,林挺生 / ,"
    "
大导归来,https://img3.doubanio.com/view/movie_poster_cover/lpst/public/p2375661883.jpg,李成儒,2017-05(中国大陆), 中国大陆,李成儒 / 王姬 / 张桐 / 吴恙 / 季晨 / ,"
    "
苍天在上,https://img1.doubanio.com/view/movie_poster_cover/lpst/public/p2454813998.jpg,周寰,1995, 中国大陆,李鸣 / 廖学秋 / 廖京生 / ,7.6
魔性菩萨 魔性菩薩,https://img3.doubanio.com/lpic/s3326261.jpg,神户守,1997-05-21, 日本,中田让治 / 岩男润子 / ,6.9
狮子王 The Lion King,https://img1.doubanio.com/view/movie_poster_cover/lpst/public/p2277799019.jpg,罗杰·阿勒斯,"1995-07-15(中国大陆),1994-06-15(美国),2011-09-16(美国-3D)", 美国,乔纳森·泰勒·托马斯 / 马修·布罗德里克 / 杰瑞米·艾恩斯 / 詹姆斯·厄尔·琼斯 / 莫伊拉·凯利 / 内森·连恩 / 尼基塔·卡兰姆 / 埃林·萨贝拉 / 乌比·戈德堡 / ,8.9
夜幕低垂 When Night Is Falling,https://img3.doubanio.com/view/movie_poster_cover/lpst/public/p1514688046.jpg,帕特丽夏·罗兹玛,1995-05-05, 加拿大,帕斯卡·巴丝瑞 / Rachael Crawford / 亨利·科泽尼 / 唐·麦凯勒 / 特蕾西·莱特 / Karyne Steben / Sarah Steben / ,7.2
山丘上的情人 The Englishman Who Went Up a Hill But Came Down a Mountain,https://img3.doubanio.com/view/movie_poster_cover/lpst/public/p2238844461.jpg,Christopher Monger,1995-05-12, 英国,Hugh Grant / ,7.7
青梅竹马 青梅竹馬,https://img3.doubanio.com/view/movie_poster_cover/lpst/public/p2190716234.jpg,杨德昌,1985, 台湾,侯孝贤 / 蔡琴 / 柯一正 / 吴念真 / 杨丽音 / ,7.8
危险游戏 Dangerous Minds,https://img3.doubanio.com/lpic/s7062163.jpg,John N. Smith,1995-08-11, 美国,米歇尔·菲佛 / 考特尼·万斯 / ,7.0
弗拉门戈 Flamenco,https://img3.doubanio.com/view/movie_poster_cover/lpst/public/p1929933196.jpg,卡洛斯·绍拉,1995-06-16, 西班牙,La Paquera de Jerez / Merche Esmeralda / ,8.7
暴饮暴食 삼공일 삼공이,https://img3.doubanio.com/view/movie_poster_cover/lpst/public/p2095284400.jpg,朴哲洙,1995-04-22(韩国), 韩国,方银振 / ,6.9
真爱未了情 Nelly & Monsieur Arnaud,https://img1.doubanio.com/view/movie_poster_cover/lpst/public/p1572397319.jpg,克洛德·苏台,1995-10-18(法国), 法国 / 意大利 / 德国,艾曼纽·贝阿 / 米歇尔·塞罗 / ,7.7
孔繁森,https://img1.doubanio.com/lpic/s1482928.jpg,陈国星,1996-06-17(中国大陆), 中国大陆,高明 / 曲云 / ,6.4
混在北京,https://img1.doubanio.com/view/movie_poster_cover/lpst/public/p2432405839.jpg,何群,, 中国大陆,张国立 / 剧雪 / 奚美娟 / 方子哥 / ,7.5
玉米地的孩子们 3 Children of the Corn III: Urban Harvest,https://img3.doubanio.com/view/movie_poster_cover/lpst/public/p2334535360.jpg,James D.R. Hickox,1995-02-28, 美国,Daniel Cerny / 朗·迈伦德兹 / 吉姆·梅茨勒 / Nancy Lee Grahn / ,5.7
吴二哥请神,https://img1.doubanio.com/lpic/s1630087.jpg,范元,, 中国大陆,曹景阳 / 郑卫莉 / 赵军 / ,7.1
披头士精选辑 The Beatles Anthology,https://img3.doubanio.com/lpic/s4025741.jpg,鲍勃·斯米顿,1995-11-26(英国), 英国,保罗·麦卡特尼 / 乔治·哈里逊 / 林哥·斯塔尔 / ,9.6
捕获的唇 Entre rojas,https://img3.doubanio.com/lpic/s1881444.jpg,Azucena Rodríguez,1995-04-20(西班牙), 西班牙,佩内洛普·克鲁兹 / Cristina Marcos / ,"
    "
摩登大圣 The Mask,https://img3.doubanio.com/lpic/s2931414.jpg,,, 美国,罗伯·鲍森 / 弗兰克·维尔克 / ,8.7
X档案 第三季 The X-Files Season 3,https://img3.doubanio.com/lpic/s2957572.jpg,R.W. Goodwin,1995-09-22, 美国 / 加拿大,David Duchovny / ,9.0
彼岸,https://img3.doubanio.com/view/movie_poster_cover/lpst/public/p1424927476.jpg,蒋樾,, 中国大陆,,8.3
神勇小拳童,https://img3.doubanio.com/lpic/s4440374.jpg,李钊,1995年, 中国大陆,林国斌 / 孙清 / 阮明吉 / ,5.8
笑看良缘 笑看良緣,https://img3.doubanio.com/lpic/s3194694.jpg,,1995-01-09(台湾), 台湾,赵雅芝 / 叶童 / 彭伟华 / 惠英红 / 郑平君 / 孟庭丽 / 康凯 / 尹宝莲 / 李倩 / 乾德门 / ,7.4
柳林风声 The Wind in the Willows,https://img3.doubanio.com/lpic/s3315445.jpg,Dave Unwin,1995-12-25(英国), 英国,阿兰·本奈特 / 迈克尔·刚本 / 麦克·帕林 / 里克·梅奥尔 / ,8.6
招蜂引蝶 Flirt,https://img3.doubanio.com/view/movie_poster_cover/lpst/public/p2007613353.jpg,霍尔·哈特利,1995-09-14, 美国 / 德国 / 日本,Paul Austin / 罗伯特·约翰·伯克 / 马丁·唐文 / Erica Gimpel / 迈克尔·因佩里奥利 / 霍特·麦克卡兰尼 / Lianna Pai / 哈罗德·佩里诺 / 帕克·波西 / 比尔·萨奇 / Patricia Scanlon / 保罗·舒尔茨 / 凯伦·西拉斯 / Hannah Sullivan / 何塞·祖尼加 / ,7.5
2112年 哆啦A梦诞生 2112年 ドラえもん誕生,https://img3.doubanio.com/view/movie_poster_cover/lpst/public/p1666603536.jpg,米谷良知,1995-03-04(日本), 日本,大山信代 / 横山智佐 / 矢田稔 / 太田淑子 / 皆口裕子 / 永井一郎 / ,9.0
十字军 The Crusades,https://img3.doubanio.com/lpic/s3370063.jpg,Alan Ereira,1995-01-10, 英国,,"
    "
秦俑,https://img3.doubanio.com/lpic/s10478476.jpg,李岳峰,1995, 台湾,寇世勋 / 童安格 / ,"
    "
重案实录之污点证人 重案實錄之污點証人,https://img1.doubanio.com/view/movie_poster_cover/lpst/public/p2357060467.jpg,袁仁康,1995, 香港,张家辉 / 樊少皇 / ,4.9
圣诞精神：耶稣战圣诞老人 The Spirit of Christmas : Jesus vs. Santa,https://img3.doubanio.com/lpic/s7049265.jpg,Matt Stone,1995, 美国,Matt Stone(配音) / ,8.6
地下（加长版） Bila jednom jedna zemlja,https://img3.doubanio.com/lpic/s6956225.jpg,埃米尔·库斯图里卡,, 南斯拉夫,马诺伊洛维奇 / 米里亚娜·约科维奇 / ,9.5
Me and My Girl,https://img3.doubanio.com/lpic/s11169045.jpg,小原弘稔,, 日本,,9.6
灌篮高手 剧场版3 スラムダンク 湘北最大の危機! 燃えろ桜木花道,https://img1.doubanio.com/view/movie_poster_cover/lpst/public/p2171383489.jpg,角銅博之,1995-03-04(日本), 日本,草尾毅 / ,8.4
铁腕DASH ザ!鉄腕!DASH!!,https://img3.doubanio.com/view/movie_poster_cover/lpst/public/p2209029631.jpg,,1995-11-02, 日本,城岛茂 / 山口达也 / 国分太一 / 松冈昌宏 / ,9.8
1995年中央电视台春节联欢晚会,https://img1.doubanio.com/view/movie_poster_cover/lpst/public/p2263254457.jpg,赵安,1995-02-18, 中国大陆,许戈辉 / 赵忠祥 / ,6.3
乱马OVA：邪恶之鬼 らんま1/2 SUPER 邪悪の鬼,https://img3.doubanio.com/lpic/s4492750.jpg,井内秀治,1995-11-17(日本), 日本,山口胜平 / 林原惠美 / 日高法子 / 麻生美代子 / 千叶繁 / 井上喜久子 / 绪方贤一 / 佐久间玲 / ,8.4
饮食男女 飲食男女,https://img3.doubanio.com/view/movie_poster_cover/lpst/public/p1910899751.jpg,李安,1994-08-03(美国), 台湾 / 美国,吴倩莲 / 杨贵媚 / 王渝文 / 郎雄 / 张艾嘉 / 归亚蕾 / 赵文瑄 / ,9.0
重返侏罗纪 Carnosaur 2,https://img3.doubanio.com/view/movie_poster_cover/lpst/public/p2280859603.jpg,路易斯 莫纽 (Louis Morneau),1995-02-23, 美国,,6.2
时空悍将 Virtuosity,https://img1.doubanio.com/view/movie_poster_cover/lpst/public/p1528469238.jpg,Brett Leonard,1995-08-04, 美国,丹泽尔·华盛顿 / 凯莉·林奇 / 罗素·克劳 / 威廉·弗西斯 / ,6.4
潜龙轰天2 Under Siege 2: Dark Territory,https://img3.doubanio.com/view/movie_poster_cover/lpst/public/p856350560.jpg,杰夫·墨菲,1995-07-14, 美国,史蒂文·席格 / 埃里克·博高森 / 埃沃雷特·麦克吉尔 / 凯瑟琳·海格尔 / 摩里斯·切斯塔特 / 彼得·格林纳 / 帕特里克·基尔帕特里克 / ,6.8
狂野边缘 Wild Side,https://img1.doubanio.com/view/movie_poster_cover/lpst/public/p2284641227.jpg,唐纳德·卡梅尔,1995-04-23, 英国 / 美国,安·海切 / 克里斯托弗·沃肯 / ,6.0
旷野旅程 Utazás az alföldön,https://img3.doubanio.com/lpic/s3887363.jpg,贝拉·塔尔,1995, 匈牙利,,7.4
挑战者 大冒險家,https://img3.doubanio.com/view/movie_poster_cover/lpst/public/p2352231671.jpg,林岭东,"1995-07-29(韩国),1995-08-02(香港)", 香港,刘德华 / 关之琳 / 吴倩莲 / 姜大卫 / ,6.2
特警判官 Judge Dredd,https://img3.doubanio.com/view/movie_poster_cover/lpst/public/p2193563613.jpg,Danny Cannon,1995-06-30(美国), 美国,西尔维斯特·史泰龙 / 阿曼德·阿山特 / 罗伯·施奈德 / 戴安·琳恩 / 陈冲 / ,6.5
星之金币 星の金貨,https://img3.doubanio.com/lpic/s3996336.jpg,吉野洋,1995-04-12(日本), 日本,酒井法子 / 大泽隆夫 / 竹野内丰 / 伊武雅刀 / 龙雷太 / 酒井和歌子 / 田中美佐子 / ,8.1
山水有相逢,https://img3.doubanio.com/view/movie_poster_cover/lpst/public/p1226998472.jpg,马伟豪,1995-11-16(香港), 香港,刘青云 / 袁咏仪 / 蔡少芬 / 孙佳君 / 吴镇宇 / 张达明 / 谷德昭 / ,7.7
酷哥炫妹也疯狂 Empire Records,https://img3.doubanio.com/view/movie_poster_cover/lpst/public/p1547604146.jpg,Allan Moyle,1995-10-20(美国), 美国,丽芙·泰勒 / ,7.0
新扎师兄追女仔 新紮師兄追女仔,https://img3.doubanio.com/view/movie_poster_cover/lpst/public/p2159554364.jpg,朱延平,1995-11-01(台湾), 香港 / 台湾,金城武 / 杨采妮 / 吴奇隆 / ,6.4
莫斯科假期 Московские каникулы,https://img3.doubanio.com/view/movie_poster_cover/lpst/public/p2182036460.jpg,Alla Surikova,, 俄罗斯,列昂尼德·亚尔莫利尼克 / ,"
    "
夜瘾 The Addiction,https://img3.doubanio.com/view/movie_poster_cover/lpst/public/p2057826890.jpg,阿贝尔·费拉拉,1995-10-06, 美国,莉莉·泰勒 / 克里斯托弗·沃肯 / ,7.2
好事成双 It Takes Two,https://img3.doubanio.com/view/movie_poster_cover/lpst/public/p2197697904.jpg,安迪·坦纳特,1995-11-17, 美国,玛丽-凯特·奥尔森 / 艾什丽·奥尔森 / 斯蒂夫·古根伯格 / ,7.4
南拳北腿,https://img1.doubanio.com/lpic/s3125329.jpg,梁德华,, 香港,梁小冰 / 李赛凤 / ,6.7
整蛊王 整蠱王,https://img3.doubanio.com/view/movie_poster_cover/lpst/public/p2352211564.jpg,李力持,1995-03-30(香港), 香港,刘青云 / 袁咏仪 / 罗家英 / 林海峰 / 葛民辉 / ,6.2
美少女战士SS特别篇：亚美的初恋 美少女戦士セーラームーンSuperS外伝 亜美ちゃんの初恋,https://img1.doubanio.com/view/movie_poster_cover/lpst/public/p2162621107.jpg,五十嵐卓哉,1995-12-23, 日本,,8.0
哆啦A梦：大雄的创世日记 ドラえもん のび太の创世日记,https://img3.doubanio.com/view/movie_poster_cover/lpst/public/p2190702544.jpg,芝山努,1995-03-04(日本), 日本,大山信代 / 小原乃梨子 / 立壁和也 / 肝付兼太 / ,8.1
天地无用 天地無用!,https://img3.doubanio.com/view/movie_poster_cover/lpst/public/p1901404634.jpg,Kiyoshi Fukumoto,1995, 日本,菊池正美 / 折笠愛 / 高田由美 / 橫山智佐 / 小櫻悅子 / 水谷優子 / 天野由梨 / ,8.0
灌篮高手 剧场版4 スラムダンク 吠えろバスケットマン魂!! 花道と流川の熱き夏,https://img1.doubanio.com/view/movie_poster_cover/lpst/public/p2221506369.jpg,,1995-07-15(日本), 日本,草尾毅 / ,8.9
冷冽炽情 Cold Fever,https://img1.doubanio.com/lpic/s2846817.jpg,Friðrik Þór Friðriksson,1995-09-13, 美国 / 日本 / 冰岛 / 丹麦 / 德国,Seijun Suzuki / Masatoshi Nagase / ,"
    "
超级保姆 第三季 The Nanny Season 3,https://img1.doubanio.com/view/movie_poster_cover/lpst/public/p2249182307.jpg,多罗蒂·林曼,1995-09-11, 美国,法兰·德瑞雪 / 查尔斯·肖内西 / 丹尼尔·戴维斯 / 萝伦·雷恩 / 尼科洛·汤姆 / 本杰明·索尔兹伯里 / ,"
    "
香港沦陷,https://img1.doubanio.com/view/movie_poster_cover/lpst/public/p2154083537.jpg,钱文锜,1994, 香港,庹宗华 / 邱淑贞 / 叶玉卿 / 罗家英 / 陈少霞 / 陈国邦 / 谷峰 / 徐锦江 / ,6.4
斗气老顽童2 Grumpier Old Men,https://img3.doubanio.com/view/movie_poster_cover/lpst/public/p2188590521.jpg,霍华德·达奇,1995-12-22(美国), 美国,沃尔特·马修 / 杰克·莱蒙 / 安-玛格丽特 / ,7.4
迈克尔·杰克逊：音乐历史专辑全集 Michael Jackson: Video Greatest Hits - HIStory (V),https://img3.doubanio.com/lpic/s2541232.jpg,Martin Scorsese,1995-06-16, 美国,Michael Jackson / Macaulay Culkin / Eddie Murphy / ,9.7
挑逗性游戏 Fair Game,https://img3.doubanio.com/view/movie_poster_cover/lpst/public/p1408264492.jpg,安德鲁·斯派司,1995-11-03, 美国,威廉·鲍德温 / ,5.9
美国哥特故事 American Gothic,https://img3.doubanio.com/lpic/s2594252.jpg,Shaun Cassidy,1995-09-22, 美国,Gary Cole ...  Sheriff Lucas Buck / Lucas Black ...  Caleb Temple / ,"
    "
美版恐龙战队 电影版 Mighty Morphin Power Rangers: The Movie,https://img3.doubanio.com/view/movie_poster_cover/lpst/public/p2183440206.jpg,布赖恩 斯皮瑟 (Bryan Spicer),1995-06-30, 美国 / 日本,,7.6
狂情丈夫 狂情杀手,https://img3.doubanio.com/lpic/s3132326.jpg,刘永 (Anthony Lau),1995-10-02, 香港,任达华 / 郑浩南 / ,"
    "
O记实录,https://img1.doubanio.com/lpic/s2672917.jpg,戚其义,1995-07-03(香港), 香港,黄日华 / 郭可盈 / 苏玉华 / 陈锦鸿 / 赵学而 / 林漪娸 / 蔡国权 / 关海山 / 夏萍 / ,6.8
八代将军吉宗 八代将軍吉宗,https://img3.doubanio.com/lpic/s2734426.jpg,,1995-01-08(日本), 日本,西田敏行 / 黒木　瞳 / 小栗　旬 / 榎木孝明 / 森田　剛 / 阿部　寛 / 香川照之 / 西岡德馬 / 石坂浩二 / 柳生　博 / 小林稔侍 / 中田喜子 / 山崎直子 / 鷲尾真知子 / 柄本　明 / 中村梅雀 / 森口瑤子 / 大滝秀治 / 津川雅彦 / 夏木マリ / 斉藤由貴 / ,8.6
禁止的爱 Verbotene Liebe,https://img3.doubanio.com/view/movie_poster_cover/lpst/public/p2167697783.jpg,John Delbridge,1995-01-02, 德国,Lars Korten / Mariangela Scelsi / Verena Zimmermann / Martina Servatius / ,8.5
新悲惨世界 Les Misérables,https://img1.doubanio.com/lpic/s1459277.jpg,克劳德·勒鲁什,1995-03-22, 法国,让-保罗·贝尔蒙多 / Michel Boujenah / ,8.2
写乐 写楽,https://img3.doubanio.com/lpic/s4695915.jpg,筱田正浩 (Masahiro Shinoda),1995-02-04, 日本,真田広之 / 岩下志麻 / 葉月里緒菜 / ,7.6
太后吉祥,https://img3.doubanio.com/view/movie_poster_cover/lpst/public/p2369064930.jpg,金韬,1996, 中国大陆,陈佩斯 / 斯琴高娃 / 陈强 / 宫晓瑄 / 李大强 / 何振军 / 李琦 / 王大治 / 李希达 / ,6.8
龙珠Z剧场版13：龙拳爆发!! 悟空舍我其谁 ドラゴンボール Z 劇場版：龍拳爆発!! 悟空がやらねば誰がやる,https://img3.doubanio.com/lpic/s24438985.jpg,桥本光夫,1995-07-15, 日本,,7.4
三国演义,https://img1.doubanio.com/view/movie_poster_cover/lpst/public/p1173541737.jpg,王扶林,1994-10-23(中国大陆), 中国大陆,唐国强 / 孙彦军 / 鲍国安 / 李靖飞 / 陆树铭 / 洪宇宙 / ,9.2
天空小说 天空小說 Out of the Blue,https://img3.doubanio.com/lpic/s3764710.jpg,林海峰,1995-09-03, 香港,林海峰 / 葛民辉 / 黄伟文 / 陈辉虹 / ,7.7
奥姆真理教的暴走轨迹,https://img3.doubanio.com/lpic/s11190945.jpg,NHK,1995年5月17日, 日本,,7.2
尘封核爆 Trinity and Beyond: The Atomic Bomb Movie,https://img1.doubanio.com/lpic/s1797807.jpg,Peter Kuran,1995-09-29, 美国,威廉·夏特纳 / Edward Teller / ,8.4
狂野生死恋,https://img1.doubanio.com/view/movie_poster_cover/lpst/public/p2266407089.jpg,区丁平,1995-04-27, 香港,关之琳 / 梁家辉 / 王敏德 / ,6.6
四个自杀的少女 四個自殺的少女,https://img3.doubanio.com/lpic/s1806654.jpg,罗舜泉,, 香港,徐幼芬 / 陈爱仪 / ,5.7
"艳倒群雌 To Wong Foo, Thanks for Everything! Julie Newmar",https://img1.doubanio.com/view/movie_poster_cover/lpst/public/p2195389257.jpg,比班 基德龙 (Beeban Kidron),1995-09-08, 美国,Wesley Snipes / Patrick Swayze / ,7.8
女儿谷,https://img1.doubanio.com/lpic/s1478767.jpg,谢晋,1996-04-12, 中国大陆,李翠云 / 马翎雁 / ,6.6
兽兵卫忍风帖 獣兵衛忍風帖,https://img3.doubanio.com/view/movie_poster_cover/lpst/public/p456518164.jpg,川尻善昭,1993-06-05(日本), 日本,山寺宏一 / 篠原惠美 / 青野武 / 关俊彦 / ,8.5
孽恋,https://img3.doubanio.com/lpic/s14106140.jpg,冼智伟,1995-06-14, 香港,叶芳华 / 朱潔儀 / 黄昆仲 / 卢敏仪 / ,5.4
摩西 Moses,https://img1.doubanio.com/view/movie_poster_cover/lpst/public/p2215888878.jpg,罗杰·扬,1995-12-20, 英国,,7.9
回家,https://img1.doubanio.com/lpic/s4113967.jpg,王海兵,, 中国大陆,,7.5
阿森纳2008/2009赛季回顾 Arsenal Season Review 2008/2009,https://img3.doubanio.com/lpic/s3883063.jpg,,2009-06-15, 英国,Arsène Wenger / Cesc Fàbregas / ,9.5
阿爸的情人,https://img3.doubanio.com/view/movie_poster_cover/lpst/public/p2165233673.jpg,王献篪,1995-09-13, 台湾,李立群 / 范瑞君 / ,7.4
龙珠Z剧场版12：复活的融合!! 悟空和贝吉塔 ドラゴンボール Z 劇場版： 復活のフュージョン!! 悟空とベジータ,https://img3.doubanio.com/lpic/s24438982.jpg,山内重保,1995-03-04, 日本,野泽雅子 / 堀川亮 / 草尾毅 / 绿川光 / 皆口裕子 / 鹤弘美 / 渡边菜生子 / ,7.5
电脑之家,https://img1.doubanio.com/lpic/s9089619.jpg,文兴宇,1996, 中国大陆,英壮 / 冯宪珍 / 李明启 / 文兴宇 / ,"
    "
月亮街,https://img1.doubanio.com/lpic/s4085879.jpg,李捷,, 中国大陆,,7.7
惊梦魂 Deep in the Night,https://img3.doubanio.com/lpic/s4054600.jpg,吴耀权,1995, 香港,林立三 / 李丽珍 / 曹国辉 / 梁汉威 / 蔡业信 / 招浩东 / 梁启智 / ,5.3
潇洒有情天 Boys on the Side,https://img3.doubanio.com/view/movie_poster_cover/lpst/public/p2191790071.jpg,赫伯特·罗斯,1995-02-03, 美国 / 法国,乌比·戈德堡 / 玛丽·露易斯·帕克 / 德鲁·巴里摩尔 / ,8.2
矮子当道 Get Shorty,https://img1.doubanio.com/view/movie_poster_cover/lpst/public/p1419543429.jpg,巴里·索南菲尔德,1995-10-20(美国), 美国,约翰·特拉沃尔塔 / 吉恩·哈克曼 / 蕾妮·罗素 / 丹尼·德维托 / 丹尼斯·法里纳 / 戴尔里·林多 / 詹姆斯·甘多菲尼 / 强·格瑞斯 / Renee Props / 大卫·佩默 / 马丁·费雷罗 / ,7.2
阳光灿烂的日子,https://img1.doubanio.com/view/movie_poster_cover/lpst/public/p967457079.jpg,姜文,"1995-08-21(中国大陆),1994-09-09(威尼斯电影节),1995-06-28(香港)", 中国大陆 / 香港,夏雨 / 宁静 / 陶虹 / 耿乐 / 斯琴高娃 / 冯小刚 / 姜文 / 王学圻 / 王朔 / 尚楠 / 方化 / 代少波 / 王海 / 姚二嘎 / 吴淑琨 / ,8.7
海根,https://img3.doubanio.com/view/movie_poster_cover/lpst/public/p2224228992.jpg,李国立,1995-12-23, 香港,刘青云 / 刘雅丽 / 李枫 / ,7.6
吸血鬼也疯狂 Dracula: Dead and Loving It,https://img3.doubanio.com/view/movie_poster_cover/lpst/public/p1088653763.jpg,梅尔·布鲁克斯,1995-12-22, 美国 / 法国,莱斯利·尼尔森 / 彼特·麦尼科 / 斯蒂文·韦伯 / 艾米·雅丝贝克 / 丽赛特·安东尼 / ,6.4
人间有情,https://img1.doubanio.com/lpic/s3029438.jpg,高志森,1995, 香港,谢君豪 / 罗冠兰 / 高翰文 / ,8.5
尼克松 Nixon,https://img3.doubanio.com/view/movie_poster_cover/lpst/public/p1257431181.jpg,奥利佛·斯通,1995-12-20, 美国,安东尼·霍普金斯 / 琼·艾伦 / 艾德·哈里斯 / 鲍勃·霍斯金斯 / ,7.6
蒙多 Mondo,https://img3.doubanio.com/lpic/s4128024.jpg,Tony Gatlif,1996-04-17, 法国,Ovidiu Balan / ,8.5
新天堂星探 L'uomo delle stelle,https://img1.doubanio.com/view/movie_poster_cover/lpst/public/p1789482667.jpg,朱塞佩·托纳多雷,1995-09-21(意大利), 意大利,塞吉·卡斯特里图 / 蒂兹亚娜·罗达托 / Franco Scaldati / 里奥普尔多·特里斯特 / Clelia Rondinella / 塔诺·希玛罗萨 / 尼古拉·平托 / Costantino Carrozza / ,8.2
敌后武工队,https://img1.doubanio.com/view/movie_poster_cover/lpst/public/p2355611928.jpg,康宁,, 中国大陆,吴京安 / 何赛飞 / 茹萍 / 董子武 / 孙晨曦 / 李明启 / 刘之冰 / 马杰 / 周鸣晗 / ,5.8
刑事侦缉档案2 刑事偵緝檔案Ⅱ,https://img3.doubanio.com/view/movie_poster_cover/lpst/public/p2393632493.jpg,黄伟声,1995-12-11(香港), 香港,陶大宇 / 郭可盈 / 郭蔼明 / 梁荣忠 / 苏玉华 / 郑秀文 / 林漪娸 / 楼南光 / 苏杏璇 / ,8.3
穿梭阴阳恋 Haunted,https://img3.doubanio.com/view/movie_poster_cover/lpst/public/p905191282.jpg,刘易斯 吉尔伯特 (Lewis Gilbert (II)),1996-06-06, 英国 / 美国,艾丹·奎因 / 凯特·贝金赛尔 / ,7.2
午后的遗言 午後の遺言状,https://img3.doubanio.com/view/movie_poster_cover/lpst/public/p1597361632.jpg,新藤兼人,1995-06-03(日本), 日本,杉村春子 / ,8.1
阴阳,https://img1.doubanio.com/lpic/s2964327.jpg,康健宁,1995, 中国大陆,,8.3
沙漏情人 모래시계,https://img1.doubanio.com/view/movie_poster_cover/lpst/public/p1971101047.jpg,金钟学,1995-01-10, 韩国,崔民秀 / 高贤贞 / 朴相元 / ,8.4
摩登笑探 冇面俾,https://img3.doubanio.com/view/movie_poster_cover/lpst/public/p2167117376.jpg,洪金宝,1995-02-17, 香港,洪金宝 / 元彪 / 金城武 / 周海媚 / 陈百祥 / 童爱玲 / 刘晓彤 / 洪天明 / 洪天祥 / 邹兆龙 / 翁虹 / ,6.6
少女小渔 少女小漁,https://img3.doubanio.com/view/movie_poster_cover/lpst/public/p1066022634.jpg,张艾嘉,1995-09-11(多伦多电影节), 台湾,刘若英 / 庹宗华 / 丹尼尔·J·特拉万提 / ,7.9
我和春天有个约会 我和春天有個約會,https://img1.doubanio.com/lpic/s7664199.jpg,叶昭仪,1996-01-13(香港), 香港,邓萃雯 / 蔡晓仪 / 万绮雯 / 商天娥 / 江华 / 叶振棠 / 林祖辉 / 蔡济文 / ,9.0
割喉岛 Cutthroat Island,https://img3.doubanio.com/view/movie_poster_cover/lpst/public/p2383448356.jpg,雷尼·哈林,1995-12-22, 美国 / 法国 / 意大利 / 德国,吉娜·戴维斯 / 马修·莫迪恩 / 弗兰克·兰格拉 / 莫里·柴金 / 帕特里克·麦拉海德 / Stan Shaw / ,6.8
乐魂,https://img3.doubanio.com/lpic/s3152904.jpg,朱枫,1995, 中国大陆,刘子枫 / 宋艺 / ,8.5
铁血人狼 Metalbeast,https://img3.doubanio.com/view/movie_poster_cover/lpst/public/p2324845826.jpg,Alessandro De Gaetano,1995年02月21日, 美国,Barry Bostwick / Kim Delaney / ,7.6
魔幻战将 Virtual Combat,https://img3.doubanio.com/lpic/s3347111.jpg,安德鲁 史蒂文斯 (Andrew Stevens),1995-07-26, 美国,唐龙·威尔逊 / Michael Bernardo / Carrie Mitchum / ,6.7
尤里西斯的凝视 Το βλέμμα του Οδυσσέα,https://img3.doubanio.com/view/movie_poster_cover/lpst/public/p2180184371.jpg,西奥·安哲罗普洛斯,1995-05-24, 法国 / 希腊 / 意大利 / 德国 / 英国 / 南斯拉夫 / 波黑 / 阿尔巴尼亚 / 罗马尼亚,哈威·凯特尔 / 玛雅·摩根斯坦特 / Eriand Josephson / Thanasis Vengos / ,8.9
黑客 Hackers,https://img3.doubanio.com/view/movie_poster_cover/lpst/public/p1102510035.jpg,Iain Softley,1995-09-15, 美国,约翰尼·李·米勒 / 安吉丽娜·朱莉 / 杰西·布拉德福特 / 马修·里沃德 / Laurence Mason / Renoly Santiago / ,6.4
刺客战场 Assassins,https://img3.doubanio.com/view/movie_poster_cover/lpst/public/p798520600.jpg,理查德·唐纳,1995-10-06, 美国 / 法国,西尔维斯特·史泰龙 / 安东尼奥·班德拉斯 / 朱丽安·摩尔 / ,7.1
烟花 打ち上げ花火、下から見るか、横から見るか,https://img1.doubanio.com/lpic/s1634678.jpg,岩井俊二,1995-08-12(日本), 日本,山崎裕太 / 奥菜惠 / 反田孝幸 / 小桥贤儿 / 麻木久仁子 / 蛭子能收 / 深浦加奈子 / 石井苗子 / 光石研 / 中岛洋子 / 酒井敏也 / ,8.2
保姆俱乐部 The Baby-Sitters Club,https://img1.doubanio.com/lpic/s1887179.jpg,梅勒妮·梅隆,1995-08-18(美国), 美国,斯科勒·费斯科 / 瑞切尔·蕾·库克 / 拉丽莎·奥蕾尼克 / ,7.5
我要活下去,https://img1.doubanio.com/view/movie_poster_cover/lpst/public/p2352233299.jpg,李惠民,1995, 香港,张艾嘉 / 赵文瑄 / 袁咏仪 / 周华健 / 关礼杰 / ,7.7
彭彭丁满历险记 第一季 Timon and Pumbaa Season 1,https://img3.doubanio.com/lpic/s4226446.jpg,Tony Craig,1995-09-08(美国), 美国,南茜·卡特莱特 / 吉姆·库宁斯 / Corey Burton / 埃林·萨贝拉 / Quinton Flynn / ,8.8
小李飞刀 小李飛刀,https://img3.doubanio.com/view/movie_poster_cover/lpst/public/p2336080080.jpg,李元科,1995-09-12(香港), 香港,关礼杰 / 傅明宪 / 钱嘉乐 / ,7.4
无悔追踪,https://img3.doubanio.com/view/movie_poster_cover/lpst/public/p2375019026.jpg,尹力,1995, 中国大陆,王志文 / 刘佩琦 / ,9.2
欢乐一家亲 第二季 Frasier Season 2,https://img1.doubanio.com/view/movie_poster_cover/lpst/public/p2389184957.jpg,,1995-01-03, 美国,凯尔希·格兰莫 / 简·丽芙丝 / 大卫·海德·皮尔斯 / 佩里·吉普林 / ,9.5
美国总统 The American President,https://img3.doubanio.com/view/movie_poster_cover/lpst/public/p2422858353.jpg,罗伯·莱纳,1995-11-17, 美国,迈克尔·道格拉斯 / 安妮特·贝宁 / 马丁·辛 / ,6.8
凶手就在门外 Copycat,https://img3.doubanio.com/view/movie_poster_cover/lpst/public/p1166506581.jpg,乔恩·阿米尔,1995-10-27, 美国,西格妮·韦弗 / 霍利·亨特 / 德蒙特·莫罗尼 / 威廉·麦克纳马拉 / 小哈里·康尼克 / J·E·弗里曼 / 威尔·帕顿 / 约翰·罗斯曼 / Shannon O'Hurley / Bob Greene / Tony Haney / Danny Kovacs / Tahmus Rounds / Scott DeVenney / ,6.8
神探飞机头2 Ace Ventura: When Nature Calls,https://img3.doubanio.com/view/movie_poster_cover/lpst/public/p2135598626.jpg,史蒂夫·欧德科克,1995-11-10, 美国,金·凯瑞 / 伊恩·麦克尼奇 / 西蒙·卡洛 / 梅纳德·埃济亚施 / ,7.0
杀人三步曲 Desperado,https://img3.doubanio.com/view/movie_poster_cover/lpst/public/p781912065.jpg,罗伯特·罗德里格兹,1995-08-25, 美国,安东尼奥·班德拉斯 / 萨尔玛·海耶克 / 乔昆姆·德·阿尔梅达 / 切奇·马林 / ,7.5
白气球 بادکنک سفيد,https://img3.doubanio.com/view/movie_poster_cover/lpst/public/p642741690.jpg,贾法·帕纳西,1995-09-09, 伊朗,Aida Mohammadkhani / Mohsen Kafili / ,8.2
欢迎光临娃娃屋 Welcome to the Dollhouse,https://img3.doubanio.com/view/movie_poster_cover/lpst/public/p2206806266.jpg,托德·索伦兹,1995-09-10, 美国,希瑟·玛塔拉佐 / Victoria Davis / Christina Brucato / ,8.0
小公主 A Little Princess,https://img3.doubanio.com/view/movie_poster_cover/lpst/public/p1237895796.jpg,阿方索·卡隆,1995-05-10(美国), 美国,,8.6
巧奔妙逃,https://img3.doubanio.com/view/movie_poster_cover/lpst/public/p2192307404.jpg,孙敏,1995, 中国大陆,黄宏 / 魏宗万 / ,7.7
捍卫机密 Johnny Mnemonic,https://img3.doubanio.com/view/movie_poster_cover/lpst/public/p824424890.jpg,Robert Longo,1995-04-15, 加拿大 / 美国,基努·里维斯 / 迪娜·迈耶 / ,6.1
半熟少年 Kids,https://img3.doubanio.com/view/movie_poster_cover/lpst/public/p2443561415.jpg,拉里·克拉克,1995-07-28, 美国,里奥·菲茨帕特里克 / 贾斯汀·皮尔斯 / ,7.0
中国龙 中國龍,https://img3.doubanio.com/view/movie_poster_cover/lpst/public/p2352179464.jpg,朱延平,1995, 香港,金城武 / 释小龙 / 郝劭文 / 叶全真 / 顾宝明 / ,6.7
撒哈拉 Sahara,https://img1.doubanio.com/view/movie_poster_cover/lpst/public/p2331621727.jpg,Brian Trenchard-Smith,1995-04-25, 澳大利亚 / 美国,James Belushi / 迈克尔·麦斯 / Alan David Lee / Simon Westaway / Mark Lee / 罗伯特·维斯多姆 / Julian Garner / ,7.9
未成年,https://img3.doubanio.com/view/movie_poster_cover/lpst/public/p2247037596.jpg,吉田健,1995-10-13(日本), 日本,石田壹成 / 香取慎吾 / 反町隆史 / 河相我闻 / 北原雅树 / 樱井幸子 / 谷原章介 / 滨崎步 / 远野凪子 / 西冈德马 / ,9.2
勇夺芳心 Dilwale Dulhania Le Jayenge,https://img1.doubanio.com/view/movie_poster_cover/lpst/public/p2332340548.jpg,Aditya Chopra,1995-10-20, 印度,沙鲁克·汗 / 卡卓儿 / ,8.0
法国女人 Une Femme Française,https://img3.doubanio.com/view/movie_poster_cover/lpst/public/p2167040136.jpg,Régis Wargnier,1995-03-15(法国), 英国 / 法国 / 德国,艾曼纽·贝阿 / 丹尼尔·奥图 / ,7.6
横冲直撞三兄弟 Les Trois Frères,https://img1.doubanio.com/lpic/s3550557.jpg,Bernard Campan,1995-12-13, 法国,Didier Bourdon / Bernard Campan / ,7.1
美少女战士SuperS 美少女戦士セーラームーンSuperS,https://img3.doubanio.com/view/movie_poster_cover/lpst/public/p1956735864.jpg,几原邦彦,1995-03-04(日本), 日本,三石琴乃 / 久川绫 / 富泽美智惠 / 篠原惠美 / 深见梨加 / 荒木香惠 / 石田彰 / ,8.5
鬼马小精灵 Casper,https://img3.doubanio.com/view/movie_poster_cover/lpst/public/p1283535862.jpg,布拉德·塞伯宁,1995-05-26(美国), 美国,克里斯蒂娜·里奇 / 艾瑞克·爱都 / 本·斯坦 / 比尔·普尔曼 / 昌西·莱奥普拉迪 / 戴文·萨瓦 Devon Sawa / ,8.1
小猪宝贝 Babe,https://img1.doubanio.com/view/movie_poster_cover/lpst/public/p832247768.jpg,克里斯·努安,1995-08-04, 澳大利亚 / 美国,Christine Cavanaugh / 米瑞安·玛格莱斯 / 詹姆斯·克伦威尔 / 雨果·维文 / ,8.0
恋爱编织梦 How to Make an American Quilt,https://img1.doubanio.com/view/movie_poster_cover/lpst/public/p1088515469.jpg,乔瑟琳·穆尔豪斯,1995-10-06(美国), 美国,薇诺娜·瑞德 / 艾伦·伯斯汀 / 安妮·班克罗夫特 / ,7.8
情迷维纳斯 Delta of Venus,https://img3.doubanio.com/lpic/s1487270.jpg,扎尔曼·金,1995-06-09, 美国,奥黛·英格兰 / 科斯塔斯·曼迪勒 / ,7.0
三轮车夫 Cyclo,https://img3.doubanio.com/view/movie_poster_cover/lpst/public/p2171890911.jpg,陈英雄,1995-09-27(法国), 越南 / 法国 / 香港,梁朝伟 / 黎文禄 / 陈女燕溪 / 阮如琼 / ,7.6
邮差,https://img3.doubanio.com/lpic/s1497912.jpg,何建军,1995-03-21, 中国,冯远征 / 濮存昕 / ,6.7
鼠胆龙威 鼠膽龍威,https://img1.doubanio.com/view/movie_poster_cover/lpst/public/p2241046568.jpg,王晶,1995-07-01(香港), 香港,李连杰 / 张学友 / 邱淑贞 / 曹查理 / 周比利 / 杨采妮 / 周嘉玲 / 午马 / 李力持 / 王霄 / ,7.0
黑骏马 黑駿馬,https://img3.doubanio.com/view/movie_poster_cover/lpst/public/p2193959153.jpg,谢飞,1997-04-02(美国), 香港 / 中国大陆,腾格尔 / ,7.7
极度恐慌 Outbreak,https://img1.doubanio.com/view/movie_poster_cover/lpst/public/p1899701679.jpg,沃尔夫冈·彼德森,"1995-03-06(加州韦斯特伍德首映),1995-03-10(美国)", 美国,达斯汀·霍夫曼 / 蕾妮·罗素 / 摩根·弗里曼 / 凯文·史派西 / 小库珀·古丁 / 唐纳德·萨瑟兰 / 帕特里克·德姆西 / 本尼托·马丁内斯 / 马利克·鲍恩斯 / 苏姗·李·霍夫曼 / Bruce Jarchow / 利兰·海沃德三世 / 丹尼尔·乔多斯 / 代尔·戴 / Kara Keough / Gina Menza / 扎克·默凯 / 莫瑞·史特林 / Michael Emanuel / ,7.6
时间裂缝 The Langoliers,https://img3.doubanio.com/view/movie_poster_cover/lpst/public/p2161415192.jpg,Tom Holland,1995-5-14, USA,帕特丽夏·温迪 / 大卫·摩斯 / ,7.4
红字 The Scarlet Letter,https://img1.doubanio.com/view/movie_poster_cover/lpst/public/p2158918129.jpg,罗兰·约菲,1995-10-13, 美国,黛米·摩尔 / 加里·奥德曼 / ,7.2
女儿红,https://img3.doubanio.com/view/movie_poster_cover/lpst/public/p2162080664.jpg,谢衍 (Xie Yang),1995-09-09, 香港,归亚蕾 / 顾美华 / ,7.7
救世神棍,https://img1.doubanio.com/view/movie_poster_cover/lpst/public/p2228904139.jpg,李志毅,1995-07-28, 香港,梁朝伟 / 陈小春 / 林保怡 / 莫文蔚 / 林晓峰 / 杜德伟 / 郑则仕 / 郑丹瑞 / 吴耀汉 / 陈豪 / 袁咏仪 / 邵音音 / ,6.5
大捷,https://img3.doubanio.com/view/movie_poster_cover/lpst/public/p2455595183.jpg,吴天戈,1995, 中国大陆,雷恪生 / 袁苑 / 赵胜胜 / 周国宾 / 宫晓瑄 / 赵君 / 解衍 / 谭增卫 / 毕远晋 / 俞建国 / 朱雷 / 吴斌烨 / 李斗 / 叶小铿 / 翁国钧 / 何麟 / 祁明远 / ,8.7
樱桃小丸子2 ちびまる子ちゃん2,https://img3.doubanio.com/lpic/s1796144.jpg,芝山努,1995-01-08(日本), 日本,美山加恋 / 鳕子 / 青野武 / 茶风林 / 柏仓敦 / 菊池正美 / 水谷优子 / 田野惠  / ,9.1
安然无恙 Safe,https://img3.doubanio.com/view/movie_poster_cover/lpst/public/p2200419421.jpg,托德·海因斯,1995-06-30(英国), 英国 / 美国,朱丽安·摩尔 / 山德·贝克利 / 迪恩·诺里斯 / 茱迪·马克尔 / 皮特·弗雷德曼 / 昌西·莱奥普拉迪 / Martha Velez / Allan Wasserman / ,7.0
马丁·斯科塞斯的美国电影之旅 A Personal Journey with Martin Scorsese Through American Movies,https://img3.doubanio.com/lpic/s1430890.jpg,马丁·斯科塞斯,1995-05-21, 美国 / 英国,,8.9
十二生肖,https://img3.doubanio.com/lpic/s24526014.jpg,沈如东,1995, 中国大陆,,8.5
跟我说爱我 愛していると言ってくれ,https://img3.doubanio.com/lpic/s2402110.jpg,生野慈朗,1995-07-07(日本), 日本,丰川悦司 / 常盘贵子 / 麻生祐未 / 矢田亚希子 / 冈田浩晖 / 铃木兰兰 / 盐见三省 / 余贵美子 / ,8.4
一级谋杀 Murder in the First,https://img1.doubanio.com/view/movie_poster_cover/lpst/public/p2199907428.jpg,马可·罗科,1995-01-20, 法国 / 美国,克里斯蒂安·史莱特 / 凯文·贝肯 / 加里·奥德曼 / 艾伯丝·戴维兹 / 威廉姆·H·梅西 / 斯蒂芬·托布罗斯基 / 布拉德·道里夫 / nm0000388 R. Lee Ermey / 米娅·科施娜 / Ben Slack / Stefan Gierasch / 凯拉·塞吉维克 / Alex Bookston / Richie Allan / ,8.6
极乐死亡 La petite mort,https://img3.doubanio.com/view/movie_poster_cover/lpst/public/p2243413872.jpg,弗朗索瓦·欧容,, 法国,François Delaive / Camille Japy / Martial Jacques / ,7.4
香帅传奇 香帥傳奇,https://img1.doubanio.com/view/movie_poster_cover/lpst/public/p2374987208.jpg,范秀明,1995-04-03(台湾), 台湾,郑少秋 / 杨丽菁 / 夏光莉 / 沈孟生 / 康凯 / 林美贞 / ,7.7
致命快感 The Quick and the Dead,https://img3.doubanio.com/view/movie_poster_cover/lpst/public/p591190284.jpg,山姆·雷米,1995-02-10(美国), 美国 / 日本,莎朗·斯通 / 罗素·克劳 / 吉恩·哈克曼 / ,6.5
安东尼娅家族 Antonia's Line,https://img3.doubanio.com/view/movie_poster_cover/lpst/public/p544715774.jpg,玛琳·格里斯,"1995-09-12(多伦多电影节),1995-09-20(荷兰)", 荷兰 / 比利时 / 英国,维力奇·范·阿麦莱 / 埃尔斯·多特曼斯 / 多拉·范·德·格伦 / 珂洛丽·斯普尔 / 简·德克莱尔 / Elsie de Brauw / Reinout Bussemaker / 玛丽娜·德·格拉夫 / Jan Steen / Catherine ten Bruggencate / ,8.3
洗澡堂老板家的男人们 목욕탕집 남자들,https://img3.doubanio.com/lpic/s2660796.jpg,郑乙永,1995-11-18(韩国), 韩国,金喜善 / 李顺载 / 姜富子 / 张勇 / 高斗心 / 尹汝贞 / 裴宗玉 / 陶智媛 / 南成勋 Seong-hun Nam / 杨喜京 / ,8.8
大地之子 大地の子,https://img1.doubanio.com/view/movie_poster_cover/lpst/public/p2103433457.jpg,松岡孝治,1995-11-11(日本), 中国大陆 / 日本,上川隆也 / 仲代达矢 / 朱旭 / 蒋雯丽 / 吕中 / 永井真理子 / 田中好子 / ,9.0
不惜一切 To Die For,https://img3.doubanio.com/view/movie_poster_cover/lpst/public/p1620208902.jpg,格斯·范·桑特,1995-10-06, 英国 / 法国,妮可·基德曼 / 马特·狄龙 / 杰昆·菲尼克斯 / 卡西·阿弗莱克 / ,6.7
屋顶上的轻骑兵 Le hussard sur le toit,https://img1.doubanio.com/view/movie_poster_cover/lpst/public/p2238214078.jpg,让-保罗·拉佩纽,"1995-09-20(法国),1995-10-06(美国)", 法国,朱丽叶·比诺什 / 奥利维·马丁内兹 / 皮埃尔·阿迪提 / 弗朗索瓦·克鲁塞 / 让·雅南 / 克劳迪奥·阿门多拉 / 伊莎贝尔·卡雷 / Carlo Cecchi / Christiane Cohendy / Jacques Sereys / Nathalie Krebs / Laura Marinoni / Elisabeth Margoni / 友兰达·梦露 / Christophe Odent / 埃尔韦·皮埃尔 / 达尼埃尔·鲁索 / 理查德·塞梅尔 / Jean-Marie Winling / ,7.9
马克斯之山 マークスの山,https://img1.doubanio.com/view/movie_poster_cover/lpst/public/p2097419228.jpg,崔洋一,1995-04-22(日本), 日本,中井贵一 / 萩原圣人 / ,7.2
教室别恋 Lust och fägring stor,https://img1.doubanio.com/view/movie_poster_cover/lpst/public/p700204158.jpg,波·维德伯格,"1995-11-03(瑞典),1996-01-19(丹麦)", 瑞典 / 丹麦,约翰·威德伯格 / 托马茨·兰斯米尔 / 尼娜·贡克 / 马莉卡·拉格尔克朗斯 / 伯恩·谢尔曼 / ,7.1
开麦拉狂想曲 Living in Oblivion,https://img3.doubanio.com/view/movie_poster_cover/lpst/public/p2181483321.jpg,汤姆·迪西罗,1995-07-21(美国), 美国,史蒂夫·布西密 / 德蒙特·莫罗尼 / ,8.3
摇啊摇，摇到外婆桥,https://img3.doubanio.com/view/movie_poster_cover/lpst/public/p900366235.jpg,张艺谋,1995-09-14, 中国大陆 / 法国,巩俐 / 李保田 / 李雪健 / 孙淳 / 傅彪 / 陈述 / 刘江  / 蒋宝英 / 王啸晓 / 杨倩倩 / 高英 / ,7.1
末世纪暴潮 Strange Days,https://img1.doubanio.com/view/movie_poster_cover/lpst/public/p738785258.jpg,凯瑟琳·毕格罗,1995-10-13, 美国,拉尔夫·费因斯 / 安吉拉·贝塞特 / 朱丽叶特·刘易斯 / 汤姆·塞兹摩尔 / ,7.2
红樱桃,https://img3.doubanio.com/view/movie_poster_cover/lpst/public/p2188044114.jpg,叶大鹰,"1995-10(上海电影节),1996-11-01(香港)", 中国大陆,郭柯宇 / 徐啸力 / ,7.5
怒火青春 La haine,https://img1.doubanio.com/view/movie_poster_cover/lpst/public/p2211482819.jpg,马修·卡索维茨,1995-05-31, 法国,文森特·卡索 / 哈勃·孔黛 / ,8.2
不思议游戏 ふしぎ遊戯,https://img3.doubanio.com/view/movie_poster_cover/lpst/public/p2326503456.jpg,龟垣一,1995-04-06, 日本,荒木香惠 / 冬马由美 / 绿川光 / 子安武人 / ,8.0
人约巴黎 Les rendez-vous de Paris,https://img1.doubanio.com/view/movie_poster_cover/lpst/public/p1714538598.jpg,埃里克·侯麦,1995-03-22, 法国,Clara Bellar / Antoine Basler / ,7.8
绝地战警 Bad Boys,https://img1.doubanio.com/view/movie_poster_cover/lpst/public/p686545748.jpg,迈克尔·贝,1995-04-07, 美国,马丁·劳伦斯 / 威尔·史密斯 / 特里萨·兰德尔 / ,7.4
没有老公的日子 沒有老公的日子,https://img1.doubanio.com/view/movie_poster_cover/lpst/public/p2375793629.jpg,陈勋奇,1995-06-16, 香港,袁咏仪 / 何超仪 / 叶德娴 / 张智霖 / ,6.6
悲情布鲁克,https://img3.doubanio.com/lpic/s1691876.jpg,塞夫,, 中国大陆,涂们 / 董娉 / 巴音 / 契那日图 / ,7.6
超级无敌掌门狗：剃刀边缘 Wallace & Gromit: A Close Shave,https://img1.doubanio.com/lpic/s1314987.jpg,尼克·帕克,1995-12-24(英国), 英国,彼得·萨利斯 / ,8.8
霹雳火 霹靂火,https://img1.doubanio.com/view/movie_poster_cover/lpst/public/p1974113927.jpg,陈嘉上,1995-08-05(香港), 香港,成龙 / 袁咏仪 / 王敏德  / 黄子华 / Thorsten Nickel / 文颂娴 / 加山维三 / 泽田谦也 / 楚原 / 元奎 / ,6.7
闪电奇迹 Powder,https://img1.doubanio.com/view/movie_poster_cover/lpst/public/p1682936467.jpg,维克多·萨尔瓦,1995-10-27, 美国,玛丽·斯汀伯根 / 肖恩·派特里克·弗兰纳里 / 兰斯·亨利克森 / 杰夫·高布伦 / ,8.2
小山回家,https://img3.doubanio.com/view/movie_poster_cover/lpst/public/p2170416750.jpg,贾樟柯,1995, 中国大陆,王宏伟 / 周小敏 / 朱立芹 / ,7.2
烟 Smoke,https://img3.doubanio.com/view/movie_poster_cover/lpst/public/p847878651.jpg,王颖,1995-06-09, 德国 / 美国 / 日本,哈威·凯特尔 / 威廉·赫特 / ,8.3
金田一少年事件簿1 金田一少年の事件簿 第1シリーズ,https://img3.doubanio.com/view/movie_poster_cover/lpst/public/p460466636.jpg,堤幸彦,1995-07-15(日本), 日本,堂本刚 / 友坂理惠 / 古尾谷雅人 / 中山亚微梨 / 立川政市 / 三浦理惠子 / 茂吕师冈 / 洼冢洋介 / 山下真司 / 内野圣阳 / ,8.9
新乌龙院2无敌反斗星,https://img1.doubanio.com/view/movie_poster_cover/lpst/public/p2182706948.jpg,朱延平 (Yin-Ping Chu),1995, 台湾 / 香港,郝劭文 / 释小龙 / ,7.3
十二生肖守护神 十二戦支 爆裂エトレンジャー,https://img3.doubanio.com/lpic/s4654055.jpg,池田仁男,1995-04-07(日本), 日本,坂本千夏 / 森川智之 / 星野充昭 / 冰上恭子 / 山野井仁 / 纳谷六朗 / 长嶝高士 / 宫村优子 / 亀井芳子 / 川村万梨阿 / ,8.6
怪盗圣少女 怪盗セイント・テール,https://img1.doubanio.com/lpic/s4641569.jpg,锅岛修,1995-10-12(日本), 日本,樱井智 / 冈野浩介 / 井上喜久子 / 永島由子 / 森川智之 / 井上和彦 / ,7.8
不道德的礼物 不道德的禮物,https://img3.doubanio.com/lpic/s1880984.jpg,叶伟民,1995-11-18(香港), 香港,邱淑贞 / 郑伊健 / 王敏德  / 李蕙敏 / 江华 / 陈辉虹 / ,6.0
呆佬拜寿,https://img1.doubanio.com/view/movie_poster_cover/lpst/public/p2167150137.jpg,谷德昭,1995-09-28, 香港,刘青云 / 吴倩莲 / 黄子华 / 乔宏 / 元华 / 林晓峰 / 白嘉倩 / ,7.4
植物私生活 The Private Life of Plants,https://img3.doubanio.com/lpic/s1789860.jpg,Neil Lucas,1995-01-05, 英国,,9.5
007之黄金眼 GoldenEye,https://img3.doubanio.com/view/movie_poster_cover/lpst/public/p1720407604.jpg,马丁·坎贝尔,1995-11-17, 英国 / 美国,皮尔斯·布鲁斯南 / 肖恩·宾 / 伊沙贝拉·斯科鲁普科 / 法米克·詹森 / 乔·唐·巴克 / 朱迪·丹奇 / 罗彼·考特拉尼 / 高夫莱德·约翰 / 艾伦·卡明 / 切基·卡尤 / 戴斯蒙德·莱维林 / 萨曼莎·邦德 / 迈克尔·基臣 / ,7.5
十兄弟,https://img3.doubanio.com/view/movie_poster_cover/lpst/public/p2188760580.jpg,李力持,1995-12-23(香港), 香港,张敏 / 钟镇涛 / 释小龙 / 郝劭文 / 罗家英 / ,6.6
一地鸡毛,https://img3.doubanio.com/view/movie_poster_cover/lpst/public/p2374798372.jpg,冯小刚,1995-01-01(中国大陆), 中国大陆,陈道明 / 徐帆 / 修宗迪 / 张瞳 / 周国治 / 徐秀林 / 钟萍 / 葛存壮 / 施文心 / 于飞 / ,8.6
童梦失魂夜 La cité des enfants perdus,https://img3.doubanio.com/view/movie_poster_cover/lpst/public/p660534785.jpg,马克·卡罗,1995-05-17, 法国 / 德国 / 西班牙,朗·普尔曼 / 丹尼尔·埃米尔福克 / 嘉蒂斯·维泰特 / ,8.0
欢乐一家亲 第三季 Frasier Season 3,https://img1.doubanio.com/view/movie_poster_cover/lpst/public/p2389186437.jpg,,1995-09-19, 美国,凯尔希·格兰莫 / 简·丽芙丝 / 大卫·海德·皮尔斯 / 佩里·吉普林 / ,9.5
僵尸道长 僵屍道長,https://img3.doubanio.com/view/movie_poster_cover/lpst/public/p1195184546.jpg,林正英,1995-10-16, 香港,林正英 / 商天娥 / 林文龙 / 苑琼丹 / 徐少强 / 冼灏英 / 容锦昌 / 文颂娴 / 谭炳文 / ,8.1
大风车,https://img1.doubanio.com/view/movie_poster_cover/lpst/public/p2229194028.jpg,,1995-06-01(中国大陆), 中国大陆,鞠萍 / 董浩 / 刘纯燕 / ,8.5
大炮之街,https://img3.doubanio.com/view/movie_poster_cover/lpst/public/p2411645494.jpg,大友克洋,, 日本,,8.0
最臭兵器,https://img3.doubanio.com/view/movie_poster_cover/lpst/public/p2402967736.jpg,冈村天斋,1995-02-23(日本), 日本,崛秀行 / 羽佐间道夫 / ,7.8
死囚漫步 Dead Man Walking,https://img3.doubanio.com/view/movie_poster_cover/lpst/public/p1305391776.jpg,蒂姆·罗宾斯,1995-12-29, 英国 / 美国,苏珊·萨兰登 / 西恩·潘 / 罗伯特·普罗斯基 / 雷蒙德·J·巴里 / 李·厄米 / 彼得·萨斯加德 / ,8.0
非常嫌疑犯 The Usual Suspects,https://img3.doubanio.com/view/movie_poster_cover/lpst/public/p470383576.jpg,布莱恩·辛格,"1995-01-25(圣丹斯电影节),1995-09-15(美国)", 德国 / 美国,史蒂芬·鲍德温 / 加布里埃尔·伯恩 / 本尼西奥·德尔·托罗 / 凯文·波拉克 / 凯文·史派西 / 查兹·帕尔明特瑞 / 皮特·波斯尔思韦特 / 苏茜·爱米斯 / 吉安卡罗·埃斯波西托 / 丹·哈达亚 / 保罗·巴特尔 / 卡尔·布瑞斯勒 / 菲力浦·西蒙 / 杰克·希勒 / ,8.6
二见钟情 While You Were Sleeping,https://img3.doubanio.com/view/movie_poster_cover/lpst/public/p863459595.jpg,乔·德特杜巴,1995-04-21(美国), 美国,桑德拉·布洛克 / 比尔·普尔曼 / 彼得·盖勒 / 彼得·博伊尔 / 杰克·瓦尔登 / 格莱妮丝·约翰斯 / 迈克尔·瑞斯玻利 / 艾利·沃克 / 莫尼卡·凯娜 / 迪克·库萨克 / Micole Mercurio / Jason Bernard / ,7.7
离开拉斯维加斯 Leaving Las Vegas,https://img3.doubanio.com/view/movie_poster_cover/lpst/public/p1212047212.jpg,迈克·菲吉斯,1995-10-27, 美国 / 法国 / 英国,尼古拉斯·凯奇 / 伊丽莎白·苏 / 朱利安·山德斯 / 理查德·刘易斯 / ,8.1
边缘日记 The Basketball Diaries,https://img3.doubanio.com/view/movie_poster_cover/lpst/public/p737108256.jpg,斯科特·卡尔维特,1995-04-21, 美国,莱昂纳多·迪卡普里奥 / 洛南·布雷科 / 玛丽琳·索科尔 / 詹姆斯·马迪欧 / 帕特里克·麦克高 / 马克·沃尔伯格 / Roy Cooper / 维森特·帕斯托雷 / 布鲁诺·柯比 / Jimmy Papiris / Nick Gaetani / 亚历山大·卓别林 / Ben Jorgensen / Josh Mostel / ,8.0
四个房间 Four Rooms,https://img3.doubanio.com/view/movie_poster_cover/lpst/public/p948748740.jpg,阿利森·安德斯,1995-12-25, 美国,安东尼奥·班德拉斯 / 萨尔玛·海耶克 / 麦当娜 / 昆汀·塔伦蒂诺 / 布鲁斯·威利斯 / 蒂姆·罗斯 / 詹妮弗·比尔斯 / 富田谭玲 / ,7.2
花月佳期,https://img3.doubanio.com/view/movie_poster_cover/lpst/public/p890556072.jpg,徐克,1995-04-13, 香港,吴奇隆 / 杨采妮 / 葛民辉 / 张庭 / 何家驹 / 刘洵 / 黎彼得 / ,7.8
周末情人,https://img3.doubanio.com/view/movie_poster_cover/lpst/public/p2169004601.jpg,娄烨,1995, 中国大陆,王志文 / 马晓晴 / 贾宏声 / 耐安  / ,6.8
红潮风暴 Crimson Tide,https://img3.doubanio.com/view/movie_poster_cover/lpst/public/p1273032312.jpg,托尼·斯科特,1995-05-12, 美国,丹泽尔·华盛顿 / 吉恩·哈克曼 / 马特·克拉文 / 乔治·杜兹达扎 / ,7.8
金玉满堂 金玉滿堂,https://img3.doubanio.com/view/movie_poster_cover/lpst/public/p2358564763.jpg,徐克,1995-01-28(香港), 香港,张国荣 / 袁咏仪 / 钟镇涛 / 赵文卓 / 罗家英 / 熊欣欣 / 樊亦敏 / 倪淑君 / ,7.9
离魂异客 Dead Man,https://img1.doubanio.com/view/movie_poster_cover/lpst/public/p2155134187.jpg,吉姆·贾木许,1995-05-26, 美国 / 德国 / 日本,约翰尼·德普 / 加利·法梅尔 / 克里斯平·格洛弗 / 兰斯·亨利克森 / ,8.1
永远的蝙蝠侠 Batman Forever,https://img3.doubanio.com/view/movie_poster_cover/lpst/public/p2410156576.jpg,乔·舒马赫,1995-06-16, 美国 / 英国,方·基默 / 汤米·李·琼斯 / 金·凯瑞 / 妮可·基德曼 / 克里斯·奥唐纳 / ,6.5
冷酷祭典 La cérémonie,https://img3.doubanio.com/view/movie_poster_cover/lpst/public/p2010197710.jpg,克劳德·夏布洛尔,1995-08-30, 法国 / 德国,伊莎贝尔·于佩尔 / 桑德里娜·伯奈尔 / 让-皮埃尔·卡塞尔 / 杰奎琳·比塞特 / ,8.0
非强力春药 Mighty Aphrodite,https://img3.doubanio.com/view/movie_poster_cover/lpst/public/p1196765064.jpg,伍迪·艾伦,1995-10-27, 美国,伍迪·艾伦 / 米拉·索维诺 / 海伦娜·伯翰·卡特 / ,7.6
臭屁王 蠟筆小小生,https://img3.doubanio.com/lpic/s1428845.jpg,朱延平,1995-05-21, 香港 / 台湾,郝劭文 / 吴孟达 / 朱茵 / ,7.3
赌城风云 Casino,https://img1.doubanio.com/view/movie_poster_cover/lpst/public/p2165152819.jpg,马丁·斯科塞斯,1995-11-22, 美国 / 法国,罗伯特·德尼罗 / 莎朗·斯通 / 乔·佩西 / 詹姆斯·伍兹 / ,8.2
赌圣2：街头赌圣 賭聖2街頭賭聖,https://img3.doubanio.com/view/movie_poster_cover/lpst/public/p2327669150.jpg,王晶,1995-06-28, 香港,葛民辉 / 邱淑贞 / 吴孟达 / 释小龙 / 林国斌 / 彭丹 / 成奎安 / 甄子丹 / 陈百祥 / 文隽 / 元奎 / ,5.8
虎胆龙威3 Die Hard: With a Vengeance,https://img3.doubanio.com/view/movie_poster_cover/lpst/public/p1617435860.jpg,约翰·麦克蒂尔南,1995-05-19, 美国,布鲁斯·威利斯 / 杰瑞米·艾恩斯 / 塞缪尔·杰克逊 / 格雷厄姆·格林 / ,7.8
刑事侦缉档案 刑事偵緝檔案,https://img1.doubanio.com/view/movie_poster_cover/lpst/public/p2393630407.jpg,黄伟声,1995-03-13, 香港,陶大宇 / 郭可盈 / 张延 / 苏玉华 / 梁荣忠 / 陈美琪 / 陈启泰 / 林漪娸 / 楼南光 / ,8.5
性爱狂想曲 みんな～やってるか!,https://img1.doubanio.com/view/movie_poster_cover/lpst/public/p2378326787.jpg,北野武,1995-02-11(日本), 日本,Akiji Kobayashi / 北野武 / 邓肯 / ,7.2
武则天,https://img3.doubanio.com/lpic/s2652262.jpg,陈家林,, 中国大陆,刘晓庆 / 陈宝国 / ,7.6
云中漫步 A Walk in the Clouds,https://img3.doubanio.com/view/movie_poster_cover/lpst/public/p1065241733.jpg,阿方索·阿雷奥,1995-08-11, 美国 / 墨西哥,基努·里维斯 / 埃塔娜·桑切斯-吉永 / 安东尼·奎恩 / ,7.8
攻壳机动队 攻殻機動隊,https://img3.doubanio.com/view/movie_poster_cover/lpst/public/p1910922395.jpg,押井守,1995-11-18(日本), 日本,田中敦子 / 大塚明夫 / 山寺宏一 / 大木民夫 / 家弓家正 / 玄田哲章 / 山内雅人 / ,8.9
鳄鱼波鞋走天涯 The Cure,https://img3.doubanio.com/view/movie_poster_cover/lpst/public/p2188484411.jpg,彼得·霍顿,1995-04-21, 美国,布拉德·兰弗洛 / 约瑟夫·梅泽罗 / 安娜贝拉·莎拉 / 戴安娜·斯卡尔维德 / Aeryk Egan / ,9.1
大话西游之大圣娶亲 西遊記大結局之仙履奇緣,https://img3.doubanio.com/view/movie_poster_cover/lpst/public/p2455050536.jpg,刘镇伟,"2017-04-13(中国大陆重映),2014-10-24(中国大陆),1995-02-04(香港)", 香港 / 中国大陆,周星驰 / 吴孟达 / 朱茵 / 蔡少芬 / 蓝洁瑛 / 莫文蔚 / 罗家英 / 刘镇伟 / 陆树铭 / ,9.2
我的神秘之花 La flor de mi secreto,https://img3.doubanio.com/view/movie_poster_cover/lpst/public/p1958676544.jpg,佩德罗·阿莫多瓦,1995-09-22(西班牙), 西班牙 / 法国,玛丽莎·佩雷德斯 / 胡安·查诺华 / 卡勒梅·艾利亚斯 / 萝西·德·帕尔马 / 达兹·莱姆波瑞娃 / 琪蒂·曼维尔 / 华金·柯特斯 / 马纽埃尔·巴尔加斯 / 伊马诺尔·阿里亚斯 / 格洛里亚·穆诺兹 / 胡安·乔斯·奥特圭 / 南乔·诺沃 / 詹迪·莫拉 / 艾丽西娅·阿吉特 / ,7.8
情书 Love Letter,https://img1.doubanio.com/view/movie_poster_cover/lpst/public/p449897379.jpg,岩井俊二,1995-03-25(日本), 日本,中山美穗 / 丰川悦司 / 酒井美纪 / 柏原崇 / 范文雀 / 篠原胜之 / 光石研 / 小栗香织 / 酒井敏也 / 铃木庆一 / 田口智朗 / 神户浩 / 加贺麻理子 / 中村久美 / 盐见三省 / ,8.8
热带鱼 熱帶魚,https://img1.doubanio.com/view/movie_poster_cover/lpst/public/p1148607609.jpg,陈玉勋,1995-08-01(台湾), 台湾,林嘉宏 / 文英 / 林正盛 / 连碧东 / 席敬伦 / 黄美文 / 陈金财 / 郎祖筠 / 阿匹婆 / 陈慕义 / 林照雄 / ,8.5
幻之光 幻の光,https://img3.doubanio.com/view/movie_poster_cover/lpst/public/p2186795930.jpg,是枝裕和,1995-12-09(日本), 日本,江角真纪子 / 内藤刚志 / 浅野忠信 / 木内绿 / 柄本明 / ,8.3
七宗罪 Se7en,https://img3.doubanio.com/view/movie_poster_cover/lpst/public/p457631605.jpg,大卫·芬奇,1995-09-22(美国), 美国,摩根·弗里曼 / 布拉德·皮特 / 凯文·史派西 / 格温妮斯·帕特洛 / 安德鲁·凯文·沃克 / 约翰·卡西尼 / 雷格·E.凯蒂 / ,8.7
海尔兄弟,https://img3.doubanio.com/lpic/s2602232.jpg,刘左锋,, 中国大陆,唐亚男 / 王江 / 张美娟 / 房露 / 张华 / 王羊 / 滕腾 / 车晓彤 / 邹赫威 / ,8.0
廊桥遗梦 The Bridges of Madison County,https://img1.doubanio.com/view/movie_poster_cover/lpst/public/p2190558219.jpg,克林特·伊斯特伍德,1995-06-02(美国), 美国,克林特·伊斯特伍德 / 梅丽尔·斯特里普 / 安妮·科利 / 维克多·斯勒扎克 / 吉姆·海尼 / 莎拉·凯瑟琳·施密特 / 克里斯托·弗克朗 / 菲利斯·里昂斯 / ,8.5
爱在黎明破晓前 Before Sunrise,https://img3.doubanio.com/view/movie_poster_cover/lpst/public/p1486234122.jpg,理查德·林克莱特,1995-01-27(美国), 美国 / 奥地利 / 瑞士,伊桑·霍克 / 朱莉·德尔佩 / 安德莉亚·埃克特 / 汉诺·波西尔 / ,8.7
大话西游之月光宝盒 西遊記第壹佰零壹回之月光寶盒,https://img3.doubanio.com/view/movie_poster_cover/lpst/public/p1280323646.jpg,刘镇伟,"2014-10-24(中国大陆),1995-01-21(香港)", 香港 / 中国大陆,周星驰 / 吴孟达 / 罗家英 / 蓝洁瑛 / 莫文蔚 / 江约诚 / 陆树铭 / 刘镇伟 / 朱茵 / ,8.9
