电影名,海报链接,导演,时间,地区,演员,评分
英国病人 The English Patient,https://img3.doubanio.com/view/movie_poster_cover/lpst/public/p2408623752.jpg,安东尼·明格拉,"1996-12-06(美国),1997-03-14(英国)", 美国 / 英国,拉尔夫·费因斯 / 克里斯汀·斯科特·托马斯 / 朱丽叶·比诺什 / 威廉·达福 / 科林·费尔斯 / ,8.4
麻将,https://img3.doubanio.com/view/movie_poster_cover/lpst/public/p2327303475.jpg,杨德昌,1996-12-07, 台湾,柯宇纶 / 张震 / 林海象 / 唐从圣 / 维吉妮·拉朵嫣 / 金燕玲 / 王启赞 / 吴念真 / 尼克·埃里克森 / 柯一正 / 王柏森 / 张国柱 / ,8.5
冰血暴 Fargo,https://img1.doubanio.com/view/movie_poster_cover/lpst/public/p2178583078.jpg,乔尔·科恩,1996-03-08(美国), 美国 / 英国,威廉姆·H·梅西 / 史蒂夫·布西密 / 彼得·斯特曼 / 弗兰西斯·麦克多蒙德 / 哈威·普雷斯内尔 / 梅莉莎·彼得曼 / 史蒂夫·里维斯 / 拉里·布兰登伯格 / 约翰·卡洛·林奇 / ,7.9
梦旅人 PicNic,https://img3.doubanio.com/view/movie_poster_cover/lpst/public/p481965652.jpg,岩井俊二,1996-06-15(日本), 日本,恰拉 / 浅野忠信 / 橋爪 浩一 / 六平直政 / ,8.3
金枝玉叶2 金枝玉葉2,https://img3.doubanio.com/view/movie_poster_cover/lpst/public/p2233871905.jpg,陈可辛,1996-08-15, 香港,张国荣 / 梅艳芳 / 袁咏仪 / 陈小春 / 李绮虹 / 曾志伟 / 刘嘉玲 / 陈豪 / 周华健 / 许志安 / ,7.8
碟中谍 Mission: Impossible,https://img3.doubanio.com/view/movie_poster_cover/lpst/public/p1660124103.jpg,布莱恩·德·帕尔玛,1996-05-22(美国), 美国,汤姆·克鲁斯 / 强·沃特 / 让·雷诺 / 艾曼纽·贝阿 / ,7.9
风月,https://img3.doubanio.com/view/movie_poster_cover/lpst/public/p2346776403.jpg,陈凯歌,1996-05-09, 香港 / 中国,张国荣 / 巩俐 / 林建华 / 何赛飞 / 任雷 / 林连昆 / 葛香亭 / 吴大维 / 张世 / 谢添 / 周野芒 / ,7.4
猜火车 Trainspotting,https://img1.doubanio.com/view/movie_poster_cover/lpst/public/p513567548.jpg,丹尼·博伊尔,1996-02-23(英国), 英国,伊万·麦克格雷格 / 艾文·布莱纳 / 约翰尼·李·米勒 / 凯文·麦克基德 / 罗伯特·卡莱尔 / 凯莉·麦克唐纳 / 埃文·威尔什 / ,8.5
勇闯夺命岛 The Rock,https://img3.doubanio.com/view/movie_poster_cover/lpst/public/p636048104.jpg,迈克尔·贝,1996-06-07(美国), 美国,肖恩·康纳利 / 尼古拉斯·凯奇 / 艾德·哈里斯 / 约翰·斯宾塞 / 大卫·摩斯 / 威廉·弗西斯 / 迈克尔·比恩 / 瓦内萨·马赛尔 / 约翰·C·麦金雷 / 托尼·托德 / 博基姆·伍德拜因 / 格雷格·科林斯 / Brendan Kelly / 史蒂夫·哈里斯 / ,8.5
独立日 Independence Day,https://img3.doubanio.com/view/movie_poster_cover/lpst/public/p453518655.jpg,罗兰·艾默里奇,"1996-07-02(加拿大),1996-07-03(美国)", 美国,威尔·史密斯 / 比尔·普尔曼 / 杰夫·高布伦 / 玛丽·麦克唐纳 / 贾德·赫希 / 罗伯特·劳吉亚 / 兰迪·奎德 / 玛格丽特·柯林 / 薇薇卡·福克斯 / 詹姆斯·瑞布霍恩 / 哈维·费斯特恩 / 亚当·鲍德温 / 布伦特·斯皮内 / 詹姆斯·杜瓦尔 / 莉萨·雅克布 / 杰赛普·安德鲁斯 / Ross Bagley / 比尔·斯米托洛维奇 / 梅·惠特曼 / 小哈里·康尼克 / 绮尔斯腾·瓦伦 / John Storey / Frank Novak / 德文·古梅尔萨尔 / ,7.9
黑侠,https://img1.doubanio.com/view/movie_poster_cover/lpst/public/p2291472949.jpg,李仁港,1996-11-09, 香港,李连杰 / 刘青云 / 莫文蔚 / 叶芳华 / 黄秋生 / 龙刚 / 陈豪 / 熊欣欣 / ,6.7
愈爱愈美丽 Beautiful Thing,https://img1.doubanio.com/view/movie_poster_cover/lpst/public/p2343958267.jpg,希提·麦克唐纳,1996-06-21, 英国,梅拉·沙尔 / Martin Walsh / Steven M. Martin / Andrew Fraser / John Savage / 斯考特·尼尔 / 格伦·贝里 / Julie Smith / Linda Henry / Jeillo Edwards / Tameka Empson / Anna Karen / Garry Cooper / 本·丹尼尔斯 / ,8.2
新上海滩 新上海灘,https://img3.doubanio.com/view/movie_poster_cover/lpst/public/p779017072.jpg,潘文杰,1996-07-13, 香港,张国荣 / 刘德华 / 宁静 / 李蕙敏 / 吴兴国 / 刘洵 / 黄佩霞 / 李健仁 / ,7.5
食神,https://img1.doubanio.com/view/movie_poster_cover/lpst/public/p2208185679.jpg,李力持,1996-12-21(香港), 香港,周星驰 / 莫文蔚 / 刘以达 / 吴孟达 / 薛家燕 / 谷德昭 / 李兆基 / 江希文 / 田启文 / 欧锦棠 / 罗家英 / 钟丽缇 / ,7.7
非对称情爱 Parfait amour!,https://img3.doubanio.com/lpic/s3136276.jpg,卡特琳·布雷亚,1996-10-23(法国), 法国,伊莎贝拉·雷纳德 / 法朗西斯·瑞纳德 / ,6.6
一级恐惧 Primal Fear,https://img1.doubanio.com/view/movie_poster_cover/lpst/public/p1150407027.jpg,格里高利·霍布里特,1996-04-03(美国), 美国,理查·基尔 / 劳拉·琳妮 / 约翰·马奥尼 / 阿尔法·伍达德 / 弗兰西斯·麦克多蒙德 / 爱德华·诺顿 / 特瑞·欧奎恩 / 安德鲁·布劳尔 / 斯蒂文·鲍尔 / 乔·斯帕诺 / 托尼·普拉纳 / 斯坦利·安德森 / 毛拉·蒂尔内 / 乔恩·塞达 / ,8.4
龙在少林 龍在少林,https://img3.doubanio.com/view/movie_poster_cover/lpst/public/p2288293732.jpg,朱延平,1996-03-14(香港), 香港 / 台湾,释小龙 / 元彪 / 郝劭文 / 徐若瑄 / 徐锦江 / 罗家英 / 惠英红 / 刘洵 / ,6.7
坏孩子的天空 キッズ・リターン,https://img3.doubanio.com/view/movie_poster_cover/lpst/public/p2197513152.jpg,北野武,1996-07-27, 日本,金子贤 / 安藤政信 / 石桥凌 / 森本治行 / 寺岛进 / 茂吕师冈 / 津田宽治 / 大杉涟 / 平泉成 / ,8.4
人间色相,https://img3.doubanio.com/view/movie_poster_cover/lpst/public/p1915313435.jpg,张志成,1996, 香港,黄子华 / 张达明 / 蔡少芬 / 江希文 / 孙佳君 / 谷德昭 / 李力持 / ,7.4
甜蜜蜜,https://img3.doubanio.com/view/movie_poster_cover/lpst/public/p2223011274.jpg,陈可辛,"2015-02-13(中国大陆),1996-11-02(香港)", 香港,黎明 / 张曼玉 / 杨恭如 / 曾志伟 / 杜可风 / 张同祖 / 诸慧荷 / ,8.7
简爱 Jane Eyre,https://img3.doubanio.com/view/movie_poster_cover/lpst/public/p1590450816.jpg,佛朗哥·泽菲雷里,1996-09-05, 法国 / 意大利 / 英国 / 美国,William Hurt ....  Rochester / ,7.9
当记忆失去了 記憶が失われた時,https://img3.doubanio.com/lpic/s1812795.jpg,是枝裕和,2006-10-07, 日本,是枝裕和 / ,8.2
罗密欧与朱丽叶 Romeo + Juliet,https://img1.doubanio.com/view/movie_poster_cover/lpst/public/p1663002649.jpg,巴兹·鲁赫曼,1996-11-01(美国), 美国,莱昂纳多·迪卡普里奥 / 克莱尔·丹妮丝 / 约翰·雷吉扎莫 / 哈罗德·佩里诺 / 皮特·波斯尔思韦特 / 保罗·索维诺 / 布莱恩·丹内利 / 保罗·路德 / 沃迪·科蒂斯·霍尔 / 米瑞安·玛格莱斯 / 杰西·布拉德福特 / M·埃梅特·沃尔什 / 詹克·欧思 / 杰米·肯尼迪 / 达什·米霍克 / 维森特·拉雷斯卡 / 卡洛斯·曼佐 / 克里斯蒂娜·皮克勒斯 /  戴安·维诺拉 / 佩德罗·阿尔塔米拉诺 / 约翰·斯特里尼 / 哈里特·桑塞姆·哈里斯 / Michael Corbett / 埃德温娜·摩尔 / Quindon Tarver / ,7.2
逮捕令 第一季 逮捕しちゃうぞ,https://img3.doubanio.com/lpic/s2572970.jpg,古桥一浩,1996-10-05(日本), 日本,平松晶子 / 玉川纱己子 / Juliet Cesario / ,8.3
燕尾蝶 スワロウテイル,https://img3.doubanio.com/view/movie_poster_cover/lpst/public/p532195562.jpg,岩井俊二,1996-09-14(日本), 日本,三上博史 / 恰拉 / 伊藤步 / 江口洋介 / 许志安 / 渡部笃郎 / 山口智子 / 大塚宁宁 / 桃井薰 / ,8.6
大内密探零零发 大內密探零零發,https://img3.doubanio.com/view/movie_poster_cover/lpst/public/p1177125433.jpg,谷德昭,1996-02-16(香港), 香港,周星驰 / 刘嘉玲 / 李若彤 / 罗家英 / 张达明 / 刘以达 / 李力持 / 江欣燕 / 苑琼丹 / 朱咪咪 / 李健仁 / 袁祥仁 / 袁信义 / 植敬雯 / 潘恒生 / 谷德昭 / 文隽 / 黄老邪 / ,7.6
罗马帝国荒淫史 Caligula,https://img1.doubanio.com/lpic/s11364408.jpg,Sándor Cs. Nagy,1996, 匈牙利,索博尔奇·豪伊杜 / Károly Safranek / Éva Rózsáné Zsolnay / Yvette Bozsik / Péter Grószman / Teri Tordai / Márta Sebestyén / Elzbiéta Sulykó / Attila Poór / Gábor Dióssy / Csilla Orosz / Gábor Kocsó / ,5.8
三毛流浪记,https://img1.doubanio.com/lpic/s2614128.jpg,徐银华,, 中国大陆,孟智超 / 余娅 / 屠茹英 / 高欣 / ,7.7
悠长假期 ロングバケーション,https://img1.doubanio.com/view/movie_poster_cover/lpst/public/p2162760408.jpg,永山耕三,1996-04-15(日本), 日本,木村拓哉 / 山口智子 / 竹野内丰 / 稻森泉 / 广末凉子 / 松隆子 / 森本治行 / 凉 / ,9.1
名侦探柯南 名探偵コナン,https://img1.doubanio.com/view/movie_poster_cover/lpst/public/p2235972558.jpg,儿玉兼嗣,1996-01-08(日本), 日本,高山南 / 山崎和佳奈 / 神谷明 / 小山力也 / 林原惠美 / 山口胜平 / 田中秀幸 / 岛本须美 / 绪方贤一 / 堀川亮 / 松井菜樱子 / 宫村优子 / 岩居由希子 / 大谷育江 / 高木涉 / 高岛雅罗 / 堀之纪 / 立木文彦 / 小山茉美 / 三石琴乃 / 置鲇龙太郎 / 日高法子 / 池田秀一 / ,9.0
偷香 Stealing Beauty,https://img3.doubanio.com/view/movie_poster_cover/lpst/public/p1081151410.jpg,贝纳尔多·贝托鲁奇,1996-03-29, 意大利 / 法国 / 英国,杰瑞米·艾恩斯 / 丽芙·泰勒 / 西妮德·库萨克 / 约瑟夫·费因斯 / 蕾切尔·薇兹 / ,7.7
熊猫京京,https://img3.doubanio.com/lpic/s3382665.jpg,王柏荣,, 中国大陆,王丽华 / 齐杰 / ,7.1
僵尸道长2,https://img3.doubanio.com/view/movie_poster_cover/lpst/public/p2205575842.jpg,林正英,1996, 中国大陆 / 香港,林正英 / 尹天照 / 杨恭如 / 文颂娴 / ,7.9
杀戮时刻 A Time to Kill,https://img3.doubanio.com/view/movie_poster_cover/lpst/public/p2169369876.jpg,乔·舒马赫,1996-07-24(美国), 美国,马修·麦康纳 / 桑德拉·布洛克 / 塞缪尔·杰克逊 / 凯文·史派西 / 奥利弗·普莱特 / 查尔斯·达顿 / 布兰达·弗里克 / 唐纳德·萨瑟兰 / 基弗·萨瑟兰 / 帕特里克·麦高汉 / 艾什莉·贾德 / 克里斯·库珀 / 托内亚·斯图尔特 / ,7.5
恐怖幽灵 The Frighteners,https://img3.doubanio.com/view/movie_poster_cover/lpst/public/p2388048040.jpg,彼得·杰克逊,1996-07-19, 新西兰 / 美国,迈克尔·J·福克斯 / 翠尼·阿瓦拉多 / 彼得·道博森 / 约翰·阿斯廷 / 杰弗瑞·考姆斯 / 迪·沃伦斯 / 杰克·布塞 / 齐·麦克布赖德 / Jim Fyfe / 特洛伊·伊万斯 / 朱丽安娜·麦卡蒂 / 李·厄米 / Elizabeth Hawthorne / 安吉拉·布鲁姆菲尔德 / ,7.1
江湖白事 The Funeral,https://img3.doubanio.com/view/movie_poster_cover/lpst/public/p2171062155.jpg,Abel Ferrara,1996-08-28, 美国,Christopher Walken / Chris Penn / Vincent Gallo / Annabella Sciorra / ,7.3
瘦到死 Thinner,https://img3.doubanio.com/view/movie_poster_cover/lpst/public/p1681605786.jpg,汤姆 霍兰 (Tom Holland),1997-01-09, 美国,Robert John Burke / Joe Mantegna / ,6.5
给我一个爸 Kolja,https://img3.doubanio.com/view/movie_poster_cover/lpst/public/p2373890972.jpg,扬·斯维拉克,"1996-05-15(捷克),1996-08-30(威尼斯电影节)", 捷克 / 英国 / 法国,兹旦内克·斯维拉克 / 安德列·查利蒙 / 利布谢·赛文卡娃 / 翁德雷·维特希 / 史黛拉·查娜克娃 / 拉吉斯拉夫·斯莫利亚克 / 伊琳娜·别兹鲁科夫 / 西尔维娅·苏瓦栁娃 / 莉利亚·马尔金 / 卡雷尔·黑勒曼克 / 佩特拉·斯贝尔克瓦 / 妮拉·布德芙 / 雷尼·普瑞比勒 / 米罗斯拉夫·塔博尔斯基 / ,8.4
脱衣舞娘 Striptease,https://img3.doubanio.com/view/movie_poster_cover/lpst/public/p2212550074.jpg,安德鲁·伯格曼,1996-09-26, 美国,黛米·摩尔 / 伯特·雷诺兹 / 阿曼德·阿山特 / 文·瑞姆斯 / 罗伯特·帕特里克 / 保罗·吉尔福伊尔 / Jerry Grayson / 拉莫·威利斯 / 罗伯特·斯坦顿 / William Hill / Stuart Pankin / Dina Waters / PaSean Wilson / Pandora Peaks / ,6.1
家有杰克 Jack,https://img3.doubanio.com/view/movie_poster_cover/lpst/public/p1299907655.jpg,弗朗西斯·福特·科波拉,1996-08-09, 美国,罗宾·威廉姆斯 / 戴安·琳恩 / 布莱恩·科尔文 / 詹妮弗·洛佩兹 / ,7.7
最后生死恋 Last Dance,https://img3.doubanio.com/view/movie_poster_cover/lpst/public/p2245627190.jpg,布鲁斯·贝尔斯福德,1996-05-03, 美国,莎朗·斯通 / 罗伯·莫洛 / 兰迪·奎德 / 彼得·盖勒 / ,7.1
魔毯 گبه‎,https://img3.doubanio.com/lpic/s1434781.jpg,莫森·玛克玛尔巴夫,1996-06-26, 伊朗 / 法国,Abbas Sayah / Shaghayeh Djodat / ,7.6
怪谈协会 怪談協會,https://img1.doubanio.com/view/movie_poster_cover/lpst/public/p1519798098.jpg,马伟豪,1996-11-28, 香港,袁咏仪 / 舒淇 / 黎姿 / 江希文 / 张达明 / ,7.2
公民露丝 Citizen Ruth,https://img1.doubanio.com/view/movie_poster_cover/lpst/public/p2390536298.jpg,亚历山大·佩恩,1996-08-24, 美国,劳拉·邓恩 / 斯薇兹·昆茨 / ,7.8
留低你个死人头 Curdled,https://img3.doubanio.com/view/movie_poster_cover/lpst/public/p2178129496.jpg,Reb Braddock,1996-09-06, 美国,威廉·鲍德温 / ,7.0
我杀了安迪·沃霍尔 I Shot Andy Warhol,https://img1.doubanio.com/lpic/s1433948.jpg,玛丽·哈伦,1996-05-01, 英国 / 美国,莉莉·泰勒 / ,7.3
看狗在说话之旧金山历险记 Homeward Bound II: Lost in San Francisco,https://img3.doubanio.com/view/movie_poster_cover/lpst/public/p2177807756.jpg,大卫·R·艾里斯,1996-03-08, 美国,迈克尔·J·福克斯 / 莎莉·菲尔德 / 拉尔夫·韦特 / Al Michaels / Tommy Lasorda / 鲍勃·尤克 / 崔丝·麦妮利 / 乔·鲍里托 / 亚当·戈德堡 / Sinbad / 卡拉·古奇诺 / 提莎·坎贝尔-马丁 / 斯蒂芬·托布罗斯基 / 罗斯·马林格 / ,8.4
情深无尽 The Whole Wide World,https://img3.doubanio.com/view/movie_poster_cover/lpst/public/p2443816311.jpg,丹·爱尔兰,1996-09-08, 美国,文森特·多诺费奥 / 蕾妮·齐薇格 / 安·韦奇沃斯 / ,7.6
荒谬无稽 Ridicule,https://img3.doubanio.com/lpic/s1692402.jpg,帕特利斯·勒孔特,1996-05-09(法国), 法国,查尔斯·贝尔林 / 让·雷谢夫 / 芬妮·阿尔丹 / 朱迪丝·哥德雷科 / ,6.9
特工风云 Midnight in Saint Petersburg,https://img3.doubanio.com/lpic/s2370182.jpg,Douglas Jackson,1996-11-01, 英国 / 俄罗斯 / 加拿大,迈克尔·凯恩 / 杰森·康纳利 / Yuri Limonty / ,7.1
旺角风云,https://img3.doubanio.com/lpic/s1663146.jpg,叶伟信,1996-09-07, 香港,梁汉文 / 黄秋生 / 张耀扬 / 蔡晓仪 / ,6.4
七月十三之龙婆 七月十三之龍婆,https://img1.doubanio.com/lpic/s3993187.jpg,钱升玮,1996-04-25, 香港,吴大维 / 李嘉欣 / 黄子华 / 罗兰 / ,6.0
3个受伤的警察 3個受傷的警察,https://img3.doubanio.com/lpic/s1744741.jpg,赵崇基,1996-06-13, 香港,郑则仕 / 王敏德  / 林晓峰 / 黎耀祥 / 毛俊辉 / ,7.6
永远的莫扎特 For Ever Mozart,https://img3.doubanio.com/lpic/s3347175.jpg,让-吕克·戈达尔,1996-11-27, 法国 / 瑞士,Madeleine Assas / Ghalia Lacroix / Bérangère Allaux / ,7.5
港督最后一个保镖 港督最後一個保鑣,https://img3.doubanio.com/view/movie_poster_cover/lpst/public/p2197935581.jpg,张坚庭,1996, 香港,周文健 / 葛民辉 / 邱淑贞 / ,7.2
重生之爱 Despabílate amor,https://img3.doubanio.com/lpic/s4435885.jpg,Eliseo Subiela艾里西欧·苏比耶拉,1996-10-03, 阿根廷,Luciano Leyrado / ,"
    "
女优灵 女優霊,https://img1.doubanio.com/view/movie_poster_cover/lpst/public/p979400858.jpg,中田秀夫,1996-03-02, 日本,柳优凌 / 白岛靖代 / ,7.0
地狱老师 地獄先生ぬ〜べ〜,https://img3.doubanio.com/view/movie_poster_cover/lpst/public/p2144347482.jpg,貝澤幸男,1996-04-13(日本), 日本,置鮎龍太郎 / 藤田淑子 / 笠原留美 / 冨永み〜な / 田中一成 / 浦和めぐみ / 根谷美智子 / 森川智之 / ,8.4
连环杀戮 血腥Friday,https://img3.doubanio.com/lpic/s1638295.jpg,高林豹,1996-09-14, 香港,任达华 / 李丽珍 / 蔡少芬 / 关宝慧 / 徐锦江 / ,6.2
"狐狸的血 Sang du renard, Le",https://img3.doubanio.com/lpic/s7044673.jpg,表民秀,1996-03-09, France,金来沅 / 郑丽媛 / ,"
    "
杨贵妃后传,https://img1.doubanio.com/view/movie_poster_cover/lpst/public/p1993453477.jpg,肖风,, 中国大陆,侯俊杰 / 蓝天野 / 陈兵 / 肖辉 / ,7.6
超人动画版 第一季 Superman Season 1,https://img1.doubanio.com/lpic/s2759408.jpg,布鲁斯·提姆,1996-09-06(美国), 美国,蒂姆·达利 / 达娜·德拉尼 / ,8.2
绿行星 La Belle verte,https://img1.doubanio.com/view/movie_poster_cover/lpst/public/p1395076937.jpg,柯琳娜·塞罗,1996-09-18, 法国,柯琳娜·塞罗 / 文森特·林顿 / 玛丽昂·歌迪亚 / 詹姆斯·提瑞 / 凯瑟琳·沙米 / 菲丽帕·里罗伊 / ,8.5
尼斯巨龙 Loch Ness,https://img3.doubanio.com/view/movie_poster_cover/lpst/public/p1844982624.jpg,John Henderson,1996-02-09, 英国 / 美国,特德·丹森 / 乔莉·理查德森 / 伊安·霍姆 / ,6.8
"35岁堕入爱河 Age,35恋しくて",https://img1.doubanio.com/lpic/s3401459.jpg,光野道夫,1996-04-18, 日本,中井貴一 / 田中美佐子 / 星野真理 / 小松政夫 / 瀬戸朝香 / 椎名桔平 / 水野美紀 / 香坂みゆき / 生瀬勝久 / 三觜要介 / 安藤一志 / ,8.1
西施,https://img3.doubanio.com/view/movie_poster_cover/lpst/public/p2375015486.jpg,杨洁,1996, 中国大陆,蒋勤勤 / 张秋歌 / 寇振海 / 徐少华 / 张光正 / 王力民 / 王砚辉 / ,8.1
侬本多情 儂本多情,https://img3.doubanio.com/view/movie_poster_cover/lpst/public/p2374873900.jpg,李惠民,1996, 台湾,马景涛 / 吴启华 / 刘雪华 / 刘嘉玲 / 李立群 / 童安格 / ,7.7
夜落曼哈顿 Night Falls on Manhattan,https://img3.doubanio.com/view/movie_poster_cover/lpst/public/p2410594024.jpg,西德尼·吕美特,1996-10-22, 美国,安迪·加西亚 / 伊安·霍姆 / 詹姆斯·甘多菲尼 / ,7.0
浴血太行,https://img3.doubanio.com/view/movie_poster_cover/lpst/public/p2194271912.jpg,秦燕,1996, 中国大陆,史鑫 / 车晓彤 / 钟山 / 许毛毛 / 黄海冰 / 蒋竹青 / 宗利群 / 赵登峰 / ,6.7
蓝色天空 Blue Sky,https://img3.doubanio.com/view/movie_poster_cover/lpst/public/p2167886410.jpg,托尼·理查德森,1994-09-09, 美国,杰西卡·兰格 / 汤米·李·琼斯 / 鲍沃斯·布斯 / 卡丽·斯诺格丽丝 / 艾咪·洛肯 / 克里斯·奥唐纳 / 米奇·瑞恩 / 代尔·戴 / Timothy Scott / 安妮·罗斯 / ,6.8
王牌特派员 The Cable Guy,https://img3.doubanio.com/view/movie_poster_cover/lpst/public/p2177762576.jpg,本·斯蒂勒,1996-06-14, 美国,金·凯瑞 / 马修·布罗德里克 / 莱斯利·曼恩 / 杰克·布莱克 / 本·斯蒂勒 / ,6.6
神秘大亨 The Associate,https://img3.doubanio.com/view/movie_poster_cover/lpst/public/p2415347694.jpg,唐纳德·佩特瑞,1997-01-16, 美国,乌比·戈德堡 / 黛安·韦斯特 / 埃里·瓦拉赫 / ,7.2
洛杉矶大逃亡 Escape from L.A.,https://img1.doubanio.com/view/movie_poster_cover/lpst/public/p2255868647.jpg,约翰·卡朋特,1996-10-10, 美国,库尔特·拉塞尔 / 史蒂夫·布西密 / 彼得·方达 / 克里夫·罗伯逊 / 帕姆·格里尔 / ,6.5
星际旅行8：第一类接触 Star Trek: First Contact,https://img1.doubanio.com/view/movie_poster_cover/lpst/public/p2209408788.jpg,乔纳森·弗雷克斯,1996-11-22, 美国,帕特里克·斯图尔特 / 乔纳森·弗雷克斯 / 布伦特·斯皮内 / 莱瓦尔·伯顿 / 迈克尔·多恩 / 盖茨·麦克法登 / 玛丽娜·赛提斯 / 阿尔法·伍达德 / 詹姆斯·克伦威尔 / 艾丽丝·克里奇 / Michael Horton / 尼尔·麦克唐纳 / Marnie McPhail / 罗伯特·皮卡多 / ,7.7
一路响叮当 Jingle All the Way,https://img3.doubanio.com/view/movie_poster_cover/lpst/public/p2314350715.jpg,布莱恩·莱温特,1996-11-16, 美国,阿诺·施瓦辛格 / Sinbad / ,6.8
天才除草人2 Lawnmower Man 2: Beyond Cyberspace,https://img1.doubanio.com/view/movie_poster_cover/lpst/public/p2357396939.jpg,Farhad Mann,1996-01-12, 美国,Patrick Bergin / Matt Frewer / Austin O'Brien / ,5.4
母亲之夜 Mother Night,https://img3.doubanio.com/view/movie_poster_cover/lpst/public/p2447265576.jpg,基思 戈登 (Keith Gordon),1996-08-14, 美国,,8.0
功夫小子闯情关,https://img3.doubanio.com/view/movie_poster_cover/lpst/public/p2251568473.jpg,袁和平,1996-03-14, 香港,吴京 / 钟丽缇 / 郑浩南 / 周比利 / 胡慧中 / 计春华 / 靳德茂 / 寇占文 / 刘洵 / 达伦·萨赫拉维 / 谭俏 / ,6.2
精灵也疯狂 Kazaam,https://img3.doubanio.com/view/movie_poster_cover/lpst/public/p2258843940.jpg,保罗·迈克尔·格拉泽 Paul Michael Glaser,1996-10-10, 美国,沙奎尔·奥尼尔 Shaquille O'Neal / 艾利·沃克 Ally Walker / 达·布兰特 Da Brat / 艾弗连·莱米雷斯 Efren Ramirez / ,6.6
特别的吻给特别的你 Kissed,https://img1.doubanio.com/view/movie_poster_cover/lpst/public/p2261768097.jpg,林恩·史都克威,1996-09-07(多伦多电影节), 加拿大,莫莉·帕克 / 彼德·奥德博拉治 / ,6.7
欧洲电影史 Cinema Europe: The Other Hollywood,https://img3.doubanio.com/view/movie_poster_cover/lpst/public/p2187909084.jpg,Kevin Brounlow,1995-10-01(英国), 英国,,8.9
近郊奇情 SubUrbia,https://img3.doubanio.com/view/movie_poster_cover/lpst/public/p2356910065.jpg,理查德·林克莱特,1997-02-07, 美国,杰西·巴托克 / Amie Carey / 尼基·凯特 / Ajay Naidu / 帕克·波西 / 乔瓦尼·瑞比西 / Dina Waters / ,8.2
鸟笼 The Birdcage,https://img3.doubanio.com/view/movie_poster_cover/lpst/public/p2171024401.jpg,迈克·尼科尔斯,1996-05-23, 美国,罗宾·威廉姆斯 / 吉恩·哈克曼 / 内森·连恩 / 黛安·韦斯特 / 丹·福特曼 / 卡莉斯塔·弗洛克哈特 / 汉克·阿扎利亚 / ,7.8
圣徒 Saint,https://img3.doubanio.com/view/movie_poster_cover/lpst/public/p2079348771.jpg,巴沃·德弗恩,1997-06-24, 比利时,,6.8
洛杉矶牛郎 Johns,https://img1.doubanio.com/lpic/s2968669.jpg,Scott Silver,1996-12-10, 美国,Lukas Haas / ,7.4
变态城 Schizopolis,https://img1.doubanio.com/view/movie_poster_cover/lpst/public/p2211594837.jpg,史蒂文·索德伯格,1996-09-13, 美国,史蒂文·索德伯格 / Betsy Brantley / ,7.0
候机室 De wachtkamer,https://img1.doubanio.com/lpic/s3565389.jpg,Jos Stelling,2001-10-06, 德国 / 荷兰,Bianca Koedam / Gene Bervoets / ,7.4
费马大定理 Horizon: Fermat's Last Theorem,https://img1.doubanio.com/lpic/s4486359.jpg,Simon Singh,1996, 英国,Andrew Wiles / Barry Mazur / ,9.1
"小女巫萨布琳娜 第一季 Sabrina, the Teenage Witch Season 1",https://img3.doubanio.com/view/movie_poster_cover/lpst/public/p2245033333.jpg,Jonathan Schmock,1996-09-27(美国), 美国,梅利莎·琼·哈特 / 尼克·巴凯 / Caroline Rhea / Nate Richert / ,6.9
灌篮高手 剧场版4 スラムダンク 吠えろバスケットマン魂!! 花道と流川の熱き夏,https://img1.doubanio.com/view/movie_poster_cover/lpst/public/p2221506369.jpg,,1995-07-15(日本), 日本,草尾毅 / ,8.9
花瓣 꽃잎,https://img3.doubanio.com/view/movie_poster_cover/lpst/public/p2455234453.jpg,张善宇,1996-04-05(韩国), 韩国,李贞贤 / 文成根 / 薛耿求 / 秋相美 / 明桂南 / 许峻豪 / ,7.2
1996年中央电视台春节联欢晚会,https://img1.doubanio.com/view/movie_poster_cover/lpst/public/p2263256138.jpg,张晓海,1996-02-18, 中国大陆,赵忠祥 / 倪萍 / 程前 / 袁鸣 / 张晓 / ,6.3
机械女神J セイバーマリオネットJ,https://img3.doubanio.com/lpic/s3944275.jpg,下田正美,1996-10-01~1997-03-25, 日本,今井由香 / 林原惠美 / ,7.7
足球之夜,https://img3.doubanio.com/view/movie_poster_cover/lpst/public/p2321325966.jpg,,, 中国大陆,,7.2
杀之恋,https://img1.doubanio.com/view/movie_poster_cover/lpst/public/p2361235328.jpg,吴二,, 台湾,宣彤 / 张歆 / 曾玉隆 / 别林 / 王韦翔 / ,"
    "
人体模型之夜 人体模型の夜,https://img3.doubanio.com/lpic/s3996251.jpg,佐藤寿保,1996-11-8, 日本,,6.9
洗礼,https://img3.doubanio.com/view/movie_poster_cover/lpst/public/p1857969081.jpg,吉原健一,1996-02-24(日本), 日本,今村理恵 / 秋川リサ / 田子千尋 / 網浜直子 / 吉田美江 / 郷達也 / ,6.5
不一样的本能 Phenomenon,https://img3.doubanio.com/view/movie_poster_cover/lpst/public/p2271894600.jpg,乔·德特杜巴,1996-07-03, 美国,约翰·特拉沃尔塔 / 凯拉·塞吉维克 / 福里斯特·惠特克 / ,7.5
X档案 第四季 The X-Files Season 4,https://img3.doubanio.com/lpic/s7025952.jpg,R.W. Goodwin,1996-10-04, 美国,David Duchovny / ,8.9
毒气室 The Chamber,https://img1.doubanio.com/lpic/s11338569.jpg,詹姆斯·弗雷,1996-10-11, 美国,克里斯·奥唐纳 / 吉恩·哈克曼 / ,7.5
赛壬 Siren,https://img1.doubanio.com/lpic/s6860679.jpg,Joyanne Bracewell,1996-11-01(新西兰), 新西兰,Craig Hall / ,6.8
越空追击 Barb Wire,https://img1.doubanio.com/view/movie_poster_cover/lpst/public/p2173275407.jpg,David Hogan,1996-09-05, 美国,帕米拉·安德森 / 特穆拉·莫里森 / ,5.6
桥之雨 橋の雨,https://img3.doubanio.com/view/movie_poster_cover/lpst/public/p2199091564.jpg,星田良子,1996-07-19(日本), 日本,天海祐希 / 绪形拳 / 阿部宽 / 金山一彦 / 中村贺津雄 / 浅利香津代 / ,7.7
小孤星 Ponette,https://img3.doubanio.com/view/movie_poster_cover/lpst/public/p717005273.jpg,雅克·杜瓦隆,1996-09-10, 法国,Victoire Thivisol / ,8.2
减肥旅行团,https://img3.doubanio.com/view/movie_poster_cover/lpst/public/p1998390871.jpg,刘国权,1997-04-17(香港), 中国大陆 / 香港,沈殿霞 / 侯耀华 / 巩汉林 / 蒋勤勤 / 斯琴高娃 / ,5.5
赎金 Ransom,https://img3.doubanio.com/view/movie_poster_cover/lpst/public/p2208250260.jpg,朗·霍华德,1996-11-08, 美国,梅尔·吉布森 / 蕾妮·罗素 / 戴尔里·林多 / 加里·西尼斯 / 莉莉·泰勒 / ,7.2
四个32A和一个香蕉少年,https://img1.doubanio.com/lpic/s6976497.jpg,曾志伟,, 香港,唐宁 / 李丽珍 / 莫文蔚 / 徐濠萦 / 何超仪 / 黄宝龙 / 李蕙敏 / 王馨平 / 文颂娴 / 曾志伟 / 滕丽名 / 张智霖 / ,7.2
黑羊 Black Sheep,https://img3.doubanio.com/lpic/s2362822.jpg,佩内洛普·斯皮瑞斯,1996-02-02, 美国,克里斯·法利 / David Spade / ,5.7
孽迷宫 Diabolique,https://img3.doubanio.com/view/movie_poster_cover/lpst/public/p860525810.jpg,耶利米·S·谢奇克,1996-06-06, 美国,莎朗·斯通 / 伊莎贝尔·阿佳妮 / 查兹·帕尔明特瑞 / ,6.5
轻狂岁月 Basquiat,https://img1.doubanio.com/view/movie_poster_cover/lpst/public/p553675349.jpg,朱利安·施纳贝尔,1996-08-09, 美国,杰弗里·怀特 / 迈克尔·维克特 / 本尼西奥·德尔·托罗 / 克莱尔·弗兰妮 / 大卫·鲍伊 / 丹尼斯·霍珀 / 加里·奥德曼 / 克里斯托弗·沃肯 / 威廉·达福 / 山姆·洛克威尔 / ,7.8
太阳有耳,https://img3.doubanio.com/view/movie_poster_cover/lpst/public/p2432588415.jpg,严浩,"1996-02(柏林电影节),2000-07-08(韩国)", 香港,张瑜 / 尤勇 / 高强 / 马精武 / ,7.1
祝祭 축제,https://img1.doubanio.com/view/movie_poster_cover/lpst/public/p2173358608.jpg,林权泽,1996-06-06(韩国), 韩国,安圣基 / 吴侦孩 / 郑善京 / ,7.5
异形魔怪2 Tremors II: Aftershocks,https://img1.doubanio.com/view/movie_poster_cover/lpst/public/p2201927138.jpg,S·S·威尔逊,1996-04-09, 美国,弗莱德·沃德 / 克里斯托弗·加廷 / ,6.2
绿洲乐队1996那里那时演唱会 There and Then,https://img1.doubanio.com/lpic/s1398697.jpg,Julian Ludlow,1996-10-14, 英国,,9.5
夺命裙 De jurk,https://img3.doubanio.com/view/movie_poster_cover/lpst/public/p1977797965.jpg,亚历斯·冯·华麦丹,1996-08-28, 荷兰,,7.1
贤治之春 イーハトーブ幻想〜KENjIの春,https://img1.doubanio.com/lpic/s1475117.jpg,河森正治,1996-12-14(日本), 日本,佐野史郎 / 國府田マリ子 / 磯部弘 / 大塚周夫 / 平井直子 / ,8.8
鳄鱼藏尸日记 악어,https://img3.doubanio.com/view/movie_poster_cover/lpst/public/p2197627595.jpg,金基德,1996-11-16, 韩国,Jae-hyeon Jo / ,7.5
西游记,https://img1.doubanio.com/view/movie_poster_cover/lpst/public/p2265959269.jpg,杨洁,1986(中国大陆), 中国大陆,六小龄童 / 迟重瑞 / 马德华 / 汪粤 / 徐少华 / 闫怀礼 / 朱龙广 / 左大玢 / 张志明 / 章玉善 / ,9.4
洪兴仔之江湖大风暴,https://img3.doubanio.com/lpic/s1497976.jpg,邱礼涛,1996-08-03, 香港,梁朝伟 / 陈小春 / 李若彤 / 谷峰 / 丁子峻 / 林伟亮 / 雷宇扬 / 林尚义 / ,6.4
新上海滩,https://img3.doubanio.com/view/movie_poster_cover/lpst/public/p1928893591.jpg,招隅栋,1996-09-02, Hong Kong,陈松伶 / 陈锦鸿 / 郑少秋 / ,7.0
伤心树屋 Trees Lounge,https://img3.doubanio.com/view/movie_poster_cover/lpst/public/p2113358086.jpg,史蒂夫·布西密,1996-05-11, 美国,卡洛·凯恩 / 小马克·布恩 / 史蒂夫·布西密 / Bronson Dudley / 安东尼·拉帕格利亚 / Michael Buscemi / Elizabeth Bracco / 约翰·文堤米利亚 / Steven Randazzo / Suzanne Shepherd / Rockets Redglare / Joe Lisi / 黛比·玛扎 / 伊斯特 伯林特 / Richard Boes / ,7.7
世界奇妙物语 96秋之特别篇 世にも奇妙な物語 96秋の特別編,https://img1.doubanio.com/view/movie_poster_cover/lpst/public/p2272273648.jpg,佐藤祐市,1996-10-02(日本), 日本,中居正広 / 椎名桔平 / ,8.1
阿喀琉斯 Achilles,https://img3.doubanio.com/view/movie_poster_cover/lpst/public/p2324689900.jpg,巴瑞·普维斯,1995-08(Edinburgh Film Festival), 英国,Simon Green / David Holt / Derek Jacobi / ,8.9
胡雪岩,https://img1.doubanio.com/lpic/s3226677.jpg,今滔,1996, 中国大陆,陈道明 / 茹萍 / 傅艺伟 / ,7.9
隋唐演义,https://img3.doubanio.com/lpic/s4432942.jpg,张华勋,1996年, 中国大陆,郑爽 / 陈锐 / ,8.3
艺坛照妖镜之96应召名册 藝壇照妖鏡之96應召名冊,https://img3.doubanio.com/view/movie_poster_cover/lpst/public/p2385180790.jpg,马天耀,1996-11-15, 香港,蔡美兰 / 王书麒 / ,5.1
亲爱的女人 Dear ウーマン,https://img1.doubanio.com/lpic/s8422607.jpg,吉田秋生,1996-10, 日本,东山纪之 / 大竹忍 / 野际阳子 / ,"
    "
地狱教师 剧场版 (超)劇場版!地獄先生ぬ〜べ〜,https://img3.doubanio.com/view/movie_poster_cover/lpst/public/p2178282754.jpg,,1996-07-06(日本), 日本,,"
    "
阿金,https://img3.doubanio.com/lpic/s1434431.jpg,许鞍华,1996-10-10, 香港,杨紫琼 / 洪金宝 / 黄家诺 / 卢永铿 / 张家辉 / 林伟亮 / 刘玉翠 / 刘松仁 / ,7.0
丛林迷踪 Alone in the Woods,https://img1.doubanio.com/lpic/s4379848.jpg,约翰·普奇,1996, 美国,Brady Bluhm / 拉瑞恩·纽曼 / Chick Vennera / Matthias Hues / ,6.4
不是红杏也出墙,https://img3.doubanio.com/f/movie/30c6263b6db26d055cbbe73fe653e29014142ea3/pics/movie/movie_default_large.png,杨柳青,, 台湾,严慧娟 / 林小白 / 高朋 / ,"
    "
剧的纪行 深夜特急 劇的紀行 深夜特急,https://img1.doubanio.com/view/movie_poster_cover/lpst/public/p2379747069.jpg,小野铁二郎,1996-09-02(日本), 日本,大泽隆夫 / 松岛菜菜子 / 渡边哲 / 周海媚 / 陈奕迅 / ,9.2
天袭 The Arrival,https://img3.doubanio.com/view/movie_poster_cover/lpst/public/p2209391776.jpg,大卫·杜西,1996-08-30(美国), 美国 / 墨西哥,查理·辛 / 林赛·克洛斯 / 理查德·希夫 / Shane / 罗恩·西维尔 / 特莉·保罗 / Phyllis Applegate / Alan Coates / 莱昂·里皮 / Buddy Joe Hooker / Javier Morga / Tony T. Johnson / Catalina Botello / Georg Lillitsch / ,6.4
烈火终结者 The Fan,https://img3.doubanio.com/view/movie_poster_cover/lpst/public/p1413523362.jpg,托尼·斯科特,1996-09-26, 美国,罗伯特·德尼罗 / 韦斯利·斯奈普斯 / 艾伦·巴金 / 约翰·雷吉扎莫 / ,7.1
黑夜幽灵 The Ghost and the Darkness,https://img3.doubanio.com/lpic/s1434525.jpg,Stephen Hopkins,1996-10-11, 美国,迈克尔·道格拉斯 / 方·基默 / 汤姆·威尔金森 / 伯纳德·希尔 / ,7.1
阿拉丁和大盗之王 Aladdin and the King of Thieves,https://img3.doubanio.com/view/movie_poster_cover/lpst/public/p1838171112.jpg,Tad Stones,1996-08-13, 美国,斯科特·维内尔 / 罗宾·威廉姆斯 / ,7.7
新木偶奇遇记 The Adventures of Pinocchio,https://img3.doubanio.com/lpic/s2411714.jpg,史蒂夫 巴伦 (Steve Barron),1996-07-26, 英国 / 美国 / 法国 / 德国 / 捷克,,7.4
浪得过火 Mon homme,https://img3.doubanio.com/view/movie_poster_cover/lpst/public/p2222663515.jpg,贝特朗·布里叶,1996-01-31(法国), 法国,阿诺克·格林布戈 / 热拉尔·朗万 / 瓦莱丽亚·布诺妮-泰特琪 / ,7.0
亲密关系 The Evening Star,https://img3.doubanio.com/view/movie_poster_cover/lpst/public/p2446180620.jpg,Robert Harling,1996-12-25, 美国,雪莉·麦克雷恩 / 比尔·帕克斯顿 / ,8.3
终极笑探 Spy Hard,https://img1.doubanio.com/view/movie_poster_cover/lpst/public/p2241459018.jpg,Rick Friedberg,1996-05-24, 美国,莱斯利·尼尔森 / 尼科莱特·谢里丹 / ,6.5
旺角揸fit人,https://img3.doubanio.com/view/movie_poster_cover/lpst/public/p2196633761.jpg,查传谊,1996-05-23, 香港,吴镇宇 / 李丽珍 / 苏志威 / 丁子峻 / 张睿羚 / ,7.3
冒牌上帝 Dear God,https://img3.doubanio.com/view/movie_poster_cover/lpst/public/p2376797612.jpg,盖瑞·马歇尔,1996-11-01(美国), 美国,托尼·丹扎 / 赫克托·埃里仲杜 / 大卫·哈塞尔霍夫 / 格雷戈·金尼尔 / ,6.6
男生女相：华语电影之性别 男生女相：華語電影之性別,https://img3.doubanio.com/lpic/s1434295.jpg,关锦鹏,1998-06-05, 英国 / 香港,张彻 / 陈凯歌 / 张国荣 / 焦雄屏 / 方育平 / 侯孝贤 / 李安 / 李小龙 / 汤尼·雷恩 / 狄龙 / 蔡明亮 / 徐克 / 吴宇森 / ,8.7
紧急救助,https://img3.doubanio.com/f/movie/30c6263b6db26d055cbbe73fe653e29014142ea3/pics/movie/movie_default_large.png,张建栋,1996, 中国大陆,王志文 / 常戎 / 孙淳 / 鲍逸琳 / ,6.4
弹丸飞人 弾丸ランナー,https://img3.doubanio.com/lpic/s1431134.jpg,萨布,1996-11-09, 日本,堤真一 / 田口智朗 / 大杉涟 / 萨布 / ,7.5
登上巴士 Get on the Bus,https://img1.doubanio.com/lpic/s3146307.jpg,斯派克 李 (Spike Lee),1996-10-16, 美国,,"
    "
刘胡兰,https://img1.doubanio.com/lpic/s3380589.jpg,沈耀庭,1996, 中国大陆,池华琼 / 柏寒 / 袁霞 / ,6.2
重庆爱情感觉 重慶愛情感覺,https://img1.doubanio.com/lpic/s1509949.jpg,朱延平,1996, 香港,金城武 / 朱茵 / 苏有朋 / 罗百吉 / 黄一飞 / 郑家榆 / ,6.3
爱的小夜曲 Love Serenade,https://img3.doubanio.com/view/movie_poster_cover/lpst/public/p1913051603.jpg,Shirley Barrett,2001-09-13, 澳大利亚,Miranda Otto / Rebecca Frith / ,7.7
新橙路：那个夏天的开始 新きまぐれオレンジ☆ロード そして、あの夏のはじまり,https://img1.doubanio.com/view/movie_poster_cover/lpst/public/p454089989.jpg,湯山邦彦,1996-11-02, 日本,古谷彻 / 鹤广美 / 原惠理子 / 富泽美智惠 / ,8.4
怒海狂涛 Like the Relentless Fury of the Pounding Waves,https://img3.doubanio.com/lpic/s1511770.jpg,阿彼察邦·韦拉斯哈古,2003-05-06, 泰国,,"
    "
三国演义,https://img1.doubanio.com/view/movie_poster_cover/lpst/public/p1173541737.jpg,王扶林,1994-10-23(中国大陆), 中国大陆,唐国强 / 孙彦军 / 鲍国安 / 李靖飞 / 陆树铭 / 洪宇宙 / ,9.2
注释爱情 Portraits chinois,https://img3.doubanio.com/lpic/s2236494.jpg,Martine Dugowson,1996-09-12, 英国 / 法国,海伦娜·伯翰·卡特 / 罗曼娜·波琳热 / ,"
    "
一路风尘 一路風塵,https://img3.doubanio.com/lpic/s3953563.jpg,区玉盛,1996-11, 新加坡,万梓良 / 李铭顺 / 范文芳 / ,8.5
Chris Rock: Bring the Pain,https://img1.doubanio.com/view/movie_poster_cover/lpst/public/p2026828989.jpg,Keith Truesdell,1996-06-01, US,,8.2
解连环,https://img3.doubanio.com/lpic/s4426893.jpg,王尤红,1996-03, 新加坡,范文芳 / 萧乙铭 / ,"
    "
900重案追凶,https://img3.doubanio.com/view/movie_poster_cover/lpst/public/p2393642505.jpg,叶成康,1996-05-06, 香港,温兆伦 / 吴启华 / 宣萱 / ,8.2
让我们结婚吧,https://img3.doubanio.com/lpic/s2848225.jpg,桑波田景信,1996-04-11, 日本,江口洋介 / ,8.2
神鹿啊，我们的神鹿,https://img1.doubanio.com/lpic/s2860809.jpg,孙曾田,1996-06-30(中国大陆), 中国大陆,柳芭 / 熊成华 / ,8.5
怪杰佐罗 快傑ゾロ,https://img3.doubanio.com/lpic/s2849181.jpg,箕ノ口克己,1996-04-05(日本), 日本,関俊彦 / 川村万梨阿 / ,8.3
我一个人住 ひとり暮らし,https://img3.doubanio.com/lpic/s4161663.jpg,生野慈朗,1996-10-11, 日本,常盘贵子 / 高桥克典 / ,6.7
姐姐妹妹闯北京,https://img1.doubanio.com/view/movie_poster_cover/lpst/public/p2455669748.jpg,曾剑锋,1995, 中国大陆,赵薇 / 施懿 / 阎青妤 / 张大礼 / 丁志城 / 张兆北 / 方子春 / 扈耀之 / 张安安 / 李媛媛 / 王奎荣 / ,6.1
狄仁杰断案传奇,https://img3.doubanio.com/lpic/s2966055.jpg,刘远东,1996, 中国大陆,马昌钰 / 孙承政 / 雍和平 / ,8.7
金田一少年事件簿2 金田一少年の事件簿 第2シリーズ,https://img3.doubanio.com/lpic/s4003175.jpg,堤幸彦,1996-07-13(日本), 日本,堂本刚 / 友阪理惠 / 古尾谷雅人 / ,9.2
篮板：山羊传奇 Rebound: The Legend of Earl 'The Goat' Manigault,https://img1.doubanio.com/lpic/s4099018.jpg,艾瑞琪·拉·塞拉,1996-11-23, 美国,唐·钱德尔 / 詹姆斯·厄尔·琼斯 / 迈克尔·比奇 / 罗尼·考克斯 / 洛雷塔·迪瓦恩 / 格林·特鲁曼 / ,8.0
冲锋队之怒火街头 衝鋒隊之怒火街頭,https://img3.doubanio.com/view/movie_poster_cover/lpst/public/p2230371203.jpg,陈木胜,1996-06-25(香港), 香港,刘青云 / 陈小春 / 李绮虹 / 于荣光 / 吴镇宇 / 张达明 / 黄子华 / 林尚义 / 吴廷烨 / 谷德昭 / ,7.8
高尔夫球也疯狂 Happy Gilmore,https://img3.doubanio.com/view/movie_poster_cover/lpst/public/p2327816311.jpg,丹尼斯·杜根,1996-02-16, 美国,亚当·桑德勒 / 克里斯托弗·麦克唐纳 / ,6.7
精神病院 Asylum,https://img3.doubanio.com/lpic/s3982944.jpg,埃德加·赖特,1996, UK,Simon Pegg / ,8.0
爱情尤物 Beautiful Girls,https://img3.doubanio.com/view/movie_poster_cover/lpst/public/p2428342495.jpg,泰德·戴米,1996-11-21, 美国,马特·狄龙 / 诺亚·艾默里奇 / 安娜贝丝·吉什 / 蒂莫西·赫顿 / 罗伦·荷莉 / 罗茜·欧唐内 / 娜塔莉·波特曼 / 米拉·索维诺 / 迈克尔·拉帕波特 / 乌玛·瑟曼 / ,7.5
わが心の銀河鉄道　宮沢賢治物語,https://img3.doubanio.com/lpic/s4239266.jpg,大森一樹,1996-10-19, 日本,緒形直人 / 渡哲也 / 水野真紀 / 袴田吉彦 / ,"
    "
淑女本色 The Portrait of a Lady,https://img3.doubanio.com/view/movie_poster_cover/lpst/public/p1149299665.jpg,简·坎皮恩,1996-10-18, 英国 / 美国,妮可·基德曼 / 约翰·马尔科维奇 / 芭芭拉·赫希 / 玛丽·露易斯·帕克 / 马丁·唐文 / 谢利·温特斯 / 理查德·E·格兰特 / 谢莉·杜瓦尔 / 克里斯蒂安·贝尔 / 维果·莫腾森 / 瓦伦蒂娜·凯薇 / 约翰·吉尔古德 / 罗杰·阿什顿-格里菲斯 / Catherine Zago / ,7.2
欲女 慾女,https://img3.doubanio.com/lpic/s24519075.jpg,叶鸿伟,1999-05-12(香港), 台湾,舒淇 / 楼学贤 / 杨懿玎 / 蓝海瀚 / 洪建荣 / ,5.3
穿越时间的声音 Voci Nel Tempo,https://img3.doubanio.com/view/movie_poster_cover/lpst/public/p1722348485.jpg,弗兰科·皮亚维奥利,1996年, 意大利,,8.6
棘鸟：离别的岁月 The Thorn Birds: The Missing Years,https://img3.doubanio.com/lpic/s4218033.jpg,Kevin James Dobson,1996-02-11, 澳大利亚 / 美国,Richard Chamberlain / ,5.6
龙珠剧场版：迈向最强之道 ドラゴンボール劇場版： 最強への道,https://img1.doubanio.com/lpic/s24438989.jpg,山内重保,1996-03-02, 日本,野泽雅子 / ,7.7
百分百感觉 百分百感覺,https://img3.doubanio.com/view/movie_poster_cover/lpst/public/p2038237234.jpg,马伟豪,1996-07-20, 香港,郑伊健 / 郑秀文 / 葛民辉 / 梁咏琪 / 丁子峻 / 伍咏薇 / 罗家英 / 谷德昭 / 黄雯 / ,6.3
悬丝 1 Cremaster 1,https://img3.doubanio.com/lpic/s1741173.jpg,马修·巴尼,1996-07-17, 美国,马缇·多米尼森 / 杰玛·布尔顿·史密斯 / ,7.6
熊战士 Forest Warrior,https://img1.doubanio.com/view/movie_poster_cover/lpst/public/p2453710599.jpg,亚伦·诺瑞斯,1996-11-05, 美国,,"
    "
窗里的小鸟 Bird in the Window,https://img1.doubanio.com/lpic/s1824857.jpg,Igor Kovalyov,, 美国,Lisa Raggio / Hadley Kate / Jesse Corti / David Eccles / ,7.2
廉政行动组 廉政行動組,https://img3.doubanio.com/view/movie_poster_cover/lpst/public/p2230908453.jpg,赵崇基,, 香港,郭富城 / 朱茵 / ,6.9
深深的腥红 Profundo carmesí,https://img3.doubanio.com/view/movie_poster_cover/lpst/public/p2293911204.jpg,奥图罗·利普斯坦,1996-09-09, 墨西哥 / 法国 / 西班牙,Regina Orozco / 丹尼尔·吉梅内斯·卡乔 / Sherlyn / Giovanni Florido / Fernando Palavicini / Patricia Reyes Spíndola / Alexandra Vicencio / Julieta Egurrola / Esteban Soberanes / Gastón Melo / Juan de la Loza / 玛丽莎·佩雷德斯 / 罗莎·弗曼 / Álvaro Carcaño / ,8.2
暴劫倾情 暴劫傾情,https://img3.doubanio.com/lpic/s3059143.jpg,梁本熙,1996-03-21(香港), 香港,任达华 / 叶玉卿 / 黄佩霞 / 敖志君 / 张睿羚 / ,6.3
夏伊洛 Shiloh,https://img3.doubanio.com/lpic/s2753335.jpg,Dale Rosenbloom,1997-04-25, 美国,,7.5
克洛伊 Chloé,https://img3.doubanio.com/view/movie_poster_cover/lpst/public/p1598161864.jpg,丹尼斯·贝里,1996, 法国 / 比利时,玛丽昂·歌迪亚 / ,6.4
生死豪情 Courage Under Fire,https://img1.doubanio.com/view/movie_poster_cover/lpst/public/p1020556217.jpg,爱德华·兹威克,1996-07-12, 美国,丹泽尔·华盛顿 / 梅格·瑞恩 / 迈克尔·莫里亚蒂 / 马特·达蒙 / 西恩·奥斯汀 / ,7.4
伴你高飞 Fly Away Home,https://img3.doubanio.com/view/movie_poster_cover/lpst/public/p1378705974.jpg,卡罗尔·巴拉德,1996-09-13, 美国,安娜·帕奎因 / 杰夫·丹尼尔斯 / 达娜·德拉尼 / 特里·金尼 / ,8.8
格列佛游记 Gulliver's Travels,https://img3.doubanio.com/view/movie_poster_cover/lpst/public/p2324362790.jpg,查尔斯·斯特里奇,1996-02-04, 英国 / 美国,尼德·巴蒂 / 特德·丹森 / 玛丽·斯汀伯根 / James Fox / ,7.8
十万火急 Daylight,https://img3.doubanio.com/view/movie_poster_cover/lpst/public/p734440803.jpg,罗伯·科恩,1996-12-06, 美国,西尔维斯特·史泰龙 / 艾米·布伦尼曼 / 维果·莫腾森 / ,7.1
夏日吊带裙 Une robe d'été,https://img3.doubanio.com/lpic/s2664342.jpg,弗朗索瓦·欧容,1997-04-25, 法国,Sébastien Charles / Frédéric Mangenot / ,8.0
"爱情诸如此类 Love, etc.",https://img3.doubanio.com/view/movie_poster_cover/lpst/public/p1729522516.jpg,玛丽安·费尔努,1996-11-27, 法国,查尔斯·贝尔林 / 夏洛特·甘斯布 / ,7.3
"彷徨的爱 I Love You, I Love You Not",https://img1.doubanio.com/view/movie_poster_cover/lpst/public/p969218368.jpg,比利·霍普金斯,1996-08-28(法国), 法国 / 德国 / 英国 / 美国,让娜·莫罗 / 克莱尔·丹妮丝 / 裘德·洛 / 詹姆斯·范德比克 / ,7.1
女房客 The Tenant of Wildfell Hall,https://img3.doubanio.com/lpic/s1792321.jpg,Mike Barker,1996-11-17, 英国,塔拉·菲茨杰拉德 / 鲁珀特·格雷夫斯 / ,7.5
摇摆者 Swingers,https://img1.doubanio.com/view/movie_poster_cover/lpst/public/p1269303407.jpg,道格·里曼,1996-10-18, 美国,乔恩·费儒 / 文斯·沃恩 / 海瑟·格拉汉姆 / Patrick Van Horn / ,7.2
黄金岛历险记 黃金島歷險記,https://img3.doubanio.com/view/movie_poster_cover/lpst/public/p2226198531.jpg,邱礼涛,1996-08-02, 香港,徐若瑄 / 释小龙 / 吴孟达 / ,6.4
一日钟情 One Fine Day,https://img3.doubanio.com/view/movie_poster_cover/lpst/public/p1930505844.jpg,迈克尔·霍夫曼,1996-12-20 (美国), 美国,乔治·克鲁尼 / 米歇尔·菲佛 / 梅·惠特曼 / 亚历克斯·D·林兹 / ,7.3
喜莲,https://img3.doubanio.com/lpic/s23005803.jpg,孙沙,1996, 中国大陆,于慧 / 吴京安 / ,6.7
激情年代 The Crucible,https://img3.doubanio.com/view/movie_poster_cover/lpst/public/p2273062311.jpg,尼古拉斯·希特纳,1996-11-27, 美国,丹尼尔·戴-刘易斯 / 薇诺娜·瑞德 / 保罗·斯科菲尔德 / 琼·艾伦 / 布鲁斯·戴维森 / 杰弗瑞·琼斯 / ,8.1
运财五福星,https://img3.doubanio.com/view/movie_poster_cover/lpst/public/p2233497083.jpg,陈勋奇,1996-07-04, 香港,曾志伟 / 洪金宝 / 苗侨伟 / 陈百祥 / 郑佩佩 / 陈观泰 / 宫雪花 / 曹达华 / 冯淬帆 / 叶芳华 / 卢冠廷 / 吴耀汉 / 成奎安 / 彭丹 / 苑琼丹 / 袁祥仁 / ,6.3
哉阿斯奥特曼 ウルトラマンゼアス,https://img3.doubanio.com/lpic/s3855825.jpg,中島信也,1996-03-09, 日本,関口正晴 / 石橋貴明 / 木梨憲武 / 高岡由香 / 大久保博元 / 黒部進 / 小林昭二 / 二瓶正也 / 毒蝮三太夫 / ,7.0
极度寒冷,https://img3.doubanio.com/view/movie_poster_cover/lpst/public/p2378468915.jpg,王小帅,1996, 中国,贾宏声 / 马晓晴 / ,7.2
山林小猎人 はじめ人間 ゴン,https://img3.doubanio.com/lpic/s24230871.jpg,未知,1996-04-03(日本), 日本,丸山裕子 / ,9.2
现代法国艳情史 Comment je me suis disputé... (ma vie sexuelle),https://img3.doubanio.com/view/movie_poster_cover/lpst/public/p2327471785.jpg,阿诺·德斯普里钦,1996-06-12(法国), 法国,马修·阿马立克 / 艾曼纽·德芙 / 艾曼纽勒·萨兰杰 / 玛丽安娜·德尼库尔 / 齐雅拉·马斯楚安尼 / 珍妮·巴利巴尔 / 德尼·波达利德斯 / 米歇尔·维耶尔莫 / ,7.5
山城棒棒军,https://img3.doubanio.com/view/movie_poster_cover/lpst/public/p2374798121.jpg,束一德,1997, 中国大陆,庞祖云 / 赵亮 / 王群英 / 仇小豹 / 张新 / ,9.2
千王之王重出江湖,https://img3.doubanio.com/lpic/s3148873.jpg,曾谨昌,1996, 香港,谢贤 / 刘松仁 / 黄仲昆 / 叶童 / 米雪 / 杨恭如 / 文颂娴 / 吴廷烨 / ,8.2
太平天国 太平。天國,https://img1.doubanio.com/view/movie_poster_cover/lpst/public/p1901516409.jpg,吴念真,1996-07-20, 台湾,林正盛 / 江淑娜 / 杨宗宪 / ,8.3
新龙门客栈,https://img1.doubanio.com/view/movie_poster_cover/lpst/public/p1512927149.jpg,杨佩佩,1996, 台湾,马景涛 / 夏文汐 / 郭晋安 / 陈红 / 李立群 / ,7.6
实话实说,https://img1.doubanio.com/view/movie_poster_cover/lpst/public/p2320974429.jpg,,1996-03-16, 中国大陆,崔永元 / ,7.5
东周列国·春秋篇,https://img3.doubanio.com/view/movie_poster_cover/lpst/public/p2374797254.jpg,沈好放,1996, 中国大陆,王绘春 / 林乃桢 / 郑强 / 何冰 / 修宗迪 / 张山 / 周继伟 / 杨静 / 丛林 / 蒋恺 / 常远 / 张炬 / 唐国强 / 谭宗尧 / 蒋勤勤 / 张光北 / 吴刚 / 胡军 / 初星一 / 奚美娟 / 蒋竹青 / 刘栋 / 鲍大志 / 龚丽君 / ,8.9
男情难了 Lilies - Les feluettes,https://img1.doubanio.com/view/movie_poster_cover/lpst/public/p816377479.jpg,John Greyson,1996-09-07, 加拿大,丹尼•吉尔摩尔 / Jason Cadieux / 布伦特·卡沃 / Marcel Sabourin / ,8.0
龙珠GT Dragon Ball GT,https://img1.doubanio.com/lpic/s24438999.jpg,葛西治,1996-02-07(日本), 日本,野泽雅子 / 堀川亮 / 古川登志夫 / 草尾毅 / 古谷彻 / 鹤广美 / 铃置洋孝 / ,8.1
美少女战士Sailor Stars 美少女戦士セーラームーン セーラースターズ,https://img3.doubanio.com/view/movie_poster_cover/lpst/public/p1956754841.jpg,五十岚卓哉,1996-03-09(日本), 日本,三石琴乃 / 久川绫 / 富泽美智惠 / 篠原惠美 / 深见梨加 / 荒木香惠 / 石田彰 / ,8.8
弹簧折刀 Sling Blade,https://img3.doubanio.com/view/movie_poster_cover/lpst/public/p2320535786.jpg,比利·鲍伯·松顿,1996-11-21, 美国,比利·鲍伯·松顿 / 卢卡斯·布莱克 / 约翰·瑞特 / 德怀特·尤科姆 / ,8.1
杰桑·索南达杰,https://img1.doubanio.com/lpic/s3605958.jpg,郭碧川,1996, 中国大陆,郭碧川 / ,"
    "
枕边书 The Pillow Book,https://img3.doubanio.com/view/movie_poster_cover/lpst/public/p1014297496.jpg,彼得·格林纳威,1997-02-20, 法国 / 英国 / 荷兰 / 卢森堡,邬君梅 / 伊万·麦克格雷格 / 光石研 / 吉田日出子 / 绪形拳 / ,6.7
花样男子 花より男子,https://img1.doubanio.com/lpic/s7011909.jpg,Shigeyasu Yamauchi,1996-1997, 日本,持田真树 / 山本耕史 / 宫下直纪 / 赤井田良彦 / ,8.4
赌神3之少年赌神 賭神3之少年賭神,https://img3.doubanio.com/view/movie_poster_cover/lpst/public/p2329746591.jpg,王晶,1996-12-14, 香港,黎明 / 袁咏仪 / 陈小春 / 陈豪 / 张达明 / 梁咏琪 / 吴镇宇 / 钟景辉 / 徐锦江 / 邹兆龙 / ,6.7
奏出新希望 Brassed Off!,https://img3.doubanio.com/view/movie_poster_cover/lpst/public/p1578326742.jpg,马克·赫尔曼,1996-11-01, 英国 / 美国,皮特·波斯尔思韦特 / 塔拉·菲茨杰拉德 / 伊万·麦克格雷格 / 史蒂芬·汤普金森 / 吉姆·卡特 / 菲利普·杰克森 / Peter Martin / 苏·乔斯顿 / ,7.6
理智与情感 Sense and Sensibility,https://img3.doubanio.com/view/movie_poster_cover/lpst/public/p1107322461.jpg,李安,"1995-12-13(加拿大),1996-01-26(美国),1996-02-23(英国)", 美国 / 英国,艾玛·汤普森 / 凯特·温丝莱特 / 杰玛·琼斯 / 休·格兰特 / 汤姆·威尔金森 / 艾伦·瑞克曼 / 格雷·怀斯 / 詹姆斯·弗雷特 / 哈丽特·瓦尔特 / 伊丽莎白·斯普里格斯 / 罗伯特·哈迪 / Isabelle Amyes / 艾美达·斯丹顿 / 伊莫金·斯塔布斯 / 休·劳瑞 / 理查德·拉姆斯登 / 奥利弗·福德·戴维斯 / Emilie François / Ian Brimble / ,8.3
极乐同盟 Spiklenci slasti,https://img3.doubanio.com/view/movie_poster_cover/lpst/public/p1007772754.jpg,杨·史云梅耶,1996-8, 捷克 / 瑞士 / 英国,Petr Meissel / Gabriela Wilhelmová / ,8.5
致命的危机 Fear,https://img3.doubanio.com/view/movie_poster_cover/lpst/public/p2235750236.jpg,詹姆斯·弗雷,1996-04-12, 美国,瑞茜·威瑟斯彭 / 马克·沃尔伯格 / ,6.4
微观世界 Microcosmos: Le peuple de l'herbe,https://img1.doubanio.com/view/movie_poster_cover/lpst/public/p2238284977.jpg,克劳德·纽利迪萨尼,"1996-09-06(瑞士),1996-11-20(法国)", 法国 / 瑞士 / 意大利,,9.1
迷离劫 Irma Vep,https://img3.doubanio.com/view/movie_poster_cover/lpst/public/p2356017303.jpg,奥利维耶·阿萨亚斯,1996-11-13(法国), 法国,张曼玉 / 让-皮埃尔·利奥德 / 娜塔莉·理查德 / Arsinée Khanjian / ,7.1
绝恋 Jude,https://img1.doubanio.com/view/movie_poster_cover/lpst/public/p2338916098.jpg,迈克尔·温特伯顿,1996-09-26, 英国,克里斯托弗·埃克莱斯顿 / 凯特·温丝莱特 / 利亚姆·坎宁安 / 瑞切尔·格里菲斯 / 琼恩·维特费尔德 / ,7.9
第十二夜 Twelfth Night: Or What You Will,https://img1.doubanio.com/lpic/s1785658.jpg,特雷弗 纳恩 (Trevor Nunn),1996-09-06, 英国 / 爱尔兰 / 美国,伊莫金·斯塔布斯 / 海伦娜·伯翰·卡特 / 托比·斯蒂芬斯 / Ben Kingsley / ,8.0
潜艇总动员 Down Periscope,https://img3.doubanio.com/view/movie_poster_cover/lpst/public/p2177126913.jpg,大卫·S·瓦德,1997-01-30, 美国,凯尔希·格兰莫 / 罗伦·荷莉 / ,7.7
兄兄妹妹 Nénette et Boni,https://img3.doubanio.com/view/movie_poster_cover/lpst/public/p1947788174.jpg,克莱尔·德尼,1996-08-12, 法国,格莱戈尔·科林  / Alice Houri / 雅各·诺勒 / 瓦莱丽亚·布诺妮-泰特琪 / ,7.3
萨满教的迷恋 Szamanka,https://img3.doubanio.com/view/movie_poster_cover/lpst/public/p2167834976.jpg,安德烈·祖拉斯基,1996-05-10, 波兰 / 法国 / 瑞士,勃库斯洛·林达 / Iwona Petry / ,6.5
天涯海角,https://img3.doubanio.com/view/movie_poster_cover/lpst/public/p495139322.jpg,李志毅,1996-10-18, 香港,陈慧琳 / 金城武 / 王敏德  / 陈小春 / 何超仪 / 陈豪 / 陈德森 / 张达明 / 玛利亚 / 方平 / ,7.9
离开雷锋的日子,https://img1.doubanio.com/view/movie_poster_cover/lpst/public/p2165707559.jpg,雷献禾,1996-03-04(中国大陆), 中国大陆,刘佩琦 / 宋春丽 / 吴军 / 徐佳宁 / 王学圻 / 方子哥 / 曹力 / 崔国君 / 吕启凤 / 刘欣 / 王余昌 / 詹靖波 / 陈再强 / 雷婷 / 解衍 / 何施雨 / 高爱军 / 朱毅 / 梁同裕 / 董子武 / ,7.2
太后吉祥,https://img3.doubanio.com/view/movie_poster_cover/lpst/public/p2369064930.jpg,金韬,1996, 中国大陆,陈佩斯 / 斯琴高娃 / 陈强 / 宫晓瑄 / 李大强 / 何振军 / 李琦 / 王大治 / 李希达 / ,6.8
抓着彩虹的男人 虹をつかむ男,https://img3.doubanio.com/view/movie_poster_cover/lpst/public/p2333016451.jpg,山田洋次,1996-12-28(日本), 日本,西田敏行 / 吉冈秀隆 / 倍赏千惠子 / 田中裕子 / ,8.5
机动战舰Nadesico 機動戦艦ナデシコ,https://img3.doubanio.com/view/movie_poster_cover/lpst/public/p2257367634.jpg,佐藤龙雄,1996-10-01, 日本,上田祐司 / 桑岛法子 / 南央美 / 高野直子 / 冈本麻弥 / 伊藤健太郎 / 横山智佐 / 菊池志穗 / 长泽美树 / 松井菜樱子 / 置鲇龙太郎 / ,8.6
鬼马小精灵 第一季 Casper Season 1,https://img3.doubanio.com/view/movie_poster_cover/lpst/public/p2225660122.jpg,Seymour Reit,1996-02-24(美国), 美国,,8.7
北京爱情故事,https://img3.doubanio.com/lpic/s4371045.jpg,谢东燊,1996-01-01(中国大陆), 中国大陆,徐静蕾 / 罗刚 / 何冰 / 咏梅 / ,6.8
円都 YEN TOWN,https://img3.doubanio.com/view/movie_poster_cover/lpst/public/p2188794250.jpg,光川夜宏,1996-10-18, 日本,岩井俊二 / 小林武史 / 三上博史 / 恰拉 / 伊藤步 / 江口洋介 / 山口智子 / ,9.0
怪医黑杰克 ブラック・ジャック,https://img3.doubanio.com/view/movie_poster_cover/lpst/public/p453994192.jpg,出崎統,1996-11-30(日本), 日本 / 德国,大塚明夫 / 水谷优子 / 凉风真世 / 星野充昭 / ,8.6
追寻 Quest,https://img3.doubanio.com/lpic/s4564402.jpg,泰伦·蒙哥马利,1996-04(德累斯顿电影节), 德国,,7.8
德克斯特的实验室 第一季 Dexter's Laboratory Season 1,https://img3.doubanio.com/lpic/s1944194.jpg,格恩迪·塔塔科夫斯基,1996-04-28(美国), 美国,凯特·索西 / 弗兰克·维尔克 / 艾莉森摩尔 / 杰夫·贝内特 / ,8.9
惊世狂花 Bound,https://img1.doubanio.com/view/movie_poster_cover/lpst/public/p794569169.jpg,莉莉·沃卓斯基,1996-10-04, 美国,詹妮弗·提莉 / 吉娜·格申 / 乔·潘托里亚诺 / 约翰·P.瑞安 / ,8.2
马文的房间 Marvin's Room,https://img3.doubanio.com/view/movie_poster_cover/lpst/public/p2158366606.jpg,杰瑞·扎克斯,1996-12-18, 美国,梅丽尔·斯特里普 / 莱昂纳多·迪卡普里奥 / 黛安·基顿 / 罗伯特·德尼罗 / 休姆·克罗宁 / ,7.7
天降财神,https://img3.doubanio.com/lpic/s2749041.jpg,萧显辉,1996-05-06, 香港,欧阳震华 / 陈妙瑛 / 郭晋安 / 徐濠莹 / ,7.0
英雄无悔,https://img3.doubanio.com/view/movie_poster_cover/lpst/public/p2375022971.jpg,贺梦凡,1996, 中国大陆,濮存昕 / 李婷 / 张力维 / 袁立 / 王玉璋 / 王新军 / 周晓莉 / ,8.1
瓶装火箭 Bottle Rocket,https://img3.doubanio.com/view/movie_poster_cover/lpst/public/p456204312.jpg,韦斯·安德森,1996-02-21, 美国,卢克·威尔逊 / 欧文·威尔逊 / Robert Musgrave / ,7.1
史努比的故事 Snoopy's Story,https://img3.doubanio.com/lpic/s3144304.jpg,查尔斯.舒尔茨,, 美国,盖．德法理亚 / 琳达．门德尔松 / ,9.2
沉睡者 Sleepers,https://img1.doubanio.com/view/movie_poster_cover/lpst/public/p2376962179.jpg,巴瑞·莱文森,1996-10-18, 美国,凯文·贝肯 / 比利·克鲁德普 / 布拉德·皮特 / 罗伯特·德尼罗 / 朗·埃达德 / 明妮·德里弗 / 维托里奥·加斯曼 / 杰森·帕特里克 / ,7.8
河东狮吼,https://img3.doubanio.com/view/movie_poster_cover/lpst/public/p2181127593.jpg,邝业生,, 香港,关咏荷 / 廖伟雄 / 林家栋 / 傅明宪 / 黄纪莹 / ,6.8
贝隆夫人 Evita,https://img3.doubanio.com/view/movie_poster_cover/lpst/public/p1402610916.jpg,艾伦·帕克,1996-12-14, 美国,麦当娜 / 安东尼奥·班德拉斯 / 乔纳森·普雷斯 / 杰米·内尔 / ,7.7
玛蒂尔达 Matilda,https://img3.doubanio.com/lpic/s2734704.jpg,丹尼 迪维图 (Danny DeVito),1996-08-02, 美国,,7.9
动物性本能3 Animal Instincts III,https://img3.doubanio.com/view/movie_poster_cover/lpst/public/p2342474654.jpg,葛雷格瑞·达克,1996, 美国,Alexander Keith / James Matthew / ,4.3
艾玛 Emma,https://img3.doubanio.com/view/movie_poster_cover/lpst/public/p1014299656.jpg,Douglas McGrath,1996-08-02, 英国 / 美国,格温妮斯·帕特洛 / 托妮·科莱特 / 伊万·麦克格雷格 / 詹姆斯·卡沙莫 / ,7.4
若叶时代 若葉のころ,https://img1.doubanio.com/view/movie_poster_cover/lpst/public/p2174448569.jpg,吉田健,1996-04-12(日本), 日本,堂本刚 / 堂本光一 / 奥菜惠 / 根津甚八 / 宅麻伸 / 小桥贤儿 / ,8.5
破浪 Breaking the Waves,https://img3.doubanio.com/view/movie_poster_cover/lpst/public/p762255833.jpg,拉斯·冯·提尔,"1996-05-03(戛纳电影节),1996-07-05(丹麦)", 丹麦 / 瑞典 / 法国 / 荷兰 / 挪威 / 冰岛 / 西班牙,艾米丽·沃森 / 斯特兰·斯卡斯加德 / 凯特琳·卡特利吉 / 让-马克·巴尔 / 阿德里安·劳林斯 / Jonathan Hackett / Sandra Voe / 乌多·奇尔 / Mikkel Gaup / Roef Ragas / Phil McCall / Robert Robertson / Desmond Reilly / Sarah Gudgeon / ,8.1
蒸发密令 Eraser,https://img3.doubanio.com/view/movie_poster_cover/lpst/public/p2398105543.jpg,查克·拉塞尔,1996-06-21(美国), 美国,阿诺·施瓦辛格 / 詹姆斯·肯恩 / 凡妮莎·威廉斯 / 詹姆斯·柯本 / 罗伯特·帕斯托莱利 / 詹姆斯·克伦威尔 / 丹尼·努齐 / Andy Romano / 尼克·齐兰德 / 迈克尔·帕帕约翰 / 乔·维特雷利 / 马克·罗斯顿 / 约翰·斯拉特里 / Robert Miranda / 罗马·玛菲娅 / Tony Longo / 格里·贝克尔 / John Snyder / 梅罗拉·沃特斯 / 奥莱克·克鲁帕 / Cylk Cozart / K·托德·弗里曼 / 罗科·西斯托 / Gerald Berns / 斯蒂芬·福特 / 伊斯梅尔·伊斯特·卡尔罗 / Tommy J. Huff / Rick Batalla / Michael Gregory / 帕特里克·基尔帕特里克 / 斯基普·萨德思 / Denis Forest / ,7.2
空中大灌篮 Space Jam,https://img3.doubanio.com/view/movie_poster_cover/lpst/public/p843918684.jpg,乔·皮特卡,"1997-07-15(中国大陆),1996-11-15(美国)", 美国,迈克尔·乔丹 / 比利·维斯特 / 特里萨·兰德尔 / ,6.9
第八日 Le huitième jour,https://img3.doubanio.com/view/movie_poster_cover/lpst/public/p1184771401.jpg,雅克·范·多梅尔,1996-05-22, 比利时 / 法国 / 英国,丹尼尔·奥图 / 帕斯卡·杜奎奈 / ,8.4
哈姆雷特 Hamlet,https://img1.doubanio.com/view/movie_poster_cover/lpst/public/p2195389799.jpg,肯尼思·布拉纳,1996-12-25(美国), 英国 / 美国,理查德·阿滕伯勒 / 大卫·布莱尔 / 布耐恩·布莱塞得 / 肯尼思·布拉纳 / 理查德·布赖尔斯 / 迈克尔·布莱恩特 / 朱莉·克里斯蒂 / 比利·克里斯托 / 朱迪·丹奇 / 杰拉尔·德帕迪约 / 里斯·丁斯代尔 / ,8.1
秦颂,https://img3.doubanio.com/view/movie_poster_cover/lpst/public/p802403853.jpg,周晓文,1996-10-31, 中国大陆 / 香港,姜文 / 葛优 / 许晴 / 戈治均 / 王庆祥 / 邸国强 / ,7.3
人人都说我爱你 Everyone Says I Love You,https://img3.doubanio.com/view/movie_poster_cover/lpst/public/p729448363.jpg,伍迪·艾伦,1997-01-03, 美国,伍迪·艾伦 / 娜塔莎·雷昂 / 朱莉娅·罗伯茨 / 爱德华·诺顿 / 德鲁·巴里摩尔 / 蒂姆·罗斯 / 娜塔莉·波特曼 / 阿伦·阿尔达 / 盖比·霍夫曼 / ,7.3
猪堕井的那天 돼지가우물에빠진날,https://img3.doubanio.com/view/movie_poster_cover/lpst/public/p606115055.jpg,洪尚秀,1996-05-04(韩国), 韩国,金义城 / 赵银淑 / 李应敬 / 方银姬 / ,7.2
非常公寓 L'appartement,https://img1.doubanio.com/view/movie_poster_cover/lpst/public/p581851559.jpg,吉勒斯·米莫尼,1996-07-27, 法国 / 西班牙 / 意大利,文森特·卡索 / 莫妮卡·贝鲁奇 / 罗曼娜·波琳热 / ,8.2
今天不回家,https://img3.doubanio.com/view/movie_poster_cover/lpst/public/p1417455894.jpg,张艾嘉,1996-07-04, 台湾,郎雄 / 归亚蕾 / 赵文瑄 / 刘若英 / 陈小春 / 杜德伟 / 杨贵媚 / ,7.8
变形金刚：超能勇士 Beast Wars: Transformers,https://img3.doubanio.com/view/movie_poster_cover/lpst/public/p2159515343.jpg,James Boshier,1996-08-06, 加拿大,Don Brown / Jim Byrnes / ,8.9
钟楼怪人 The Hunchback of Notre Dame,https://img1.doubanio.com/view/movie_poster_cover/lpst/public/p1833035739.jpg,加里·特洛斯达勒,1996-06-21, 美国,,7.6
刑事侦缉档案2 刑事偵緝檔案Ⅱ,https://img3.doubanio.com/view/movie_poster_cover/lpst/public/p2393632493.jpg,黄伟声,1995-12-11(香港), 香港,陶大宇 / 郭可盈 / 郭蔼明 / 梁荣忠 / 苏玉华 / 郑秀文 / 林漪娸 / 楼南光 / 苏杏璇 / ,8.3
东宫西宫 東宮西宮,https://img3.doubanio.com/view/movie_poster_cover/lpst/public/p944507896.jpg,张元,1996-11(马德普拉塔电影节), 中国,司汗 / 胡军 / 叶静 / 赵薇 / 刘欲晓 / ,6.6
我猜我猜我猜猜猜,https://img3.doubanio.com/lpic/s6950052.jpg,詹仁雄,1996, 台湾,吴宗宪 / 徐熙媛 / 徐熙娣 / 阿雅 / 杨丞琳 / ,8.2
浮云世事 Kauas pilvet karkaavat,https://img3.doubanio.com/view/movie_poster_cover/lpst/public/p1247621263.jpg,阿基·考里斯马基,1996-01-26, 芬兰,卡蒂·奥廷宁 / Kari Väänänen / 叶琳娜·萨罗 / Sakari Kuosmanen / ,8.3
欢乐一家亲 第四季 Frasier Season 4,https://img3.doubanio.com/view/movie_poster_cover/lpst/public/p2389186615.jpg,,1996-09-17, 美国,凯尔希·格兰莫 / 简·丽芙丝 Jane Leeves / 大卫·海德·皮尔斯 David Hyde Pierce / 佩里·吉普林 Peri Gilpin / ,9.5
谈谈情跳跳舞 Shall we ダンス?,https://img1.doubanio.com/view/movie_poster_cover/lpst/public/p1696723957.jpg,周防正行,1996-01-27(日本), 日本,役所广司 / 草刈民代 / ,8.2
龙卷风 Twister,https://img3.doubanio.com/view/movie_poster_cover/lpst/public/p1111200030.jpg,扬·德·邦特,1996-05-10, 美国,海伦·亨特 / 比尔·帕克斯顿 / 加利·艾尔维斯 / 杰米·格尔兹 / ,7.2
虎度门,https://img1.doubanio.com/view/movie_poster_cover/lpst/public/p2190023207.jpg,舒琪,1996-04-04, 香港,萧芳芳 / 袁咏仪 / 李子雄 / 陈晓东 / 吴大维 / 钟景辉 / 李司棋 / 李香琴 / ,8.3
101真狗 101 Dalmatians,https://img1.doubanio.com/view/movie_poster_cover/lpst/public/p1686474657.jpg,斯蒂芬·赫瑞克,1996-11-27(美国), 美国,格伦·克洛斯 / 杰夫·丹尼尔斯 / 乔莉·理查德森 / 琼·普莱怀特 / ,7.3
古惑仔2之猛龙过江,https://img1.doubanio.com/view/movie_poster_cover/lpst/public/p722782989.jpg,刘伟强,1996-03-30(香港), 香港,郑伊健 / 陈小春 / 黎姿 / 邱淑贞 / 林晓峰 / 谢天华 / 朱永棠 / 黄秋生 / 任达华 / 雷震 / 柯受良 / 谭小环 / ,7.5
变脸,https://img3.doubanio.com/view/movie_poster_cover/lpst/public/p753434191.jpg,吴天明,1996-9, 中国大陆 / 香港,朱旭 / 周任莹 / 赵志刚 / ,8.6
浪客剑心 るろうに剣心 -明治剣客浪漫譚-,https://img3.doubanio.com/view/movie_poster_cover/lpst/public/p2257373385.jpg,古桥一浩,1996-01-10(日本), 日本,凉风真世 / 藤谷美纪 / 上田祐司 / 岩男润子 / 富永美伊奈 / 池田政典 / 日高法子 / 安原义人 / 土井美加 / 铃置洋孝 / 池田秀一 / ,8.8
杀手安全套 Kondom des Grauens,https://img3.doubanio.com/view/movie_poster_cover/lpst/public/p1365070025.jpg,Martin Walz,1996-08-29, 德国 / 瑞士,Udo Samel / Peter Lohmeyer / ,7.2
冒险王 冒險王,https://img3.doubanio.com/view/movie_poster_cover/lpst/public/p2165822525.jpg,程小东,1996-02-10, 香港,李连杰 / 关之琳 / 金城武 / 杨采妮 / ,6.6
秘密与谎言 Secrets & Lies,https://img3.doubanio.com/view/movie_poster_cover/lpst/public/p2409793183.jpg,迈克·李,1996-05-24, 英国 / 法国,蒂莫西·斯波 / 菲利斯·洛根 / 布兰达·布莱斯 / 克莱尔·拉什布鲁克 / 玛丽安娜·琼-巴普蒂斯特 / 伊丽莎白·贝林顿 / 米歇尔·奥斯丁   / 李·罗斯 / 莱丝利·曼维尔 / 罗恩·库克 / Emma Amos / 布莱恩·博维尔 / Trevor Laird / Clare Perkins / ,8.2
天地男儿 天地男兒,https://img3.doubanio.com/view/movie_poster_cover/lpst/public/p2372489543.jpg,戚其义,1996-02-05(香港), 香港,郑少秋 / 罗嘉良 / 张智霖 / 陈松伶 / 宣萱 / 古天乐 / ,8.5
白线流 白線流し,https://img1.doubanio.com/lpic/s2143308.jpg,木村达昭,1996-01-11(日本), 日本,长濑智也 / 酒井美纪 / 余贵美子 / 松本留美 / 山本圭 / 京野琴美 / 柏原崇 / 马渕英俚可 / 中村龙 / 游井亮子 / ,8.9
警察故事4：简单任务 警察故事4之簡單任務,https://img3.doubanio.com/view/movie_poster_cover/lpst/public/p1754446563.jpg,唐季礼,1996-02-10, 香港 / 美国 / 澳大利亚 / 俄罗斯,成龙 / 董骠 / 楼学贤 / 吴辰君 / Elaine George / 黎强根 / ,7.2
大草原上的小老鼠,https://img3.doubanio.com/lpic/s3164682.jpg,王力平,1996, 美国 / 中国大陆,,8.1
闪亮的风采 Shine,https://img1.doubanio.com/view/movie_poster_cover/lpst/public/p2406770137.jpg,斯科特·希克斯,"1996-01-21(圣丹斯电影节),1996-08-15(澳大利亚)", 澳大利亚,杰弗里·拉什 / Justin Braine / Sonia Todd / 克里斯·海伍德 / 亚历克斯·拉法洛维茨 / Gordon Poole / 阿明·缪勒-斯塔尔 / 尼古拉斯·贝尔 / Danielle Cox / Rebecca Gooden / Marta Kaczmarek / John Cousins / 诺亚·泰勒 / Paul Linkson / Randall Berger / Beverley Vaughan / Phyllis Burford / 乔姬·韦瑟斯 / Maria Dafnero / Stephen Sheehan / Marianna Doherty / Camilla James / 约翰·吉尔古德 / David King / Helen Dowell / Louise Dorling / Richard Hansell / Robert Hands / 马克·沃伦 / Joey Kennedy / Ellen Cressey / Beverley Dunn / 琳恩·雷德格瑞夫 / Ella Scott Lynch / Jethro Heysen-Hicks / ,8.5
火星人玩转地球 Mars Attacks!,https://img3.doubanio.com/view/movie_poster_cover/lpst/public/p1079311904.jpg,蒂姆·波顿,1996-12-13(美国), 美国,杰克·尼科尔森 / 格伦·克洛斯 / 杰克·布莱克 / 安妮特·贝宁 / 皮尔斯·布鲁斯南 / 丹尼·德维托 / 马丁·肖特 / 莎拉·杰茜卡·帕克 / 迈克尔·J·福克斯 / ,7.2
甜心先生 Jerry Maguire,https://img3.doubanio.com/view/movie_poster_cover/lpst/public/p494586571.jpg,卡梅伦·克罗,1996-12-13(美国), 美国,汤姆·克鲁斯 / 蕾妮·齐薇格 / 小库珀·古丁 / 凯利·普雷斯顿 / 杰瑞·奥康奈尔 / 杰·摩尔 / 邦尼·亨特 / 雷吉娜·金 / 乔纳森·利普尼基 / 托德·路易斯 / 马克·佩灵顿 / ,7.4
豹神 Le Jaguar,https://img3.doubanio.com/view/movie_poster_cover/lpst/public/p2388234372.jpg,法兰西斯·威柏,1996-10-09, 法国,让·雷诺 / 帕特里克·布鲁尔 / ,6.3
杀出个黎明 From Dusk Till Dawn,https://img3.doubanio.com/view/movie_poster_cover/lpst/public/p1776544990.jpg,罗伯特·罗德里格兹,1996-01-19, 美国,乔治·克鲁尼 / 昆汀·塔伦蒂诺 / 哈威·凯特尔 / 朱丽叶特·刘易斯 / 萨尔玛·海耶克 / 迈克尔·帕克斯 / ,7.5
断箭 Broken Arrow,https://img3.doubanio.com/view/movie_poster_cover/lpst/public/p2372795946.jpg,吴宇森,1996-02-09(美国), 美国,约翰·特拉沃尔塔 / 克里斯蒂安·史莱特 / 萨曼莎·玛西丝 / 戴尔里·林多 / 鲍勃·冈顿 / 弗兰克·威利 / Howie Long / 沃迪·科蒂斯·霍尔 / 杰克·汤普森 / 维托·鲁吉尼斯 / Ousaun Elam / 肖恩·托布  / 凯西·比格斯 / Jeffrey Stephan / Joey Box / Jon W. Kishi / Myke Schwartz / Jim Palmer / Vince Deadrick Sr. / Charlie Brewer / Gary Epper / Mario Roberts / J.N. Roberts / 柯特伍德·史密斯 / 丹尼尔·冯·巴根 / Bruce Holman / ,7.2
惊声尖叫 Scream,https://img1.doubanio.com/view/movie_poster_cover/lpst/public/p2162077509.jpg,韦斯·克雷文,1996-12-20, 美国,内芙·坎贝尔 / 斯基特·乌尔里奇 / 柯特妮·考克斯 / 大卫·阿奎特 / 德鲁·巴里摩尔 / ,7.0
古惑仔3之只手遮天 古惑仔3之隻手遮天,https://img3.doubanio.com/view/movie_poster_cover/lpst/public/p1353783776.jpg,刘伟强,1996-06-29, 香港,郑伊健 / 陈小春 / 张耀扬 / 莫文蔚 / 黎姿 / 任达华 / 林晓峰 / 朱永棠 / 林尚义 / 谢天华 / 黄秋生 / 柯受良 / ,7.5
一诺千金 La promesse,https://img3.doubanio.com/view/movie_poster_cover/lpst/public/p1651159323.jpg,让-皮埃尔·达内,1996-10-16, 比利时 / 法国 / 卢森堡,杰瑞米·雷尼耶 / 奥利弗·古尔迈 / ,8.3
大三元,https://img1.doubanio.com/view/movie_poster_cover/lpst/public/p975168557.jpg,徐克,1996-02-15, 香港,张国荣 / 袁咏仪 / 刘青云 / 陈锦鸿 / 江欣燕 / 熊欣欣 / 洪欣 / 冯蔚衡 / ,7.2
夏天的故事 Conte d'été,https://img3.doubanio.com/view/movie_poster_cover/lpst/public/p1404178381.jpg,埃里克·侯麦,1996-06-05, 法国,梅尔维尔·珀波 / 阿曼达·朗格勒 / ,8.2
死亡论文 Tesis,https://img3.doubanio.com/view/movie_poster_cover/lpst/public/p2203874111.jpg,亚历杭德罗·阿梅纳瓦尔,1996-04-12, 西班牙,安娜·托伦特 / 费雷·马丁内兹 / ,7.5
绅士刑警2 古畑任三郎 2nd Season,https://img3.doubanio.com/lpic/s2874546.jpg,河野圭太,1996-01-10(日本), 日本,田村正和 / 西村雅彦 / 小林隆 / 白井晃 / 明石家秋刀鱼 / 泽口靖子 / 草刈正雄 / 木村拓哉 / 唐泽寿明 / 松隆子 / 铃木保奈美 / 伊藤俊人 / 加藤治子 / 泽村藤十郎 / 山城新伍 / ,9.3
南国再见，南国 南國再見，南國,https://img3.doubanio.com/view/movie_poster_cover/lpst/public/p2412811816.jpg,侯孝贤,1996-09-06(多伦多电影节), 台湾,高捷 / 林强 / 伊能静 / 徐贵樱 / ,7.9
宰相刘罗锅,https://img3.doubanio.com/view/movie_poster_cover/lpst/public/p1639086572.jpg,张子恩,, 中国大陆,李保田 / 张国立 / 王刚 / 邓婕 / ,8.0
偷偷爱你 偷偷愛你,https://img3.doubanio.com/view/movie_poster_cover/lpst/public/p2170507146.jpg,谭朗昌,1996-01-04(香港), 香港,梁朝伟 / 邱淑贞 / 葛民辉 / 刘锦玲 / 乔宏 / 黄秋生 / ,7.8
古惑仔之人在江湖,https://img3.doubanio.com/view/movie_poster_cover/lpst/public/p1353779844.jpg,刘伟强,1996-01-25(香港), 香港,郑伊健 / 陈小春 / 吴镇宇 / 黎姿 / 林晓峰 / 谢天华 / 林尚义 / 朱永棠 / 吴志雄 / 任达华 / 夏萍 / 罗兰 / 王龙威 / ,7.8
四驱兄弟 爆走兄弟レッツ&ゴー!!,https://img3.doubanio.com/lpic/s4650462.jpg,纲野哲朗,1996-01-08(日本), 日本,安藤亚里沙 / 池泽春菜 / 高乃丽 / 神代知衣 / 渡边久美子 / 今井由香 Yuka Imai / ,7.7
春天情书 （ハル）,https://img1.doubanio.com/view/movie_poster_cover/lpst/public/p2327619627.jpg,森田芳光,1996-03-09(日本), 日本,深津绘里 / 内野圣阳 / 户田菜穗 / ,8.4
一吻定情 イタズラなKiss,https://img1.doubanio.com/view/movie_poster_cover/lpst/public/p1988152288.jpg,森田光则,1996-10-14(日本), 日本,柏原崇 / 佐藤蓝子 / 内藤刚志 / 浅田美代子 / 小泽真珠 / 青木伸辅 / ,8.4
迪迦奥特曼 ウルトラマンティガ,https://img1.doubanio.com/view/movie_poster_cover/lpst/public/p2316166628.jpg,村石宏實,1996-09-06(日本), 日本,长野博 / 吉本多香美 / 高树澪 / 大滝明利 / 増田由起夫 / 影丸茂樹 / 古屋畅一 / ,8.0
笑傲江湖,https://img1.doubanio.com/view/movie_poster_cover/lpst/public/p2225031027.jpg,刘国豪,1996-06-24(香港), 香港,吕颂贤 / 梁艺龄 / 何宝生 / 陈少霞 / 何美钿 / 鲍方 / 鲁振顺 / 王伟 / 郑柏麟 / 陈鸿烈 / 罗乐林 / 黎汉持 / 唐宁 / 刘江 / 李龙基 / 蔡国庆 / 朱铁和 / 郑家生  / 古明华 / 黎耀祥 / 陈荣峻 / 梁舜燕 / 罗兰 / ,8.2
西游记 西遊記,https://img1.doubanio.com/view/movie_poster_cover/lpst/public/p2285470127.jpg,刘仕裕,1996-11-18(香港), 香港,江华 / 张卫健 / 黎耀祥 / ,7.2
老友记  第三季 Friends Season 3,https://img3.doubanio.com/view/movie_poster_cover/lpst/public/p2195389285.jpg,Gail Mancuso,1996-09-16(美国), 美国,詹妮弗·安妮斯顿 / 柯特妮·考克斯 / 丽莎·库卓 / 马特·勒布朗 / 马修·派瑞 / ,9.7
