电影名,海报链接,导演,时间,地区,演员,评分
空军一号 Air Force One,https://img3.doubanio.com/view/movie_poster_cover/lpst/public/p2143835662.jpg,沃尔夫冈·彼德森,"1997-07-21(加州洛杉矶世纪城首映),1997-07-25(美国)", 美国 / 德国,哈里森·福特 / 加里·奥德曼 / 格伦·克洛斯 / 温迪·古逊 / 利塞尔·马修斯 / 保罗·吉尔福伊尔 / 山德·贝克利 / 威廉姆·H·梅西 / 迪恩·斯托克维尔 / 汤姆·埃沃雷特 / 尤尔根·普洛斯诺 / Donna Bullock / Michael Ray Miller / Carl Weintraub / Elester Latham / 埃利亚·巴斯金 / Levan Uchaneishvili / David Vadim / 安德鲁·迪沃夫 / 伊利亚·沃里克 / Chris Howell / 斯宾塞·加雷特 / 比尔·斯米托洛维奇 / 菲利浦·贝克·霍尔 / Albert Owens / 威拉德·E·普 / Alan Woolf / 丹·肖尔 / 大卫·简诺坡罗斯 / 格伦·莫肖尔 / Richard Doyle / 唐·麦克马纳斯 / ,7.4
洛城机密 L.A. Confidential,https://img1.doubanio.com/view/movie_poster_cover/lpst/public/p2268612099.jpg,柯蒂斯·汉森,1997-09-19(美国), 美国,凯文·史派西 / 罗素·克劳 / 盖·皮尔斯 / 詹姆斯·克伦威尔 / 金·贝辛格 / 丹尼·德维托 / 大卫·斯特雷泽恩 / 朗·瑞弗金 / 格拉汉姆·贝克尔 / 安贝尔·史密斯 / John Mahon / 保罗·吉尔福伊尔 / 马特·麦考伊 / 保罗·塞甘蒂 / 西蒙·贝克 / 达雷尔·桑迪 / 马里索尔·帕迪拉·桑切斯 / 格温达·迪肯 / 肖尼·弗里·琼斯 / 伊丽莎白·格兰里 / 桑德拉·泰勒 / ,8.6
香港制造,https://img3.doubanio.com/view/movie_poster_cover/lpst/public/p2149644720.jpg,陈果,1997-10-09, 香港,李灿森 / 严栩慈 / 李栋全 / 谭嘉荃 / 林洁芳 / ,8.1
樱桃的滋味 طعم گيلاس,https://img3.doubanio.com/view/movie_poster_cover/lpst/public/p1551889175.jpg,阿巴斯·基亚罗斯塔米,1997-05(戛纳电影节), 法国 / 伊朗,胡马云·埃沙迪 / Abdolrahman Bagheri / ,7.9
变脸 Face/Off,https://img3.doubanio.com/view/movie_poster_cover/lpst/public/p2173855883.jpg,吴宇森,1997-06-27(美国), 美国,约翰·特拉沃尔塔 / 尼古拉斯·凯奇 / 琼·艾伦 / 亚历桑德罗·尼沃拉 / 吉娜·格申 / 多米尼克·斯万 / 尼克·卡索维茨 / 哈威·普雷斯内尔 / 科鲁姆·费奥瑞 / 约翰·卡洛·林奇 / 希·庞德 / 罗伯特·维斯多姆 / 赵牡丹 / 詹姆斯·丹顿 / 马特·罗斯 / 克里斯·鲍尔 / Myles Jeffrey / David McCurley / 托马斯·简 / 汤米·弗拉纳根 / Dana Smith / Romy Windsor / 保罗•希普 / 柯克·鲍兹 / Lauren Sinclair / 本·里德 / Lisa Boyle / Linda Hoffman / 丹尼·马斯特森 / ,8.4
心理游戏 The Game,https://img3.doubanio.com/view/movie_poster_cover/lpst/public/p1717746930.jpg,大卫·芬奇,1997-09-12, 美国,迈克尔·道格拉斯 / 西恩·潘 / 黛博拉·卡拉·安格 / 詹姆斯·瑞布霍恩 / ,7.6
异形4 Alien: Resurrection,https://img1.doubanio.com/view/movie_poster_cover/lpst/public/p1101480167.jpg,让-皮埃尔·热内,"1997-11-06(巴黎首映),1997-11-26(美国)", 美国,西格妮·韦弗 / 薇诺娜·瑞德 / 多米尼克·皮诺 / 朗·普尔曼 / 加里·杜尔丹 / 迈克尔·维克特 / 基姆·弗劳尔斯 / 丹·哈达亚 / J·E·弗里曼 / 布拉德·道里夫 / 雷蒙德·克鲁斯 / ,7.5
黑金,https://img1.doubanio.com/view/movie_poster_cover/lpst/public/p1630080509.jpg,麦当杰,1997-12-23(香港), 香港,刘德华 / 梁家辉 / 孙佳君 / 吴辰君 / 郭静纯 / 钮承泽 / 赵文瑄 / 李立群 / ,7.6
半生缘 半生緣,https://img3.doubanio.com/view/movie_poster_cover/lpst/public/p1526661173.jpg,许鞍华,1997-09-12, 香港 / 中国大陆,黎明 / 吴倩莲 / 梅艳芳 / 黄磊 / 葛优 / 吴辰君 / 王志文 / ,7.7
狂蟒之灾 Anaconda,https://img1.doubanio.com/view/movie_poster_cover/lpst/public/p1261715918.jpg,路易斯·罗沙,1997-04-11, 巴西 / 美国 / 秘鲁,詹妮弗·洛佩兹 / 艾斯·库珀 / 强·沃特 / 埃里克·斯托尔兹 / 乔纳森·海德 / 欧文·威尔逊 / 卡瑞·伍尔 / 维森特·卡斯特兰莫斯 / 丹尼·特雷霍 / ,6.6
第五元素 The Fifth Element,https://img3.doubanio.com/view/movie_poster_cover/lpst/public/p2217639745.jpg,吕克·贝松,1997-05-07(法国), 法国,布鲁斯·威利斯 / 加里·奥德曼 / 伊安·霍姆 / 米拉·乔沃维奇 / 克里斯·塔克 / 卢克·贝里 / 布里翁·詹姆斯 / 汤米·利斯特 / 李·伊万斯 / 查理·科里德-米尔斯 / Tricky / 约翰·内威尔 / John Bluthal / 马修·卡索维茨 / 克里斯托弗·法里班克 / 麦温 / Kim Chan / Al Matthews / 约翰·贝内特 / Richard Leaf / 朱莉·T.华莱士 / ,7.9
冰风暴 The Ice Storm,https://img3.doubanio.com/view/movie_poster_cover/lpst/public/p791145802.jpg,李安,"1997-05-12(戛纳电影节),1997-11-26(美国),1998-03-11(法国)", 美国 / 法国,凯文·克莱恩 / 琼·艾伦 / 西格妮·韦弗 / 亨利·科泽尼 / 托比·马奎尔 / 克里斯蒂娜·里奇 / 伊利亚·伍德 / 亚当·汉拜德 / 大卫·克鲁霍尔特兹 / 杰米·谢尔丹 / 凯特·伯顿 / 威廉·凯恩 / 迈克尔·昆普斯蒂 / 玛雅·丹齐格 / ,7.9
侏罗纪公园2：失落的世界 The Lost World: Jurassic Park,https://img1.doubanio.com/view/movie_poster_cover/lpst/public/p1259571118.jpg,史蒂文·斯皮尔伯格,"1997-08-07(中国大陆),1997-05-19(洛杉矶首映),1997-05-23(美国)", 美国,杰夫·高布伦 / 朱丽安·摩尔 / 皮特·波斯尔思韦特 / 艾利斯·霍华德 / 理查德·阿滕伯勒 / 文斯·沃恩 / 凡妮莎·李·彻斯特 / 彼得·斯特曼 / 哈维·杰森 / 理查德·希夫 / Thomas F. Duffy / 约瑟夫·梅泽罗 / 阿丽亚娜·理查兹 / Thomas Rosales Jr. / ,7.4
星河战队 Starship Troopers,https://img1.doubanio.com/view/movie_poster_cover/lpst/public/p2209390417.jpg,保罗·范霍文,1997-11-07, 美国,卡斯帕·凡·迪恩 / 迪娜·迈耶 / 丹妮丝·理查兹 / 杰克·布塞 / 尼尔·帕特里克·哈里斯 / ,7.6
南海十三郎,https://img1.doubanio.com/view/movie_poster_cover/lpst/public/p2328424489.jpg,高志森,1997-05-15(香港), 香港,谢君豪 / 潘灿良 / 苏玉华 / 梁汉威 / 吴绮莉 / 黄霑 / ,9.0
超时空接触 Contact,https://img1.doubanio.com/view/movie_poster_cover/lpst/public/p453499268.jpg,罗伯特·泽米吉斯,1997-07-11, 美国,朱迪·福斯特 / 马修·麦康纳 / 吉娜·马隆 / 大卫·摩斯 / 威廉·菲德内尔 / 杰弗里·布莱克 / 安吉拉·贝塞特 / 约翰·赫特 / ,8.3
97家有喜事 97家有囍事,https://img1.doubanio.com/view/movie_poster_cover/lpst/public/p1148039347.jpg,张坚庭,1997-02-06(香港), 香港,周星驰 / 黄百鸣 / 吴镇宇 / 乔宏 / 伍咏薇 / 黎姿 / 吴倩莲 / 钟丽缇 / 周华健 / 李蕙敏 / 雷宇扬 / 罗冠兰 / 杨宝玲 / 张国荣 / 泰迪·罗宾 / 罗家英 / 周文健 / 何超仪 / 彭丹 / 江希文 / 朱洁仪 / ,7.4
幽灵公主 もののけ姫,https://img3.doubanio.com/view/movie_poster_cover/lpst/public/p1613191025.jpg,宫崎骏,1997-07-12, 日本,松田洋治 / 石田百合子 / 田中裕子 / 森光子 / 西村雅彦 / 上条恒彦 / 美轮明宏 / 森繁久弥 / 岛本须美 / 渡边哲 / 佐藤允 / 名古屋章 / ,8.8
心慌方 Cube,https://img3.doubanio.com/view/movie_poster_cover/lpst/public/p824373340.jpg,文森佐·纳塔利,1997-09-09(多伦多电影节), 加拿大,妮可·德波儿 / Nicky Guadagni / 大卫·休莱特 / 安德鲁·米勒 / 毛里斯·迪恩·温特 / ,8.0
趣味游戏 Funny Games,https://img3.doubanio.com/view/movie_poster_cover/lpst/public/p2190932815.jpg,迈克尔·哈内克,1997-05-14, 奥地利,苏珊娜·罗莎 / 乌尔里希·穆埃 / 亚诺·弗里斯奇 / 弗兰克·捷林 / Stefan Clapczynski / ,7.4
空中监狱 Con Air,https://img1.doubanio.com/view/movie_poster_cover/lpst/public/p1185211399.jpg,西蒙·韦斯特,1997-06-06(美国), 美国,尼古拉斯·凯奇 / 约翰·库萨克 / 约翰·马尔科维奇 / 文·瑞姆斯 / 科尔姆·米尼 / 麦凯尔泰·威廉逊 / 尼克·齐兰德 / 戴夫·查佩尔 / 雷切尔·蒂科汀 / 史蒂夫·布西密 / 丹尼·特雷霍 / 迈克·康纳·盖尼 / 兰德里·阿尔伯特 / 莫妮卡·波特 / 杰西·博雷格 / 何塞·祖尼加 / 耐德·巴拉米 / 约翰·罗斯留斯 / 弗瑞德里克·林恩 / 安吉拉·范泽斯通 / 道格·休切逊 / 大卫·莱姆希 / 埃米里奥·瑞弗拉 / 格雷格·科林斯 / 唐·戴维斯 / 雷诺里·圣地亚哥 / Steve Eastin / Brendan Kelly / Carl Ciarfalio / Marty McSorley / Bob Stephenson / Scott Ditty / Conrad Goode / Mario Roberts / Ty Granderson Jones / Earl Billings / Billy Devlin / Mark Ginther / Thomas Rosales Jr. / ,8.1
黑衣人 Men in Black,https://img3.doubanio.com/view/movie_poster_cover/lpst/public/p453512941.jpg,巴里·索南菲尔德,1997-07-02(美国), 美国,威尔·史密斯 / 汤米·李·琼斯 / 琳达·费奥伦蒂诺 / 文森特·多诺费奥 / 雷普·汤恩 / ,7.9
长大成人,https://img1.doubanio.com/view/movie_poster_cover/lpst/public/p2277665529.jpg,路学长,1997-11-18, 中国大陆,朱洪茂 / 朱洁 / 田壮壮 / 吕丽萍 / 李强 / 李易祥 / ,7.8
花火 HANA-BI,https://img3.doubanio.com/view/movie_poster_cover/lpst/public/p513347103.jpg,北野武,"1997-09-03(威尼斯电影节),1998-03-20(美国),1998-01-24(日本)", 日本,北野武 / 岸本加世子 / 大杉涟 / 寺岛进 / ,8.5
名侦探柯南：引爆摩天楼 名探偵コナン 時計じかけの摩天楼,https://img3.doubanio.com/view/movie_poster_cover/lpst/public/p453728121.jpg,儿玉兼嗣,1997-04-19(日本), 日本,高山南 / 山崎和佳奈 / 神谷明 / 茶风林 / 山口胜平 / 松井菜樱子 / 高木涉 / 岩居由希子 / 大谷育江 / ,8.3
妖夜慌踪 Lost Highway,https://img3.doubanio.com/view/movie_poster_cover/lpst/public/p2040157660.jpg,大卫·林奇,"1997-01-15(法国),1997-02-21(美国)", 法国 / 美国,比尔·普尔曼 / 帕特丽夏·阿奎特 / 巴萨扎·盖提 / 罗伯特·劳吉亚 / 罗伯特·布莱克 / 加里·布塞 / 露西·巴特勒 / 迈克尔·肖姆斯·维尔斯 / 理查德·普赖尔 / 娜塔莎·格雷格逊·瓦格纳 / 约翰·罗斯留斯 / 路易斯·艾波利托 / 杰克·科勒尔 / 斯科特·科菲 / 阿尔·加勒特 / 乔瓦尼·瑞比西 / 迈克尔·麦斯 / 亨利·罗林斯 / 爱沃瑞·欧欣 / 杰克·南斯 / 戴维·伯德 / 吉纳·罗斯 / F·威廉·帕克 / 盖伊·西纳 / ,8.1
雍正王朝,https://img1.doubanio.com/view/movie_poster_cover/lpst/public/p1844028639.jpg,胡玫,1999-01-03(中国大陆), 中国大陆,唐国强 / 焦晃 / 王绘春 / 杜雨露 / 徐敏 / 王辉 / 徐祖明 / 贾致罡 / 李定保 / 杜志国 / 常林 / 贺生伟 / 蔡鸿翔 / 赵毅 / 李颖 / 张彦春 / 夏和平 / 苗皓钧 / 刘魁 / 壮丽 / 施建岚 / 杨昊飞 / 姜光宇 / 韩熙明 / 袁世龙 / 廖丙炎 / 刘杰 / 万弘杰 / 胡荣华 / 陈志刚 / 赵刚 / 贾兆冀 / 张日辉 / 刘勇 / 蒋国印 / 陈凤桐 / 黄永铸 / 魏德山 / 许东 / 赵文亮 / 钱学格 / 任宝成 / 刘伟 / 张丹丹 / 李国立 / 黄湘阳 / 黄子千 / 王安秋 / 孙万清 / 康垂家 / 李桂生 / 李可 / 盛才新 / 尼格木图 / 张元昌 / 田松 / 武晔 / 杨惠礼 / 郑建民 / 黄忠 / 金风 / 刘晋 / 何金龙 / 陈昱 / 侯涛 / 李潭 / 党永德 / 李雨农 / 龚航宇 / 姜涛 / 赵冬柏 / 张新科 / 曹春萱 / ,8.7
未麻的部屋 Perfect Blue,https://img3.doubanio.com/view/movie_poster_cover/lpst/public/p1351050722.jpg,今敏,"1997-07(加拿大奇幻电影节),1998-02-28(日本)", 日本,岩男润子 / 松本梨香 / ,8.8
康熙微服私访记1,https://img1.doubanio.com/view/movie_poster_cover/lpst/public/p1334123758.jpg,张国立,1997, 中国大陆,张国立 / 邓婕 / 赵亮 / 侯堃 / 蒋勤勤 / 夏雨 / 杨若兮 / 刘淼 / 陶虹 / 俞立文 / 陈创 / 高虎 / 刘亚津 / 李丁 / 冯远征 / ,7.2
天龙八部 天龍八部,https://img1.doubanio.com/view/movie_poster_cover/lpst/public/p2346289959.jpg,李添胜,1997-07-28(香港), 香港,黄日华 / 陈浩民 / 樊少皇 / 李若彤 / 赵学而 / 刘玉翠 / 刘锦玲 / 张国强 / 潘志文 / 何美钿 / 招石文 / ,8.7
快乐大本营,https://img3.doubanio.com/view/movie_poster_cover/lpst/public/p2188597823.jpg,,1997-07-11(中国大陆), 中国大陆,何炅 / 吴昕 / 杜海涛 / 谢娜 / 李维嘉 / ,6.6
请回答1997 응답하라1997,https://img1.doubanio.com/view/movie_poster_cover/lpst/public/p2407174319.jpg,申源浩,2012-07-24(韩国), 韩国,郑恩地 / 徐仁国 / 申素率  / 殷志源 / 李浩沅 / 李时言 / 成东日 / 宋宗浩 / 李日花 / ,9.1
完全结婚手册 完全結婚手冊,https://img3.doubanio.com/lpic/s1800201.jpg,阮世生,1997-06-26, 香港,王敏德  / 陈小春 / 谷德昭 / 杨采妮 / ,6.7
思想武器 Mean Guns,https://img1.doubanio.com/lpic/s6938347.jpg,艾伯特 佩恩 (Albert Pyun),1997-07-10, 美国,克里斯多弗·兰伯特 / ,"
    "
不准掉头 U Turn,https://img1.doubanio.com/view/movie_poster_cover/lpst/public/p462532098.jpg,奥利佛·斯通,1997-10-03, 法国 / 美国,西恩·潘 / 尼克·诺特 / 詹妮弗·洛佩兹 / 比利·鲍伯·松顿 / 丽芙·泰勒 / 杰昆·菲尼克斯 / 克莱尔·丹妮丝 / ,8.0
只爱陌生人 Gadjo dilo,https://img1.doubanio.com/lpic/s2983639.jpg,托尼·加列夫,1997-8-10, 法国 / 罗马尼亚,罗曼·杜里斯 / 罗纳·哈特纳 / Izidor Serban / Ovidiu Balan / ,8.2
爱的秘密 Inventing the Abbotts,https://img3.doubanio.com/view/movie_poster_cover/lpst/public/p2423294400.jpg,帕特·奥康纳,1997-04-04(美国), 美国,丽芙·泰勒 / 詹妮弗·康纳利 / ,6.9
鸽之翼 The Wings of the Dove,https://img3.doubanio.com/view/movie_poster_cover/lpst/public/p2191677921.jpg,伊恩·索夫特雷,1997-09-04, 美国 / 英国,海伦娜·伯翰·卡特 / 莱纳斯·罗彻 / ,7.8
极度狂热 Fever Pitch,https://img3.doubanio.com/view/movie_poster_cover/lpst/public/p902002073.jpg,David Evans,1997-04-04, 英国,科林·费尔斯 / Ruth Gemmell / 马克·斯特朗 Mark Strong / ,8.2
回转寿尸,https://img1.doubanio.com/lpic/s3803879.jpg,叶伟信,1997-04-12, 香港,黄秋生 / 江希文 / 林晓峰 / 徐锦江 / 苑琼丹 / 梁荣忠 / 罗兰 / ,6.5
活火熔城 Volcano,https://img3.doubanio.com/view/movie_poster_cover/lpst/public/p734495941.jpg,米克·杰克逊,1997-04-25, 美国,汤米·李·琼斯 / 安·海切 / 盖比·霍夫曼 / 唐·钱德尔 / ,6.9
魔鬼佣兵 Mercenary (TV),https://img3.doubanio.com/lpic/s2982596.jpg,Avi Nesher,1997-01-17, 美国,Olivier Gruner / John Ritter / ,"
    "
美丽在唱歌 美麗在唱歌,https://img1.doubanio.com/lpic/s1410308.jpg,林正盛,1997-09-12, 台湾,刘若英 / 曾静 / ,6.6
狂人蓝调 Wild Man Blues,https://img3.doubanio.com/lpic/s2765816.jpg,芭芭拉·卡颇,1998-02-11, 美国,伍迪·艾伦 / ,7.7
网络迷宫 Nirvana,https://img3.doubanio.com/lpic/s4623716.jpg,加布里埃尔·萨瓦托雷斯,1997-01-24, 意大利 / 法国,克里斯多弗·兰伯特 / 迭戈·阿巴坦托诺 / ,7.1
失乐园 失楽園,https://img3.doubanio.com/view/movie_poster_cover/lpst/public/p2437533820.jpg,森田芳光,1997-05-10(日本), 日本,役所广司 / 寺尾聪 / 黑木瞳 / 柴俊夫 / 星野知子 / ,7.3
赌徒 A Játékos,https://img1.doubanio.com/lpic/s1684829.jpg,卡罗利·马克,1997-10-30, 荷兰 / 匈牙利 / 英国,迈克尔·刚本 / 乔迪·梅 / 波利·沃克 / 多米尼克·威斯特 / ,"
    "
顽皮小精灵 Little Ghost,https://img3.doubanio.com/lpic/s2690640.jpg,Linda Shayne,1997-12-30, 罗马尼亚 / 美国,Jim Fitzpatrick / 克里斯蒂娜·韦伯恩 / ,"
    "
梦幻天使,https://img3.doubanio.com/view/movie_poster_cover/lpst/public/p2374885861.jpg,彭芾,, 中国大陆,施大生 / 吴竞 / ,7.7
雪中一吻 Kysset som fikk snøen til å smelte,https://img1.doubanio.com/view/movie_poster_cover/lpst/public/p1933185357.jpg,Frank Mosvold,1997-10-23, 挪威,Kristian Dale Hakkelberg / Stian Barsnes Simonsen / ,7.4
勇气 勇気ということ,https://img3.doubanio.com/lpic/s4557010.jpg,细野英延,1997-08-23, 日本,堂本光一 / ,7.2
万事胜意,https://img3.doubanio.com/lpic/s4032741.jpg,杨志坚,1997, 香港,庞秋雁 / 宝佩如 / ,8.0
Happy M'Gee,https://img1.doubanio.com/lpic/s3950129.jpg,Barny Stoppard,1997, 英国,Jude Law / ,7.3
卑微的人生 Смиренная жизнь,https://img3.doubanio.com/lpic/s4637072.jpg,Aleksandr Sokurov,1997-05-22, 日本 / 俄罗斯,,8.1
双 2／デュオ,https://img3.doubanio.com/view/movie_poster_cover/lpst/public/p2341958730.jpg,诹访敦彦,1997-08-02(日本), 日本,柳爱里 / 西岛秀俊 / 渡边真起子 / 中村久美 / 大谷賢治郎 / 山本美雪 / ,8.2
Spice Girls: Live in Istanbul,https://img3.doubanio.com/lpic/s4126030.jpg,,1997, 美国,,"
    "
廉政追缉令 廉政追緝令,https://img1.doubanio.com/view/movie_poster_cover/lpst/public/p2182361858.jpg,梅小青,1997-11-24(香港), 香港,古天乐 / 袁洁莹 / 张兆辉 / ,7.7
紧急迫升 Elevated,https://img3.doubanio.com/lpic/s4393033.jpg,Vincenzo Natali,1997, 加拿大,Vickie Papavs / Bruce McFee / ,7.1
牡蛎与风的故事 A Ostra e o Vento,https://img3.doubanio.com/lpic/s3140814.jpg,小沃尔特·利马,1997-09-01, 巴西,Lima Duarte / Fernando Torres / ,8.0
地獄先生ぬ~べ~ 午前0時ぬ~ぺ~死す!,https://img3.doubanio.com/view/movie_poster_cover/lpst/public/p2178283233.jpg,,, 日本,,"
    "
地獄先生ぬ~べ~ 恐怖の夏休み!! 妖しの海の伝説!,https://img1.doubanio.com/view/movie_poster_cover/lpst/public/p2178283357.jpg,,, 日本,,"
    "
超级无敌追女仔II之狗仔雄心 超級無敵追女仔2之狗仔雄心,https://img3.doubanio.com/view/movie_poster_cover/lpst/public/p2293664751.jpg,曹建南,1997-12-20(香港), 香港,杨恭如 / 吴辰君 / 关秀媚 / 张文慈 / 张慧仪 / 陈百祥 / 雷宇扬 / ,5.7
欢乐一家亲 第五季 Frasier Season 5,https://img1.doubanio.com/lpic/s24508979.jpg,,1997-09-23, 美国,凯尔希·格兰莫 Kelsey Grammer / 大卫·海德·皮尔斯 / 大卫·海德·皮尔斯 David Hyde Pierce / 佩里·吉普林 Peri Gilpin / ,9.5
皇帝也风流,https://img1.doubanio.com/view/movie_poster_cover/lpst/public/p2363714567.jpg,罗棋,, 香港,徐锦江 / 曹查理 / 高飞 / 韩君玉 / 方依婷 / ,"
    "
英国病人 The English Patient,https://img3.doubanio.com/view/movie_poster_cover/lpst/public/p2408623752.jpg,安东尼·明格拉,"1996-12-06(美国),1997-03-14(英国)", 美国 / 英国,拉尔夫·费因斯 / 克里斯汀·斯科特·托马斯 / 朱丽叶·比诺什 / 威廉·达福 / 科林·费尔斯 / ,8.4
豪情盖天,https://img1.doubanio.com/lpic/s2587937.jpg,查传谊,1997-09-26, 香港,张智霖 / 吴镇宇 / ,6.6
桃色追捕令 Kiss the Girls,https://img3.doubanio.com/view/movie_poster_cover/lpst/public/p1286471713.jpg,加里·弗莱德,1997-11-13, 美国,摩根·弗里曼 / 艾什莉·贾德 / 加利·艾尔维斯 / 亚历克斯·麦克阿瑟 / ,6.6
飞天法宝 Flubber,https://img1.doubanio.com/view/movie_poster_cover/lpst/public/p812822139.jpg,莱斯·梅菲尔德,1997-11-26(美国), 美国,罗宾·威廉姆斯 / 马西娅·盖伊·哈登 / ,7.1
标心者 A Life Less Ordinary,https://img3.doubanio.com/view/movie_poster_cover/lpst/public/p1540089814.jpg,丹尼·博伊尔,1997-10-24, 英国 / 美国,伊万·麦克格雷格 / 卡梅隆·迪亚茨 / 霍利·亨特 / 戴尔里·林多 / ,6.8
"痞子大逃亡 Truth or Consequences, N.M.",https://img3.doubanio.com/view/movie_poster_cover/lpst/public/p2455935010.jpg,基弗·萨瑟兰,1997-05-02(美国), 美国,基弗·萨瑟兰 / 金·迪肯斯 / ,6.2
勇者无惧 Amistad,https://img1.doubanio.com/view/movie_poster_cover/lpst/public/p1568805309.jpg,史蒂文·斯皮尔伯格,1997-12-10, 美国,摩根·弗里曼 / 奈杰尔·霍桑 / 安东尼·霍普金斯 / 杰曼·翰苏 / 马修·麦康纳 / 大卫·佩默 / 皮特·波斯尔思韦特 / 斯特兰·斯卡斯加德 / 雷萨克·艾多堤 / Abu Bakaar Fofanah / 安娜·帕奎因 / 托马斯·米兰 / 切瓦特·埃加福特 / Derrick N. Ashong / ,8.2
割草叔叔 Lawn Dogs,https://img3.doubanio.com/view/movie_poster_cover/lpst/public/p1815869883.jpg,约翰·杜根,1997-11-21, 英国,米莎·巴顿 / 山姆·洛克威尔 / 克里斯托弗·麦克唐纳 / 凯瑟琳·奎南 / 布鲁斯·麦克吉尔 / ,8.7
安娜斯塔西娅 Anastasia,https://img3.doubanio.com/view/movie_poster_cover/lpst/public/p2267278440.jpg,唐·布鲁斯,1997-11-21(美国), 美国,梅格·瑞恩 / 约翰·库萨克 / ,7.2
误人子弟,https://img3.doubanio.com/lpic/s3947810.jpg,叶伟信,1997-10-25, 香港,林海峰 / 黄秋生 / 徐子淇 / 张达明 / 伍咏薇 / 叶广俭 / ,7.2
超级大间谍 Harriet the Spy,https://img3.doubanio.com/view/movie_poster_cover/lpst/public/p2251053533.jpg,Bronwen Hughes,1997-01-16, 美国,米歇尔·崔切伯格 / 格里高利·史密斯 / 凡妮莎·李·彻斯特 / 罗茜·欧唐内 / 吉恩·史密斯-卡梅隆 / 罗伯特·乔伊 / 艾萨·凯特 / ,7.2
十万火急,https://img1.doubanio.com/view/movie_poster_cover/lpst/public/p2354355608.jpg,杜琪峰,1997-01-03, 香港,刘青云 / 方中信 / 李若彤 / 刘松仁 / 黄卓玲 / 黄浩然 / 林雪 / 元彬 / ,7.3
猛鬼卡拉OK,https://img1.doubanio.com/lpic/s1497538.jpg,邓衍成,, 香港,陶大宇 / 陈法蓉 / 黎耀祥 / ,5.7
"又快又贱又失控 Fast, Cheap & Out of Control",https://img1.doubanio.com/view/movie_poster_cover/lpst/public/p2213235138.jpg,埃罗尔·莫里斯,1997-09-07, 美国,,7.9
再生侠 Spawn,https://img1.doubanio.com/view/movie_poster_cover/lpst/public/p1920044019.jpg,马可·A·Z·迪普,1997-08-01(美国), 美国,迈克尔·加·怀特 / 约翰·雷吉扎莫 / 马丁·辛 / 特里萨·兰德尔 / 尼科尔·威廉森 / D·B·斯威尼 / 美琳达·克拉克 / 米克·休斯 / 迈克尔·帕帕约翰 / 弗兰克·维尔克 / 小约翰·科思伦 / Sydni Beaudoin / Robia LaMorte / ,6.1
超级无敌追女仔,https://img3.doubanio.com/lpic/s3081146.jpg,邹凯光 (Matt Chow),1997, 香港,陈百祥 Pak-cheung Chan / 陶大宇 Tai Yu Michael Dao / ,5.6
甜言蜜语,https://img1.doubanio.com/view/movie_poster_cover/lpst/public/p1327882479.jpg,赵崇基,1999-11-18, 香港,古天乐 / 蒙嘉慧 / 黄浩然 / 区淑贞 / 谢鲁驷 / ,8.3
魔警杀手 Gang Related,https://img1.doubanio.com/lpic/s1447089.jpg,吉姆 科夫 (Jim Kouf),1997-10-08, 美国,詹姆斯·贝鲁什 / 图派克·夏库尔 / 莱拉·罗琼 / 詹姆斯·厄尔·琼斯 / ,"
    "
下课后 第一季 Recess Season 1,https://img3.doubanio.com/lpic/s3111213.jpg,,1997-08-31(美国), 美国,Andrew Lawrence / Ashley Johnson / ,8.5
我爱的男人 L'homme que j'aime,https://img1.doubanio.com/view/movie_poster_cover/lpst/public/p1741071297.jpg,Stéphane Giusti,1997-12-05(法国), 法国,让-米歇尔·波特尔 / 马希尔 迪 冯佐布 / 玛蒂尔德·瑟妮 / Vittoria Scognamiglio / Jacques Hansen / Stéphane Lévêque / Karim Lounis / Bernard Nissile / ,8.2
火烧岛之横行霸道 火燒島之橫行霸道,https://img3.doubanio.com/view/movie_poster_cover/lpst/public/p2183257491.jpg,朱延平,1997-04-25, 台湾 / 香港,吴奇隆 / 金城武 / 郝劭文 / 翁虹 / 楼学贤 / 黄秋生 / 陈松勇 / 吴孟达 / ,6.6
美味天王,https://img3.doubanio.com/lpic/s2724832.jpg,梁家树,1997-11-10, 香港,张可颐 / 关咏荷 / 欧阳震华 / 沈殿霞 / 古天乐 / 宣萱 / 秦沛 / ,7.7
临阵软脚 第一季 Cold Feet Season 1,https://img1.doubanio.com/view/movie_poster_cover/lpst/public/p2174757799.jpg,德克兰·罗内,1997-03-30(英国), 英国,詹姆斯·内斯比特 / 赫米奥娜·诺里斯 / John Thomson / 罗伯特·巴瑟斯特 / ,7.7
达尔玛和格里格 第一季 Dharma & Greg Season 1,https://img3.doubanio.com/lpic/s4138106.jpg,Dottie Dartland,1997-09-24(美国), 美国,珍娜·艾夫曼 / 托马斯·吉布森 / ,8.9
绝地苍狼,https://img1.doubanio.com/view/movie_poster_cover/lpst/public/p2261284658.jpg,,, 香港,任达华 / 唐文龙 / ,7.9
小鸟 Pajarico,https://img3.doubanio.com/lpic/s4066272.jpg,卡洛斯·绍拉,1997-09-20, 西班牙,弗朗西斯科·拉瓦尔 / Alejandro Martínez / ,7.4
Elisa antes del fin del mundo (1997),https://img3.doubanio.com/lpic/s4058771.jpg,Juan Antonio de la Riva,1997, 墨西哥,Sherlyn / Imanol / Rubén Rojo Aura / Susana Zabaleta / Dino García / Claudia Goytia / Agustín Torrestorija / Jorge Antolín / ,"
    "
皇家反千组,https://img3.doubanio.com/view/movie_poster_cover/lpst/public/p1903051025.jpg,邝业生,1997-01-06, 香港,欧阳震华 / 古巨基 / 傅明宪 / 陈法蓉 / 胡枫 / ,7.0
中华五千年历史故事,https://img1.doubanio.com/lpic/s3969267.jpg,,1997, 中国大陆,,8.4
娱乐百分百 娛樂百分百,https://img3.doubanio.com/view/movie_poster_cover/lpst/public/p2227859836.jpg,,, 台湾,徐熙媛 / 徐熙娣 / 罗志祥 / 黄鸿升 / 简恺乐 / 敖犬 / ,6.9
蝙蝠侠超人大电影-最佳搭档 The Batman Superman Movie: World's Finest,https://img1.doubanio.com/view/movie_poster_cover/lpst/public/p1819568309.jpg,Toshihiko Masuda,1997-11-04(美国), 美国,蒂姆·达利 / 达娜·德拉尼 / ,8.1
说谎游戏 Deceiver,https://img1.doubanio.com/view/movie_poster_cover/lpst/public/p2000346028.jpg,Jonas Pate,1997-11-12, 美国,Tim Roth / Chris Penn / ,7.4
波波安 第一季 Pepper Ann Season 1,https://img1.doubanio.com/lpic/s1928657.jpg,Brad Goodchild,1997-09-13, 美国,凯瑟琳·威尔霍特 / 艾普尔·温切尔 / ,8.3
烽火惊爆线 Welcome to Sarajevo,https://img3.doubanio.com/lpic/s2173494.jpg,迈克尔·温特伯顿,1997-11-06, 英国 / 美国,斯蒂芬·迪兰 / 伍迪·哈里森 / 玛丽莎·托梅 / Emira Nusevic / ,7.3
圣徒 The Saint,https://img3.doubanio.com/view/movie_poster_cover/lpst/public/p2238236993.jpg,菲利普·诺伊斯,"1997-04-03(加州比佛利山首映),1997-04-04(美国)", 美国,方·基默 / 伊丽莎白·苏 / 拉德·舍博德兹加 / 瓦列里·尼古拉耶夫 / 亨利·古德曼 / 艾伦·阿姆斯特朗 / 迈克尔·伯恩 / 叶夫盖尼·拉扎列夫 / 伊琳娜·阿贝克斯莫娃 / 列弗普雷古诺夫 / 夏洛特康威尔 / 艾米莉·莫迪默 / Lucija Serbedzija / 维利贝·托皮奇 / 汤米·弗拉纳根 / Egor Pazenko / ,7.0
歌手,https://img3.doubanio.com/f/movie/30c6263b6db26d055cbbe73fe653e29014142ea3/pics/movie/movie_default_large.png,霍建起,1997, 中国大陆,何晴 / 李亚鹏 / 胡军 / ,6.3
大力士 Hercules,https://img1.doubanio.com/view/movie_poster_cover/lpst/public/p1833038328.jpg,约翰·马斯克,1997-07-10, 美国,泰特·多诺万 / 乔什·基顿 / ,7.8
全赖我 All Over Me,https://img1.doubanio.com/view/movie_poster_cover/lpst/public/p877997547.jpg,Alex Sichel,1997-07-16, 美国,Alison Folland / Tara Subkoff / ,5.9
禁忌的女人 La femme défendue,https://img1.doubanio.com/lpic/s3788688.jpg,Philippe Harel,1997-09-24, 法国,伊莎贝尔·卡雷 / Philippe Harel / Nathalie Conio / Sophie Niedergang / ,7.8
夏天的大人们 夏時間の大人たち,https://img3.doubanio.com/view/movie_poster_cover/lpst/public/p1709949351.jpg,中岛哲也,1997-03-15(日本), 日本,日高圭智 / 菜木のり子 / 石川真希 / ,7.9
1号通缉令 Most Wanted,https://img3.doubanio.com/view/movie_poster_cover/lpst/public/p2174126451.jpg,David Hogan,"1998-12(中国大陆),1997-10-10(美国)", 美国,基伦·埃弗瑞·韦恩斯 / 强·沃特 / 吉尔·亨内斯 / 保罗·索维诺 / ,6.7
拜占庭：失落的帝国 Byzantium: The Lost Empire,https://img1.doubanio.com/lpic/s9087308.jpg,John Romer,1997, 美国,,7.6
哉阿斯奥特曼2：超人大战·光与影 ウルトラマンゼアス2 超人大戦・光と影,https://img3.doubanio.com/lpic/s3855840.jpg,小中和哉,1997-04-12, 日本,関口正晴 / 森次晃嗣 / 宮川一朗太 / 神田うの / 角田信朗 / アンディ・フグ / ,7.3
职业女郎 Career Girls,https://img3.doubanio.com/lpic/s3545240.jpg,迈克·李,1997-06-01, 英国 / 法国,凯特琳·卡特利吉 / Lynda Steadman / Kate Byers / 马克·本顿 / ,7.7
汉堡王子 Il principe di Homburg,https://img3.doubanio.com/view/movie_poster_cover/lpst/public/p2326720796.jpg,马可·贝罗奇奥,1997-05-08, 意大利,Andrea Di Stefano / Barbora Bobulova / Toni Bertorelli / Anita Laurenzi / Fabio Camilli / ,"
    "
龙珠GT特别篇：悟空外传! 勇气的证明四星珠! 悟空外伝！勇気の证は四星球！,https://img3.doubanio.com/lpic/s4375031.jpg,葛西治,1997-03-26, 日本,野泽雅子 / 皆口裕子 / ,7.7
哆啦A梦七小子与怪盗哆啦邦谜样的挑战书 ザ☆ドラえもんズ 怪盗ドラパン謎の挑戦状！,https://img1.doubanio.com/lpic/s24353518.jpg,,, 日本,,7.4
布拉格男妓 Mandragora,https://img3.doubanio.com/lpic/s4622942.jpg,Wiktor Grodecki,1997-10-23, 捷克,米罗斯拉夫·卡斯拉夫拉 (Miroslav Caslavka) / ,7.5
江湖奇侠传 江湖奇俠傳,https://img3.doubanio.com/view/movie_poster_cover/lpst/public/p2374992994.jpg,鞠觉亮,1997-09-03, 台湾,郑少秋 / 梁铮 / ,9.0
夏日吊带裙 Une robe d'été,https://img3.doubanio.com/lpic/s2664342.jpg,弗朗索瓦·欧容,1997-04-25, 法国,Sébastien Charles / Frédéric Mangenot / ,8.0
不眠之镜 镜は眠らない,https://img3.doubanio.com/f/movie/03d3c900d2a79a15dc1295154d5293a2d5ebd792/pics/movie/tv_default_large.png,,1997-10-22, 日本,三田佳子 / 仲代達矢 / 野波麻帆 / 阿部寛 / 谷原章介 / 角野卓造 / ,"
    "
BBC伟大的作曲家第五集：普契尼 Great Composers: Giacomo Puccini,https://img3.doubanio.com/lpic/s8982275.jpg,Chris Hunt,1997, 英国,,8.3
梦幻银河 ユメノ銀河,https://img3.doubanio.com/lpic/s1462382.jpg,石井岳龙,1997-02-15(日本), 日本,小岭丽奈 / 浅野忠信 / 京野琴美 / 岛田久作 / ,8.1
阿拉蕾 Dr.スランプ,https://img1.doubanio.com/view/movie_poster_cover/lpst/public/p453899209.jpg,山内重保,1997-11-26(日本), 日本,江守彻 / 古谷彻 / ,9.0
写给光明之梦的三首歌 光にむかう3つの夢想曲,https://img3.doubanio.com/view/movie_poster_cover/lpst/public/p2205313466.jpg,西周成,, 日本,ヤナ・エシーポヴィチ / ,"
    "
中转 T.R.A.N.S.I.T.,https://img1.doubanio.com/lpic/s4142237.jpg,皮特·克朗,1997, 英国 / 荷兰,,8.2
来自天使海湾的玛丽 Marie Baie des Anges,https://img1.doubanio.com/lpic/s2035498.jpg,Manuel Pradal,1997-09-10, 法国,Frédéric Malgras / 法伊娜·乔康 / ,"
    "
势不两立 The Edge,https://img3.doubanio.com/view/movie_poster_cover/lpst/public/p1899171406.jpg,李·塔玛霍瑞,1997-09-26(美国), 美国,安东尼·霍普金斯 / 亚历克·鲍德温 / 艾拉·麦克弗森 / 哈罗德·佩里诺 / ,7.9
圣徒 Saint,https://img3.doubanio.com/view/movie_poster_cover/lpst/public/p2079348771.jpg,巴沃·德弗恩,1997-06-24, 比利时,,6.8
飞狗巴迪 Air Bud,https://img3.doubanio.com/view/movie_poster_cover/lpst/public/p2238394111.jpg,查尔斯·马丁·史密斯,1997-08-01(美国), 美国 / 加拿大,迈克尔·杰特 / 凯文·席格斯 / ,8.2
艾美的世界 Amy,https://img3.doubanio.com/view/movie_poster_cover/lpst/public/p676443493.jpg,纳迪娅·塔斯,1997-09-12, 澳大利亚,艾拉娜·德·罗玛 / 瑞切尔·格里菲斯 / 本·门德尔森 / 凯瑞·阿姆斯特朗 / 威廉·扎帕 / 沙利文·斯特普尔顿 / 苏茜·波特 / ,8.6
红十字方队,https://img3.doubanio.com/view/movie_poster_cover/lpst/public/p2374793236.jpg,王文杰,1997, 中国大陆,罗刚 / 傅冲 / 刘威葳 / 杨圣文 / ,8.4
小猫虎子 Котёнок,https://img3.doubanio.com/lpic/s2632512.jpg,Ivan Popov,1997-12-18, 俄罗斯,Andrei Kuznetsov / Lyudmila Arinina / Aleksei Vojtyuk / Tatyana Grauz / ,9.1
神偷谍影 神偷諜影,https://img3.doubanio.com/view/movie_poster_cover/lpst/public/p1645210761.jpg,陈德森,1997-08-09, 香港,金城武 / 陈小春 / 杨采妮 / 李绮虹 / 王合喜 / ,6.8
德克斯特的实验室 第二季 Dexter's Laboratory Season 2,https://img3.doubanio.com/lpic/s2789856.jpg,格恩迪·塔塔科夫斯基,1997-07-16(美国), 美国,Kathryn Cressida / Christine Cavanaugh / ,9.4
阿拉斯加：荒野的精神 Alaska: Spirit of the Wild,https://img3.doubanio.com/lpic/s2966113.jpg,George Casey,1997, 美国,,8.5
真命小和尚,https://img3.doubanio.com/view/movie_poster_cover/lpst/public/p2373056752.jpg,,, 中国大陆 / 新加坡,曹骏 / 淳于珊珊 / 陈天文 / ,7.1
迪迦奥特曼 37 花 ウルトラマンティガ 37 花,https://img3.doubanio.com/view/movie_poster_cover/lpst/public/p2168728190.jpg,实相寺昭雄,1997-05-17, 日本,长野博 / 吉本多香美 / 高树澪 / 大泷明利 / 增田由纪夫 / 影丸茂樹 / 古屋畅一 / 原知佐子 / 三轮仁美 / 广濑昌亮 / 智娜坊 / 川地民夫 / 富田昌则 / 角秀一 / ,"
    "
我爱厨房,https://img1.doubanio.com/view/movie_poster_cover/lpst/public/p2328608178.jpg,严浩,1997-10-01, 香港 / 日本,陈小春 / 罗家英 / 富田靖子 / ,7.4
迪迦奥特曼 49 奥特之星 ウルトラマンティガ 49 ウルトラの星,https://img3.doubanio.com/view/movie_poster_cover/lpst/public/p2169764171.jpg,满田穧,1997-08-09, 日本,长野博 / 吉本多香美 / 高树澪 / 大泷明利 / 增田由纪夫 / 影丸茂樹 / 古屋畅一 / 川地民夫 / 町田刚 / 泷田裕介 / 圆谷浩 / 冲田浩之 / 永仓大辅 / 浅见小四郎 / 河田裕史 / 田丸一男 / 外岛孝一 / 原田清人 / 赤木优 / 涉谷浩康 / ,8.7
黑骏马 黑駿馬,https://img3.doubanio.com/view/movie_poster_cover/lpst/public/p2193959153.jpg,谢飞,1997-04-02(美国), 香港 / 中国大陆,腾格尔 / ,7.7
赌城纵横 Hard Eight,https://img3.doubanio.com/view/movie_poster_cover/lpst/public/p1971114282.jpg,保罗·托马斯·安德森,1997-10-17, 美国,菲利浦·贝克·霍尔 / 约翰·C·赖利 / 格温妮斯·帕特洛 / 塞缪尔·杰克逊 / F·威廉·帕克 / 菲利普·塞默·霍夫曼 / ,6.8
事先张扬的身后事件 Roseanna's Grave,https://img1.doubanio.com/view/movie_poster_cover/lpst/public/p2173504038.jpg,保罗·韦兰德,1997-05-08, 美国 / 意大利,让·雷诺 / 梅塞迪丝·鲁尔 / 波利·沃克 / 保罗·穆勒 / Mark Frankel / 特雷弗·皮科克 / 菲·雷普利 / George Rossi / Giuseppe Cederna / 路易吉·迪贝尔蒂 / 雷纳托·斯卡帕 / ,8.1
黑玫瑰义结金兰,https://img3.doubanio.com/lpic/s3098512.jpg,元奎,1997-03-01, 香港,吴君如 / 薛家燕 / 柯受良 / 林海峰 / ,7.0
玛奇丝 Marquise,https://img1.doubanio.com/view/movie_poster_cover/lpst/public/p2331623598.jpg,维拉·贝蒙,1997-08-20, 法国 / 意大利 / 西班牙 / 瑞士,苏菲·玛索 / 贝纳·纪欧多 / 朗贝尔·维尔森 / 帕特里克·坦西 / ,6.7
兄弟 Брат,https://img3.doubanio.com/view/movie_poster_cover/lpst/public/p2205000896.jpg,阿历克塞·巴拉巴诺夫,1997-05-17, 俄罗斯,小谢尔盖·波德洛夫 / 维克托·苏霍卢科夫 / Svetlana Pismichenko / Mariya Zhukova / ,7.9
鸡与牛 第一季 Cow and Chicken Season 1,https://img1.doubanio.com/lpic/s3554508.jpg,David Feiss,1997-07-15(美国), 美国,查尔斯·阿德勒 / 迪·布拉雷·贝克尔 / Candi Milo / 迈克尔·多恩 / Howard Morris / ,9.1
极度失眠 Insomnia,https://img1.doubanio.com/view/movie_poster_cover/lpst/public/p2180372638.jpg,埃里克·斯柯比约格,1997-03-14, 挪威,Maria Mathiesen / 斯特兰·斯卡斯加德 / 斯威尔·安克·奥斯达 / Gisken Armand / ,7.3
双重火力 Double Team,https://img1.doubanio.com/view/movie_poster_cover/lpst/public/p2235618567.jpg,徐克,1997-04-04, 美国,尚格·云顿 / 丹尼斯·罗德曼 / 米基·洛克 / ,6.3
情陷撒哈拉 인샬라,https://img3.doubanio.com/lpic/s1662045.jpg,李珉镕,1997-01-18(韩国), 韩国,李英爱 / ,7.0
魔鬼女大兵 G.I. Jane,https://img3.doubanio.com/view/movie_poster_cover/lpst/public/p1262930991.jpg,雷德利·斯科特,1997-08-22, 美国,黛米·摩尔 / 维果·莫腾森 / 安妮·班克罗夫特 / ,7.2
超级赛车场 Super Speedway,https://img3.doubanio.com/lpic/s2662051.jpg,Stephen Low,1997, 加拿大 / 美国,,7.3
谁能带我回家 آینه,https://img3.doubanio.com/view/movie_poster_cover/lpst/public/p2257885534.jpg,贾法·帕纳西,1997-08-23, 伊朗,Mina Mohammad Khani / Kazem Mojdehi / ,7.8
司马迁,https://img1.doubanio.com/view/movie_poster_cover/lpst/public/p2191303417.jpg,杨洁,1997-10-20(中国大陆), 中国大陆,仇永力 / 王全有 / 张秋歌 / 许还山 / ,8.5
神探李奇,https://img3.doubanio.com/view/movie_poster_cover/lpst/public/p1145914725.jpg,梅小青,1997-08-03, 中国香港,罗嘉良 / 林家栋 / 张可颐 / ,7.9
乾隆大帝,https://img3.doubanio.com/view/movie_poster_cover/lpst/public/p2164193402.jpg,张乾文,1997, 香港,古天乐 / 翁虹 / ,6.8
探戈课 The Tango Lesson,https://img3.doubanio.com/view/movie_poster_cover/lpst/public/p2187909696.jpg,莎莉·波特,1997-11-28, 英国 / 法国 / 阿根廷 / 德国 / 荷兰,莎莉·波特 / Pablo Verón / David Toole / Morgane Maugran / Géraldine Maillet / ,8.4
新乱世佳人,https://img1.doubanio.com/view/movie_poster_cover/lpst/public/p2374140898.jpg,杨文军,, 中国大陆,恬妞 / 汤镇业 / 杨旻娜 / ,8.6
我們的勇氣 ぼくらの勇気 未滿都市,https://img3.doubanio.com/lpic/s1948916.jpg,"堤幸彥,池田健司",1997-10-18, 日本,堂本刚 / 堂本光一 / 宝生舞 / 小原裕贵 / 松本润 / 矢田亞希子 / ,8.6
简爱 Jane Eyre,https://img3.doubanio.com/lpic/s1798571.jpg,Robert Young,1997-03-09, UK / 英国,Samantha Morton / ,7.1
暗花,https://img3.doubanio.com/view/movie_poster_cover/lpst/public/p2159683290.jpg,游达志,1998-01-01, 香港,刘青云 / 梁朝伟 / 邵美琪 / 王天林 / 卢海鹏 / 郑浩南 / 林雪 / ,8.3
20世纪的乡愁 20世紀ノスタルジア,https://img1.doubanio.com/view/movie_poster_cover/lpst/public/p1765487247.jpg,原将人,1997-07-26, 日本,广末凉子 / 圆岛努 / ,7.4
终结暴力 The End of Violence,https://img3.doubanio.com/lpic/s1638816.jpg,维姆·文德斯,1997-09-12, 法国 / 德国 / 美国,Traci Lind / 比尔·普尔曼 / 安迪·麦克道威尔 / ,6.5
迷色嫌疑犯 Cenizas del paraíso,https://img3.doubanio.com/view/movie_poster_cover/lpst/public/p2329283880.jpg,马西路·品尼路 Marcelo Piñeyro,1999-05-27, 阿根廷,,7.1
黑衣警探 Men in Black: The Series,https://img3.doubanio.com/lpic/s2849150.jpg,Nathan Chew,1997-10-04, 美国,Gregg Berger / 凯斯·戴蒙德 / ,8.8
一场风花雪月的事,https://img3.doubanio.com/lpic/s2661430.jpg,赵宝刚,1997, 中国大陆,徐静蕾 / 濮存昕 / 刘汉强 / 姜武 / 丁志城 / 傅彪 / 杜志国 / 徐秀林 / 毛乐 / 冯雷 / 李梦男 / 刘金山 / ,7.4
细路祥 細路祥,https://img3.doubanio.com/view/movie_poster_cover/lpst/public/p1889086570.jpg,陈果,2000-01-13, 香港,姚月明 / 麦惠芬 / 麦雪雯 / 张醒超 / 徐天佑 / ,8.5
被诅咒与被遗忘的 Прокляты и забыты,https://img3.doubanio.com/lpic/s3786743.jpg,Инна Ванина,1997, 俄罗斯,Михаил Симаков / ,"
    "
悍将奇兵 Breakdown,https://img1.doubanio.com/view/movie_poster_cover/lpst/public/p2337738309.jpg,乔纳森·莫斯托,1997-08-28, 美国,库尔特·拉塞尔 / 凯瑟琳·奎南 / J.T. Walsh / 迈克·康纳·盖尼 / 杰克·诺斯沃迪 / ,7.3
周恩来外交风云,https://img3.doubanio.com/lpic/s1482693.jpg,傅红星,1997, 中国大陆,,8.4
律师本色 第一季 The Practice Season 1,https://img3.doubanio.com/view/movie_poster_cover/lpst/public/p2326823953.jpg,大卫·E·凯利,1997-03-04, 美国,劳拉·弗林·鲍尔 / 凯利·威廉姆斯 / ,9.1
拽妹黛薇儿 第一季 Daria Season 1,https://img3.doubanio.com/view/movie_poster_cover/lpst/public/p2260228555.jpg,,1997-03-03(美国), 美国,,9.2
永久家族,https://img3.doubanio.com/lpic/s1949330.jpg,森本晃司,1997-04, 日本,广濑正志 / 水原凛 / 水谷优子 / 山口胜平 / 神代知衣 / 水田山葵 / ,7.9
搞错人 The Wrong Guy,https://img1.doubanio.com/lpic/s1947347.jpg,David Steinberg,1997-08-01(加拿大), 加拿大 / 英国,大卫·弗利 / 詹妮弗·提莉 / ,8.2
十二怒汉 12 Angry Men,https://img1.doubanio.com/view/movie_poster_cover/lpst/public/p2337734157.jpg,威廉·弗莱德金,1997-08-17, 美国,杰克·莱蒙 / 乔治·C·斯科特 / ,8.8
闪灵 The Shining,https://img1.doubanio.com/view/movie_poster_cover/lpst/public/p1692665248.jpg,米克·加里斯,1997-04-27(美国), 美国,斯蒂文·韦伯 / 瑞贝卡·德·莫妮 / Courtland Mead / ,7.8
阴阳路2：我在你左右,https://img3.doubanio.com/lpic/s4485892.jpg,邱礼涛,1997-09-13, 香港,古天乐 / 雷宇扬 / 丁子峻 / 钱嘉乐 / 温裕虹 / 李蕙敏 / 吴志雄 / 张达明 / 黎耀祥 / 伍咏薇 / ,6.5
轻轻紧握你的手 君の手がささやいている,https://img1.doubanio.com/lpic/s3054817.jpg,新城毅彦,1997-12-15(日本), 日本,武田真治 / 菅野美穗 / 谷口舞 / 中村麻美 / 齐藤阳一郎 / 木内みどり / 本田博太郎 / 高樹沙耶 / 石田太郎 / ,9.3
神秘大亨 The Associate,https://img3.doubanio.com/view/movie_poster_cover/lpst/public/p2415347694.jpg,唐纳德·佩特瑞,1997-01-16, 美国,乌比·戈德堡 / 黛安·韦斯特 / 埃里·瓦拉赫 / ,7.2
中国匣 Chinese Box,https://img3.doubanio.com/view/movie_poster_cover/lpst/public/p1114223964.jpg,王颖,1997-11-19, 法国 / 日本 / 美国,杰瑞米·艾恩斯 / 巩俐 / 张曼玉 / 许冠文 / 卢宾·布雷兹 / 杰瑞德·哈里斯 / ,6.6
反斗神偷 The Borrowers,https://img3.doubanio.com/lpic/s1743186.jpg,皮特·休伊特,1997-12-05, 英国 / 美国,约翰·古德曼 / 吉姆·布劳德本特 / 西莉亚·伊姆里 / Flora Newbigin / 汤姆·费尔顿 / Raymond Pickard / 布莱德利·皮尔斯 / 亚丁·吉勒特 / Doon Mackichan / 马克·威廉姆斯 / ,7.8
世界奇妙物语 97秋之特别篇 世にも奇妙な物語 97秋の特別編,https://img3.doubanio.com/lpic/s3159191.jpg,佐藤祐市,1997-10-06(日本), 日本,广末凉子 / 草剪刚 / 菅野美穗 / ,8.1
江湖小子,https://img1.doubanio.com/lpic/s3933538.jpg,馬亞民,1997, 台湾,张卫健 / 焦恩俊 / 陈德容 / ,7.2
鲁滨逊漂流记 Robinson Crusoe,https://img3.doubanio.com/lpic/s1481104.jpg,乔治·米勒,1997-06-12(新加坡), 美国,皮尔斯·布鲁斯南 / 波利·沃克 / ,6.7
麦兜与麦唛 麥兜與麥嘜,https://img1.doubanio.com/lpic/s3932597.jpg,袁建滔,1997, 香港,,8.7
三节草,https://img3.doubanio.com/lpic/s3479971.jpg,梁碧波,, 中国大陆,,7.7
奇异小子 Gummo,https://img3.doubanio.com/view/movie_poster_cover/lpst/public/p2371882886.jpg,哈莫尼·科林,1997-09-04, 美国,雅各布·苏埃尔 / Nick Sutton / Jacob Reynolds / 科洛·塞维尼 / ,7.4
马永贞 馬永貞,https://img1.doubanio.com/view/movie_poster_cover/lpst/public/p1659345227.jpg,元奎,1997-06-17, 香港,金城武 / 元彪 / 宣萱 / 周嘉玲 / ,6.8
天使路过 An Angel Passes By,https://img3.doubanio.com/lpic/s4255050.jpg,David Baillie,1997, 英国,Paul Young / 肯尼斯·格伦南 / Annette Whyte / ,6.7
赤足惊魂 赤足驚魂,https://img1.doubanio.com/view/movie_poster_cover/lpst/public/p2225101837.jpg,黎继明,1997, 香港,郑浩南 / 梁琤 / 谢天华 / ,6.4
美人鱼 Русалка,https://img3.doubanio.com/lpic/s3821030.jpg,亚历山大·彼德洛夫,1997-02(柏林电影节), 俄罗斯,,8.2
煤气收费员 Gasman,https://img1.doubanio.com/lpic/s2807929.jpg,琳恩·拉姆塞,1998-05(法国戛纳电影节), 英国,Martin Anderson / James Ramsay / ,7.7
末日戒备 The Peacemaker,https://img1.doubanio.com/view/movie_poster_cover/lpst/public/p2042672837.jpg,咪咪·莱德,1997-09-26 (美国), 美国,乔治·克鲁尼 / 妮可·基德曼 / 马塞尔·尤勒斯 / ,6.5
秘密花园 ひみつの花園,https://img1.doubanio.com/view/movie_poster_cover/lpst/public/p1090113289.jpg,矢口史靖,1997-02-15(日本), 日本,西田尚美 / 利重刚 / 角替和枝 / ,8.4
快乐家家车,https://img3.doubanio.com/lpic/s6831861.jpg,黄加世,1998, 中国大陆,武向彤 / ,7.4
脱线先生 Mr. Magoo,https://img1.doubanio.com/view/movie_poster_cover/lpst/public/p2241699248.jpg,唐季礼,1998-04-02, 美国,Leslie Nielsen / Kelly Lynch / Matt Keeslar / Jennifer Garner / Ernie Hudson / ,7.5
变种DNA Mimic,https://img1.doubanio.com/view/movie_poster_cover/lpst/public/p1242448419.jpg,吉尔莫·德尔·托罗,1997-08-22, 美国,米拉·索维诺 / 杰瑞米·诺森 / 吉安卡罗·吉安尼尼 / 查尔斯·达顿 / 乔什·布洛林 / F·默里·亚伯拉罕 / ,6.4
济公 濟公,https://img3.doubanio.com/lpic/s11286293.jpg,,1997-01-27, 香港,何宝生 / 梁小冰 / ,7.2
一个好人 一個好人,https://img1.doubanio.com/view/movie_poster_cover/lpst/public/p2239595849.jpg,洪金宝,1997-01-31(香港), 香港,成龙 / 理查德·诺顿 / 李婷宜 / Karen McLymont / 加布里埃尔·费茨帕特里克 / Vince Poletto / Barry Otto / 洪金宝 / 周华健 / 高丽虹 / Peter Houghton / Peter Lindsay / 大卫·诺 / 瑞秋·布莱克利 / Judy Green / Aaron Notarfrancesco / Jake Notarfrancesco / Frederick Miragliotta / Nick Carrafa / Keith Agius / Carla Bonner / ,6.8
天庭外传,https://img3.doubanio.com/view/movie_poster_cover/lpst/public/p2169292776.jpg,陈志华,1997, 香港,林志颖 / 郝劭文 / ,5.3
天生绝配,https://img3.doubanio.com/lpic/s3282332.jpg,朱延平,1998, 台湾,吴奇隆 / 翁虹 / 郝劭文 / 吴孟达 / 连凯 / 冯淬帆 / 唐德惠 / 朱家麟 / ,6.1
生命中不能承受之情 Bent,https://img3.doubanio.com/view/movie_poster_cover/lpst/public/p1385858466.jpg,西恩·马提亚斯,1997-10-04, 英国 / 日本,克里夫·欧文 / 罗泰尔·布鲁特 / 保罗·贝坦尼 / 伊恩·麦克莱恩 / 米克·贾格尔 / 尼古拉·科斯特-瓦尔道 / 裘德·洛 / ,8.0
古惑仔之街头悍将 古惑仔之街頭悍將,https://img3.doubanio.com/view/movie_poster_cover/lpst/public/p2359317181.jpg,叶庆辉,, 台湾,郑伊健 / 陈小春 / 杨恭如 / 莫文蔚 / 吴君如 / 惠英红 / 周比利 / 谷峰 / 狄威 / ,5.9
夺舍,https://img1.doubanio.com/lpic/s1429768.jpg,邱礼涛,1997-04-19, 香港,李修贤 / 黄子华 / 蔡少芬 / 吴倩莲 / ,6.7
我知道你去年夏天干了什么 I Know What You Did Last Summer,https://img3.doubanio.com/view/movie_poster_cover/lpst/public/p2178451760.jpg,Jim Gillespie,1997-10-17, 美国,詹妮弗·洛芙·休伊特 / 莎拉·米歇尔·盖拉 / 瑞恩·菲利普 / ,6.3
飞一般爱情小说,https://img1.doubanio.com/lpic/s1434587.jpg,叶锦鸿,1997, 香港,林海峰 / 伍咏薇 / 钟汉良 / 李绮虹 / 许志安 / 舒淇 / 尹扬明 / ,8.0
101真狗 101 Dalmatians,https://img1.doubanio.com/view/movie_poster_cover/lpst/public/p1686474657.jpg,斯蒂芬·赫瑞克,1996-11-27(美国), 美国,格伦·克洛斯 / 杰夫·丹尼尔斯 / 乔莉·理查德森 / 琼·普莱怀特 / ,7.3
极度寒冷,https://img3.doubanio.com/view/movie_poster_cover/lpst/public/p2378468915.jpg,王小帅,1996, 中国,贾宏声 / 马晓晴 / ,7.2
绿鱼 초록물고기,https://img3.doubanio.com/view/movie_poster_cover/lpst/public/p1453451101.jpg,李沧东,1997-02-07(韩国), 韩国,韩石圭 / 宋康昊 / 沈惠珍 / ,7.6
长岛爱与死 Love and Death on Long Island,https://img3.doubanio.com/lpic/s3568565.jpg,Richard Kwietniowski,1997-05-11, 加拿大 / 英国,约翰·赫特 / 杰森·普雷斯利 / Fiona Loewi / 谢拉·汉考克 / ,7.6
监狱风云 第一季 Oz Season 1,https://img3.doubanio.com/view/movie_poster_cover/lpst/public/p2257814713.jpg,汤姆·方塔纳,1997-07-12(美国), 美国,柯克·埃斯沃多 / 阿德沃尔·阿吉纽依-艾格拜吉 / 特里·金尼 / 李·特格森 / ,8.6
捕鼠记 Mousehunt,https://img3.doubanio.com/view/movie_poster_cover/lpst/public/p1198261784.jpg,戈尔·维宾斯基,1997-12-19(美国), 美国,内森·连恩 / 李·伊万斯 / 薇姬·刘易斯 / 莫里·柴金 / ,7.7
阴阳路 陰陽路,https://img1.doubanio.com/lpic/s3087829.jpg,郑伟文,1997-05-10, 香港,古天乐 / 雷宇扬 / 丁子峻 / 朱永棠 / 蔡少芬 / 麦家琪 / 白嘉倩 / 罗兰 / 吴志雄 / 苑琼丹 / 钟丽缇 / 陈锦鸿 / 李兆基 / 伍咏薇 / ,6.6
阿珠与阿花 Romy and Michele's High School Reunion,https://img3.doubanio.com/view/movie_poster_cover/lpst/public/p2238858644.jpg,大卫·米尔金,1997-04-25, 美国,Mira Sorvino / Lisa Kudrow / ,6.6
金田一少年事件簿 金田一少年の事件簿,https://img3.doubanio.com/view/movie_poster_cover/lpst/public/p2225058833.jpg,西尾大介,1997-04-07, 日本,松野太纪 / ,8.9
法门寺猜想,https://img1.doubanio.com/view/movie_poster_cover/lpst/public/p2374992058.jpg,陈家林,1997, 中国大陆,袁立 / 周里京 / 王涛 / ,8.8
河流,https://img3.doubanio.com/view/movie_poster_cover/lpst/public/p2360471495.jpg,蔡明亮,1997-08-27, 台湾,李康生 / 苗天 / 陆弈静 / 陈昭荣 / ,7.4
鉴证实录 鑑證實錄Ⅰ,https://img1.doubanio.com/view/movie_poster_cover/lpst/public/p2393632977.jpg,潘嘉德,1997-12-22(香港), 香港,陈慧珊 / 林保怡 / 李珊珊 / 何宝生 / 陈美琪 / 李国麟 / 鲁文杰 / 钟丽淇 / 陈彦行 / 程可为 / 古明华 / ,8.5
冲上九重天,https://img1.doubanio.com/lpic/s2194267.jpg,黄俊文 (Chun-Man Wong),1997-07-24(香港), 香港,梁家辉 / 赵文瑄 / 黎姿 / 伍咏薇 / 潘虹 / ,6.2
星际恐龙 Extreme Dinosaurs,https://img3.doubanio.com/lpic/s4029031.jpg,Phil Harnage,1997, 美国,David Sobolov / 加里·切克 / 安德鲁·弗朗西斯 / 贾森·加里-斯坦福德 / ,7.6
很黄很暴力 Sex and Violence,https://img3.doubanio.com/view/movie_poster_cover/lpst/public/p2321855476.jpg,比尔·普莱姆顿,1997, 美国,,8.2
寻找他乡的故事,https://img3.doubanio.com/lpic/s4699626.jpg,杨永祥,1997, 香港,,9.5
弗洛斯河上的磨房 The Mill on the Floss,https://img1.doubanio.com/lpic/s2145737.jpg,Graham Theakston,1997-05-15, 英国,Emily Watson / Ifan Meredith / James Frain / Bernard Hill / ,8.2
王牌大贱谍 Austin Powers: International Man of Mystery,https://img1.doubanio.com/view/movie_poster_cover/lpst/public/p2252584609.jpg,杰伊·罗奇,1997-05-02, 美国 / 德国,麦克·梅尔斯 / 伊丽莎白·赫利 / 麦克尔·约克 / 咪咪·罗杰斯 / ,6.2
娼 노는 계집 창,https://img3.doubanio.com/view/movie_poster_cover/lpst/public/p2297888390.jpg,林权泽,1997-09-13(韩国), 韩国,申恩庆 / Byeong-kyeong Ahn / Dong-joon Choi / 尹有善 / Jeong-hyeon Han / ,7.2
战狼传说,https://img3.doubanio.com/view/movie_poster_cover/lpst/public/p2256886816.jpg,甄子丹,1997-06-14(香港), 香港,甄子丹 / 黄子华 / 李若彤 / ,6.4
星梦奇缘 별은 내 가슴에,https://img3.doubanio.com/view/movie_poster_cover/lpst/public/p2374139991.jpg,李昌翰 ,1997-03-10(韩国), 韩国,崔真实 / 安在旭 / 车仁表 / 全度妍 / 姜南吉 / 孟尚勋 / ,8.1
禁忌惊魂夜 Poison Ivy: The New Seduction,https://img1.doubanio.com/view/movie_poster_cover/lpst/public/p2231513878.jpg,柯特 沃斯 (Kurt Voss),1997-05-20, 美国,杰米·普莱斯利 / Megan Edwards / 迈克尔·德·巴雷斯 / ,5.5
雪花神剑 雪花神劍,https://img3.doubanio.com/view/movie_poster_cover/lpst/public/p2322181635.jpg,萧笙,1997-07-28(香港), 香港,杨恭如 / 陈炜 / 姜大卫 / 龚慈恩 / 米雪 / 袁文杰 / 徐少强 / 甄志强 / 卢惠光 / 高雄 / 王瀛 / 黎淑贤 / ,7.7
游龙惊凤,https://img3.doubanio.com/lpic/s2869883.jpg,王重光,1997, 台湾,潘迎紫 / 杨丽菁 / 金超群 / ,6.9
小偷 Вор,https://img1.doubanio.com/view/movie_poster_cover/lpst/public/p2401960438.jpg,帕维尔·丘赫莱伊,1997-10-13, 俄罗斯 / 法国,弗拉基米尔·马什科夫 Vladimir Mashkov / 叶卡捷琳娜·列德尼科娃 / 米莎 / 阿马利娅·莫尔德维诺娃 / ,8.7
东周列国·战国篇,https://img1.doubanio.com/lpic/s2894769.jpg,阎建钢,1997, 中国大陆,曹培昌 / 樊志起 / 杨童舒 / 温海波 / 温海涛 / 高兰村 / 李洪涛 / 杜志国 / 蒋恺 / ,7.8
埋伏,https://img1.doubanio.com/view/movie_poster_cover/lpst/public/p2373606238.jpg,黄建新,"1997-01-14(中国大陆),1997-11-08(日本)", 中国大陆,冯巩 / 江珊 / 滕汝骏 / 张嘉译 / 牛振华 / 师小红 / 郭冬临 / 林海海 / 赵秀云 / 陈好 / 刘峻岭 / ,7.6
心火 Firelight,https://img3.doubanio.com/view/movie_poster_cover/lpst/public/p629015622.jpg,威廉姆·尼克尔森,1997-09-14(法国), 英国 / 美国,苏菲·玛索 / 斯蒂芬·迪兰 / 凯文·安德森 / ,8.0
肥猫正传,https://img3.doubanio.com/lpic/s3532791.jpg,谭朗昌,1997-04-07(香港), 香港,郑则仕 / 鲍起静 / 江美仪 / 邓浩光 / 张文慈 / 甄志强 / 宝佩如 / ,7.4
母与子 Мать и сын,https://img1.doubanio.com/lpic/s3079588.jpg,亚历山大·索科洛夫,1997-09-25, 俄罗斯 / 德国,Aleksei Ananishnov / ,8.4
编辑部的故事之万事如意,https://img1.doubanio.com/lpic/s3539697.jpg,赵宝刚,1997-02-06, 中国大陆,葛优 / 吕丽萍 / 侯耀华 / ,7.7
最佳拍档之醉街拍档 最佳拍檔之醉街拍檔,https://img1.doubanio.com/view/movie_poster_cover/lpst/public/p2163392539.jpg,钱嘉乐,1997-06-21, 香港,梁朝伟 / 谭咏麟 / 钟丽缇 / 朱洁仪 / 吴镇宇 / 玛利亚 / 林国斌 / 陈豪 / 周比利 / 雷宇扬 / 黄子华 / 关宝慧 / 邹兆龙 / 钱小豪 / ,6.0
佛兰德斯的狗 フランダースの犬,https://img3.doubanio.com/view/movie_poster_cover/lpst/public/p453890966.jpg,黑田昌郎 Yoshio Kuroda,1997-03-15(日本), 日本 / 美国,Brady Bluhm / Debi Derryberry / ,8.9
危险关系 Jackie Brown,https://img3.doubanio.com/view/movie_poster_cover/lpst/public/p1628107924.jpg,昆汀·塔伦蒂诺,1997-12-25, 美国,帕姆·格里尔 / 塞缪尔·杰克逊 / 罗伯特·福斯特 / 布里吉特·芳达 / 迈克尔·基顿 / ,7.4
天崩地裂 Dante's Peak,https://img3.doubanio.com/view/movie_poster_cover/lpst/public/p686557342.jpg,罗杰·唐纳森,1997-02-07, 美国,皮尔斯·布鲁斯南 / 琳达·汉密尔顿 / ,6.8
蝴蝶梦 Rebecca,https://img1.doubanio.com/lpic/s3827648.jpg,Jim O'Brien,1997-01-05(英国), 英国 / 德国,艾米莉娅·福克斯 / 查尔斯·丹斯 / ,8.0
意外的春天 The Sweet Hereafter,https://img1.doubanio.com/view/movie_poster_cover/lpst/public/p2200736377.jpg,阿托姆·伊戈扬,1997-09-26, 加拿大,伊安·霍姆 / 萨拉·波莉 / ,7.4
疯狂的兔子,https://img1.doubanio.com/view/movie_poster_cover/lpst/public/p2230918667.jpg,崔小芹,1998, 中国大陆,柳田 / 赵梦洋 / 陈述 / 崔岳 / 黄迎 / ,6.6
高度戒备 高度戒備,https://img3.doubanio.com/view/movie_poster_cover/lpst/public/p1630105655.jpg,林岭东,1997-07-18(香港), 香港,刘青云 / 吴镇宇 / 高捷 / 李蕙敏 / 陈法蓉 / 李兆基 / ,7.1
白线流~19岁之春~ 白線流し~19の春,https://img3.doubanio.com/lpic/s2171052.jpg,岩本仁志 ,1997-08-08, 日本,长濑智也 / 酒井美纪 / 京野琴美 / 柏原崇 / ,8.8
不知不觉爱上你 Addicted to Love,https://img3.doubanio.com/view/movie_poster_cover/lpst/public/p931876666.jpg,格里芬·邓恩,1997-05-23, 美国,梅格·瑞恩 / 马修·布罗德里克 / ,7.2
晴天小猪 はれときどきぶた,https://img3.doubanio.com/view/movie_poster_cover/lpst/public/p740354183.jpg,渡边慎一,1997-07-03(日本), 日本,南央美 / 金井勝 / 間宮くるみ / 梁田清之 / ,7.8
醉打金枝,https://img3.doubanio.com/view/movie_poster_cover/lpst/public/p2393873711.jpg,邝业生,1997-01-27(香港), 香港,关咏荷 / 欧阳震华 / 魏骏杰 / 傅明宪 / 朱咪咪 / 梁家仁 / 刘家辉 / 陈安莹 / ,7.2
爱您爱到杀死您,https://img3.doubanio.com/view/movie_poster_cover/lpst/public/p2237394782.jpg,李力持,1997-08-12, 香港,黎明 / 郑秀文 / 吴君如 / 黄伟文 / 郑祖 / 谷德昭 / 黎耀祥 / 黄卓玲 / 林尚义 / 林雪 / 八两金 / ,6.3
X圣治 CURE キュア,https://img3.doubanio.com/view/movie_poster_cover/lpst/public/p2247111234.jpg,黑泽清,1997-12-27(日本), 日本,役所广司 / 萩原圣人 / 氏木毅 / 中川安奈 / 洞口依子 / 绪方义博 / 大杉涟 / 诹访太朗 / ,7.9
第五等级 Level Five,https://img1.doubanio.com/lpic/s3388167.jpg,Chris Marker,1997-02-19, 法国,,7.2
新天仙配,https://img3.doubanio.com/lpic/s3112574.jpg,谢洪,1997, 中国大陆,罗慧娟 / 李志奇 / ,6.9
猛鬼通宵陪住你,https://img3.doubanio.com/lpic/s3964596.jpg,钱升玮 (Wellson Chin),1997-04-24, 香港,黄子华 / 钱嘉乐 / 雷宇扬 / 吴镇宇 / ,6.3
鸦片战争,https://img3.doubanio.com/view/movie_poster_cover/lpst/public/p2250600280.jpg,谢晋,"1997-06-09(北京),1997-06-13(香港)", 中国大陆,鲍国安 / 林连昆 / 苏民 / 郎雄 / 邵昕 / 姜华 / 鲍勃·佩克 / ,7.2
超时空要爱,https://img1.doubanio.com/view/movie_poster_cover/lpst/public/p986340147.jpg,黎大炜,1998-03-05(香港), 香港,梁朝伟 / 李绮虹 / 刘以达 / 林尚义 / 赵银淑 / 八两金 / ,7.1
三天兩夜 恋は舞い降りた,https://img3.doubanio.com/view/movie_poster_cover/lpst/public/p1879659314.jpg,長谷川康夫,1997-05-17, 日本,唐泽寿明 / 江角真纪子 / ,8.2
侯孝贤画像 HHH - Un portrait de Hou Hsiao-Hsien,https://img3.doubanio.com/lpic/s1432455.jpg,奥利维耶·阿萨亚斯,1997-09-10(威尼斯电影节), 法国,侯孝贤 / 吴念真 / 朱天文 / 陈国富 / 杜笃之 / 高捷 / 林强 / ,8.4
红与黑 Le rouge et le noir,https://img3.doubanio.com/lpic/s2385650.jpg,Jean-Daniel Verhaeghe,1997-12-22, 法国 / 意大利 / 德国,卡洛尔·布盖 / 吉姆·罗斯·斯图尔特 / ,8.2
恋爱世纪 ラブ ジェネレーション,https://img1.doubanio.com/view/movie_poster_cover/lpst/public/p2155417348.jpg,木村达昭,1997-10-13(日本), 日本,木村拓哉 / 松隆子 / 内野圣阳 / 纯名里沙 / 藤原纪香 / 平田满 / 椎名桔平 / ,8.6
沙滩男孩 ビーチボーイズ,https://img1.doubanio.com/view/movie_poster_cover/lpst/public/p2294386617.jpg,石阪理江子,1997-07-07(日本), 日本,反町隆史 / 竹野内丰 / 广末凉子 / 稻森泉 / 川冈大次郎 / 山本太郎 / ,8.5
少女革命 少女革命ウテナ,https://img3.doubanio.com/view/movie_poster_cover/lpst/public/p2326423784.jpg,几原邦彦,1997-04-02(日本), 日本,川上伦子 / 渕崎ゆり子 / 子安武人 / 三石琴乃 / 久川绫 / 草尾毅 / 西原久美子 / 本多知惠子 / 今井由香  / 白鸟由里 / 川村万梨阿 / ,8.8
天桥风云 모델,https://img3.doubanio.com/view/movie_poster_cover/lpst/public/p2095085882.jpg,李光勋 Kwang-hoon Lee,1997-04-09(韩国), 韩国,廉晶雅 / 张东健 / 韩在硕 / 金南珠 / 宋宣美 / ,8.4
小糊涂神,https://img3.doubanio.com/lpic/s2601724.jpg,孙哲,1998, 中国大陆,,7.2
乡巴佬希尔一家的幸福生活 第一季 King of the Hill Season 1,https://img3.doubanio.com/view/movie_poster_cover/lpst/public/p2155829692.jpg,韦斯利·阿彻,1997-01-12, 美国,迈克·乔吉 / 凯茜·纳基麦 / 帕梅拉·阿德龙 / 布莱特妮·墨菲 / 约翰尼·哈德威克 / ,8.9
山城棒棒军,https://img3.doubanio.com/view/movie_poster_cover/lpst/public/p2374798121.jpg,束一德,1997, 中国大陆,庞祖云 / 赵亮 / 王群英 / 仇小豹 / 张新 / ,9.2
东周列国·春秋篇,https://img3.doubanio.com/view/movie_poster_cover/lpst/public/p2374797254.jpg,沈好放,1996, 中国大陆,王绘春 / 林乃桢 / 郑强 / 何冰 / 修宗迪 / 张山 / 周继伟 / 杨静 / 丛林 / 蒋恺 / 常远 / 张炬 / 唐国强 / 谭宗尧 / 蒋勤勤 / 张光北 / 吴刚 / 胡军 / 初星一 / 奚美娟 / 蒋竹青 / 刘栋 / 鲍大志 / 龚丽君 / ,8.9
刑事侦缉档案3 刑事偵緝檔案Ⅲ,https://img1.doubanio.com/view/movie_poster_cover/lpst/public/p2393631999.jpg,潘嘉德,1997-09-01(香港), 香港,陶大宇 / 郭可盈 / 梁荣忠 / 钟丽淇 / 汤宝如 / 杨婉仪 / 陈法蓉 / 廖启智 / 罗冠兰 / ,8.3
憨豆先生精选辑 The Best Bits of Mr. Bean,https://img3.doubanio.com/view/movie_poster_cover/lpst/public/p2354179225.jpg,John Birkin,1997, 英国,罗温·艾金森 / Paul Bown / 理查德·布赖尔斯 / Angus Deayton / 罗宾·德里斯科尔 / Tina Maskell / Dave O'Higgins / 卡罗琳·昆汀 / Rudolph Walker / 理查德·威尔森 / ,9.6
四驱兄弟II 爆走兄弟レッツ&ゴー!! WGP,https://img3.doubanio.com/lpic/s4176971.jpg,加户誉夫,1997-07-05(日本), 日本,池泽春菜 / 江原正士 / 森久保祥太郎 / 大谷育江 / ,8.3
小倩,https://img1.doubanio.com/view/movie_poster_cover/lpst/public/p2179017609.jpg,陈伟文,1997-07-26, 香港,林海峰 / 袁咏仪 / 杨采妮 / 黎瑞恩 / 葛民辉 / 陈慧琳 / 陈小春 / 郑中基 / ,8.1
盗信情缘 ポストマン・ブルース,https://img3.doubanio.com/view/movie_poster_cover/lpst/public/p453460950.jpg,萨布,1997-08-16, 日本,堤真一 / 远山景织子 / 堀部圭亮 / 大杉涟 / ,8.5
狙击职业杀手 The Jackal,https://img3.doubanio.com/view/movie_poster_cover/lpst/public/p2165876406.jpg,迈克尔·卡顿·琼斯,1997-11-14, 美国 / 英国 / 法国 / 德国 / 日本,布鲁斯·威利斯 / 理查·基尔 / 西德尼·波蒂埃 /  戴安·维诺拉 / 玛蒂尔达·梅 / ,6.7
我最好朋友的婚礼 My Best Friend's Wedding,https://img3.doubanio.com/view/movie_poster_cover/lpst/public/p923538632.jpg,P·J·霍根,1997-06-20(美国), 美国,朱莉娅·罗伯茨 / 德蒙特·莫罗尼 / 卡梅隆·迪亚茨 / 鲁伯特·艾弗雷特 / 菲利普·博斯科 / M·埃梅特·沃尔什 / 瑞切尔·格里菲斯 / 卡丽·普雷斯顿 / 苏珊·沙利文 / 克里斯托弗·马斯特森 / ,7.4
忠奸人 Donnie Brasco,https://img1.doubanio.com/view/movie_poster_cover/lpst/public/p861660217.jpg,迈克·内威尔,1997-02-28, 美国,阿尔·帕西诺 / 约翰尼·德普 / 迈克尔·马德森 / 布鲁诺·柯比 / 詹姆斯·拉索 / 安·海切 / ,8.1
两个只能活一个 兩個只能活一個,https://img1.doubanio.com/view/movie_poster_cover/lpst/public/p2387721408.jpg,游达志,1997-05-10(香港), 香港,金城武 / 李若彤 / 卞宇民 / 赵志诚 / 蔡枫华 / 林雪 / 李道谕 / ,7.7
黑洞表面 Event Horizon,https://img3.doubanio.com/view/movie_poster_cover/lpst/public/p617228210.jpg,保罗·安德森,1997-08-15(美国), 英国 / 美国,劳伦斯·菲什伯恩 / 山姆·尼尔 / ,6.7
邮差 The Postman,https://img3.doubanio.com/view/movie_poster_cover/lpst/public/p925479194.jpg,凯文·科斯特纳,1997-12-25, 美国,凯文·科斯特纳 / 奥莉维亚·威廉姆斯 / ,7.4
棋逢敌手 Geri's Game,https://img3.doubanio.com/view/movie_poster_cover/lpst/public/p2239385225.jpg,简·皮克瓦,1997-11-25, 美国,,8.4
惊声尖叫2 Scream 2,https://img3.doubanio.com/view/movie_poster_cover/lpst/public/p1508193025.jpg,韦斯·克雷文,1997-12-12, 美国,内芙·坎贝尔 / 杰米·肯尼迪 / 柯特妮·考克斯 / 列维·施瑞博尔 / 贾达·萍克·史密斯 / 海瑟·格拉汉姆 / 莎拉·米歇尔·盖拉 / ,6.4
红河谷,https://img3.doubanio.com/view/movie_poster_cover/lpst/public/p2327433041.jpg,冯小宁,1999-10-01(美国), 中国大陆,宁静 / 邵兵 / 应真 / 保罗·克塞 / ,7.7
东京日和 東京日和,https://img3.doubanio.com/view/movie_poster_cover/lpst/public/p671006486.jpg,竹中直人,1997-10-18, 日本,竹中直人 / 中山美穗 / 松隆子 / 浅野忠信 / 森田芳光 / 塚本晋也 / 三浦友和 / 田口智朗 / 利重刚 / 温水洋一 / 铃木砂羽 / 津田宽治 / 中田秀夫 / ,8.4
赌神3之少年赌神 賭神3之少年賭神,https://img3.doubanio.com/view/movie_poster_cover/lpst/public/p2329746591.jpg,王晶,1996-12-14, 香港,黎明 / 袁咏仪 / 陈小春 / 陈豪 / 张达明 / 梁咏琪 / 吴镇宇 / 钟景辉 / 徐锦江 / 邹兆龙 / ,6.7
愈快乐愈堕落 愈快樂愈墮落,https://img3.doubanio.com/view/movie_poster_cover/lpst/public/p2363126351.jpg,关锦鹏,1998-02-14(香港), 香港,邱淑贞 / 陈锦鸿 / 曾志伟 / 吴君如 / 蔡家乐 / ,7.3
美女与野兽之贝儿的心愿 Beauty and the Beast: The Enchanted Christmas,https://img3.doubanio.com/view/movie_poster_cover/lpst/public/p1838187132.jpg,Andrew Knight,1997-11-11(美国), 加拿大 / 美国,佩吉·奥哈拉 / 罗比·本森 / 杰里·奥尔巴赫 / 戴维·奥格登·施蒂尔斯 / 伯纳黛特·彼得斯 / 蒂姆·克里 / 海利·乔·奥斯蒙 / 弗兰克·维尔克 / 杰夫·贝内特 / 吉姆·库宁斯 / 凯特·索西 / 保罗·雷宾斯 / ,7.9
萌之朱雀 萌の朱雀,https://img3.doubanio.com/view/movie_poster_cover/lpst/public/p2220827015.jpg,河濑直美,1997-12-05(日本), 日本,国村隼 / 尾野真千子 / 山口纱弥加 / 和泉幸子 / 柴田浩太郎 / ,8.0
光猪六壮士 The Full Monty,https://img1.doubanio.com/view/movie_poster_cover/lpst/public/p1196747999.jpg,彼得·卡坦纽,1997-08-13, 英国,罗伯特·卡莱尔 / 马克·阿蒂 / 汤姆·威尔金森 / 威廉· 史乃普 / ,7.8
鳗鱼 うなぎ,https://img3.doubanio.com/view/movie_poster_cover/lpst/public/p2204850715.jpg,今村昌平,1997-05-24(日本), 日本,役所广司 / 清水美沙 / 柄本明 / 倍赏美津子 / ,7.9
安娜·卡列尼娜 Anna Karenina,https://img1.doubanio.com/view/movie_poster_cover/lpst/public/p452625577.jpg,伯纳德·罗斯,1997-04-04(美国), 美国,苏菲·玛索 / 肖恩·宾 / 阿尔弗雷德·莫里纳 / 米娅·科施娜 / 詹姆斯·福克斯 / ,7.4
精装难兄难弟,https://img3.doubanio.com/view/movie_poster_cover/lpst/public/p2196633890.jpg,曹建南,1997-08-28, 香港,黄子华 / 吴镇宇 / 罗嘉良 / 张可颐 / 舒淇 / 陈百祥 / 陈法蓉 / 陈彦行 / 麦家琪 / 江欣燕 / 张达明 / 罗家英 / 谷德昭 / 楚原 / ,7.7
黄飞鸿之西域雄狮 黃飛鴻之西域雄獅,https://img3.doubanio.com/view/movie_poster_cover/lpst/public/p2221508135.jpg,洪金宝,1997-02-01, 香港,李连杰 / 关之琳 / 熊欣欣 / 陈国邦 / Jeff Wolfe / 龙刚 / ,6.8
新世纪福音战士剧场版：死与新生 新世紀エヴァンゲリオン劇場版 シト新生,https://img3.doubanio.com/view/movie_poster_cover/lpst/public/p2250120322.jpg,庵野秀明,1997-03-15(日本), 日本,绪方惠美 / 林原惠美 / 宫村优子 / 三石琴乃 / 立木文彦 / 山口由里子 / 山寺宏一 / ,9.2
难兄难弟 難兄難弟,https://img3.doubanio.com/view/movie_poster_cover/lpst/public/p2374884464.jpg,钟澍佳,1997-06-23, 香港,吴镇宇 / 罗嘉良 / 张可颐 / 宣萱 / 林晓峰 / 滕丽名 / 赵静蓉 / 方世强 / 曾保华 / 黄纪莹 / 梁咏琳 / 郭少芸 / 刘江 / 白茵 / 骆达华 / 秦煌 / 梁葆贞 / 冯素波 / 蔡国庆 / 陈启泰 / 焦雄 / 郑家生  / 罗莽 / 罗浩楷 / 黎彼得 / 苏恩磁 / ,8.8
摇尾狗 Wag the Dog,https://img1.doubanio.com/view/movie_poster_cover/lpst/public/p828362267.jpg,巴瑞·莱文森,1997-12-17, 美国,达斯汀·霍夫曼 / 罗伯特·德尼罗 / 安·海切 / 丹尼斯·利瑞 / 威利·纳尔逊 / 安德列·马丁 / 克斯汀·邓斯特 / 威廉姆·H·梅西 / 约翰·迈克尔·辛吉斯 / 苏西·帕尔克森 / 伍迪·哈里森 / Michael Belson / 苏珊·克莱尔 / Jason Cottle / ,8.1
97古惑仔战无不胜 97古惑仔戰無不勝,https://img3.doubanio.com/view/movie_poster_cover/lpst/public/p1630149871.jpg,刘伟强,1997-03-28, 香港,郑伊健 / 陈小春 / 李嘉欣 / 莫文蔚 / 万梓良 / 林晓峰 / 朱永棠 / 谢天华 / 吴君如 / 黄秋生 / 张耀扬 / 林尚义 / 尹扬明 / 李兆基 / 张文慈 / ,7.4
敲开天堂的门 Knockin' on Heaven's Door,https://img3.doubanio.com/view/movie_poster_cover/lpst/public/p1609250116.jpg,托马斯·雅恩,1997-02-20(德国), 德国,蒂尔·施威格 / 让·约瑟夫·莱佛斯 / 蒂埃里·范·维凡客 / 莫里兹·布雷多 / 休伯·史塔普 / Leonard Lansink / Ralph Herforth / 科奈莉亚·弗洛波伊斯 / 鲁特格尔·哈尔 / Willi Thomczyk / 克里斯蒂安妮·保罗 / 汉恩斯·詹尼可 / Vladimir Weigl / 珍妮·爱娃-艾瓦仓庚 / ,8.5
中华小当家 中華一番!,https://img3.doubanio.com/view/movie_poster_cover/lpst/public/p2225808630.jpg,案納正美,1997-04-27(日本), 日本,田中真弓 / 雪野五月 / 大塚明夫 / チョウ·メイリィ / 坂本千夏 / 家中宏 / 神奈延年 / 置鲇龙太郎 / ,8.2
007之明日帝国 Tomorrow Never Dies,https://img3.doubanio.com/view/movie_poster_cover/lpst/public/p1721307776.jpg,罗杰·斯波蒂伍德,"1997-12-09(伦敦首映),1997-12-12(英国),1997-12-19(美国)", 英国 / 美国,皮尔斯·布鲁斯南 / 杨紫琼 / 乔纳森·普雷斯 / 泰瑞·海切尔 / ,7.2
圆月弯刀 圓月彎刀,https://img3.doubanio.com/lpic/s4020771.jpg,萧显辉,1997-07-03, 香港,古天乐 / 梁小冰 / 温碧霞 / 张兆辉 / 张翼 / 王伟 / ,7.4
剑风传奇 剣風伝奇ベルセルク,https://img3.doubanio.com/view/movie_poster_cover/lpst/public/p2326435580.jpg,高桥直人,1997-10-07(日本), 日本,神奈延年 / 森川智之 / 宫村优子 / 石田彰 / ,9.1
宋家皇朝,https://img3.doubanio.com/view/movie_poster_cover/lpst/public/p2417829396.jpg,张婉婷,1997-05-01(香港), 中国大陆 / 香港 / 日本,张曼玉 / 邬君梅 / 杨紫琼 / 赵文瑄 / 吴兴国 / 姜文 / 金燕玲 / ,7.7
广播时间 ラヂオの時間,https://img1.doubanio.com/view/movie_poster_cover/lpst/public/p803245998.jpg,三谷幸喜,1997-11-08, 日本,西村雅彦 / 铃木京香 / 唐泽寿明 / 户田惠子 / 井上顺 / 细川俊之 / 奥贯薫 / 梶原善 / 茂吕师冈 / 近藤芳正 / 布施明 / 藤村俊二 / 并木史郎 / 田口浩正 / 梅野泰靖 / ,8.6
自梳,https://img3.doubanio.com/view/movie_poster_cover/lpst/public/p1072049466.jpg,张之亮,1997-10-23(韩国), 香港,刘嘉玲 / 杨采妮 / 归亚蕾 / 李绮虹 / 赵文瑄 / 钱嘉乐 / 董玮 / ,8.2
铁胆火车侠 超特急ヒカリアン,https://img3.doubanio.com/view/movie_poster_cover/lpst/public/p2305881594.jpg,广川和之,1997-04-02(日本), 日本,嶋崎はるか / 卷口久美子 / 藤原あかり / 成田剑 / 铃木胜美 / 横田荣治 / 加濑田进 / 原泽胜广 / 盐屋翼 / 红井ユキヒデ / 北原冬子 / 鹤冈聪 / 松尾贵司 / 一条和矢 / 松浦有希子 / ,7.6
尽善尽美 As Good as It Gets,https://img3.doubanio.com/view/movie_poster_cover/lpst/public/p643387266.jpg,詹姆斯·L·布鲁克斯,1997-12-25, 美国,杰克·尼科尔森 / 海伦·亨特 / 格雷戈·金尼尔 / 小库珀·古丁 / ,8.1
新世纪福音战士剧场版：Air/真心为你 新世紀エヴァンゲリオン劇場版 Air/まごころを、君に,https://img1.doubanio.com/view/movie_poster_cover/lpst/public/p2199653749.jpg,庵野秀明,1997-07-19(日本), 日本,绪方惠美 / 林原惠美 / 三石琴乃 / 宫村优子 / 山口由里子 / 立木文彦 / 石田彰 / ,9.4
小镇 Kasaba,https://img1.doubanio.com/view/movie_poster_cover/lpst/public/p1727272389.jpg,努里·比格·锡兰,1997-11-28, 土耳其,Cihat Bütün / 伊敏·托普拉克 / Fatma Ceylan / 穆扎菲·奥德默 / Havva Saglam / ,7.9
蝙蝠侠与罗宾 Batman & Robin,https://img3.doubanio.com/view/movie_poster_cover/lpst/public/p852809903.jpg,乔·舒马赫,1997-06-20, 美国 / 英国,乔治·克鲁尼 / 阿诺·施瓦辛格 / 克里斯·奥唐纳 / 乌玛·瑟曼 / 艾丽西亚·希尔维斯通 / 薇薇卡·福克斯 / ,6.0
古惑仔2之猛龙过江,https://img1.doubanio.com/view/movie_poster_cover/lpst/public/p722782989.jpg,刘伟强,1996-03-30(香港), 香港,郑伊健 / 陈小春 / 黎姿 / 邱淑贞 / 林晓峰 / 谢天华 / 朱永棠 / 黄秋生 / 任达华 / 雷震 / 柯受良 / 谭小环 / ,7.5
憨豆先生的大灾难 Bean,https://img1.doubanio.com/view/movie_poster_cover/lpst/public/p1419600207.jpg,梅尔·史密斯,1997-08-01, 英国 / 美国,罗温·艾金森 / 彼特·麦尼科 / 约翰·米尔斯 / 伯特·雷诺兹 / 约翰尼·盖尔克奇 / ,7.9
蚁蛉 Doodlebug,https://img3.doubanio.com/view/movie_poster_cover/lpst/public/p2367413913.jpg,克里斯托弗·诺兰,2003-05-05, 英国,,7.7
小鬼当家3 Home Alone 3,https://img3.doubanio.com/view/movie_poster_cover/lpst/public/p2197177694.jpg,拉加·高斯内尔,1997-12-12, 美国,亚历克斯·D·林兹 / 奥莱克·克鲁帕 / 莱亚·吉斯特德 / 林尼·冯·多伦 / ,7.5
状王宋世杰 狀王宋世傑,https://img3.doubanio.com/view/movie_poster_cover/lpst/public/p2372491515.jpg,徐正康,1997-09-29(香港), 香港,张达明 / 郭蔼明 / 郭耀明 / 陈少霞 / 樊少皇 / ,7.5
造雨人 The Rainmaker,https://img3.doubanio.com/view/movie_poster_cover/lpst/public/p2162186286.jpg,弗朗西斯·福特·科波拉,1997-11-21, 美国,马特·达蒙 / 丹尼·德维托 / 克莱尔·丹妮丝 / 强·沃特 / 米基·洛克 / 特雷莎·怀特 / ,8.1
解构爱情狂 Deconstructing Harry,https://img3.doubanio.com/view/movie_poster_cover/lpst/public/p2099964935.jpg,伍迪·艾伦,1997-12-12, 美国,伍迪·艾伦 / 罗宾·威廉姆斯 / 黛米·摩尔 / 托比·马奎尔 / 柯尔斯蒂·艾利 / 比利·克里斯托 / 伊丽莎白·苏 / ,8.5
铁甲小宝 ビーロボカブタック,https://img3.doubanio.com/view/movie_poster_cover/lpst/public/p2329019726.jpg,坂本太郎,1997-02-23(日本), 日本,二见一树 / 木村雅 / 小出由华 / 石井洋祐 / 向井亚纪 / 井上碧 / 石井宁 / ,7.5
小武,https://img3.doubanio.com/view/movie_poster_cover/lpst/public/p1910910793.jpg,贾樟柯,1998-02-18(柏林电影节), 香港 / 中国大陆,王宏伟 / 郝鸿建 / ,8.3
魔鬼代言人 The Devil's Advocate,https://img3.doubanio.com/view/movie_poster_cover/lpst/public/p1695005982.jpg,泰勒·海克福德,1997-10-17, 美国 / 德国,基努·里维斯 / 阿尔·帕西诺 / 查理兹·塞隆 / 杰弗瑞·琼斯 / 朱迪思·爱薇 / 康妮·尼尔森 / 格雷格·T·尼尔森 / 塔马拉·图尼 / 鲁本·桑地亚哥-哈德森 / 戴布拉·莫克 / 维托·鲁吉尼斯 / 劳拉·哈灵顿 / Pamela Gray / 乔治·维内尔 / ,8.2
美丽人生 La vita è bella,https://img3.doubanio.com/view/movie_poster_cover/lpst/public/p510861873.jpg,罗伯托·贝尼尼,1997-12-20(意大利), 意大利,罗伯托·贝尼尼 / 尼可莱塔·布拉斯基 / 乔治·坎塔里尼 / 朱斯蒂诺·杜拉诺 / 塞尔吉奥·比尼·布斯特里克 / 玛丽莎·佩雷德斯 / 豪斯特·巴奇霍兹 / 朱利亚娜·洛约迪切 / 亚美利哥·丰塔尼 / 彼得·德·席尔瓦 / 弗朗西斯·古佐 / 拉法埃拉·莱博罗尼 / 克劳迪奥·阿方斯 / 吉尔·巴罗尼 / ,9.5
睁开你的双眼 Abre los ojos,https://img3.doubanio.com/view/movie_poster_cover/lpst/public/p1200894482.jpg,亚历杭德罗·阿梅纳瓦尔,1997-12-19, 西班牙 / 法国 / 意大利,爱德华多·诺列加 / 佩内洛普·克鲁兹 / 费雷·马丁内兹 / 纳瓦·尼姆利 / ,8.1
王尔德 Wilde,https://img1.doubanio.com/view/movie_poster_cover/lpst/public/p1527574198.jpg,Brian Gilbert,1997-09-01(威尼斯电影节), 英国 / 德国 / 日本,斯蒂芬·弗雷 / 裘德·洛 / 瓦妮莎·雷德格瑞夫 / 詹妮弗·艾莉 / 杰玛·琼斯 / 朱迪·帕瑞福特 / 麦克·辛 / 佐伊·沃纳梅克 / 汤姆·威尔金森 / 艾恩·格拉法德 / 彼得·巴克沃斯 / 大卫·维斯特海德 / 奥兰多·布鲁姆 / 亚当·加西亚 / 约瑟夫·梅 / ,7.7
心灵捕手 Good Will Hunting,https://img3.doubanio.com/view/movie_poster_cover/lpst/public/p480965695.jpg,格斯·范·桑特,1997-12-05(美国), 美国,马特·达蒙 / 罗宾·威廉姆斯 / 本·阿弗莱克 / 斯特兰·斯卡斯加德 / 明妮·德里弗 / 卡西·阿弗莱克 / 科尔·豪瑟 / John Mighton / Rachel Majorowski / Colleen McCauley / Matt Mercier / Ralph St. George / Rob Lynds / Dan Washington / ,8.7
春光乍泄 春光乍洩,https://img3.doubanio.com/view/movie_poster_cover/lpst/public/p465939041.jpg,王家卫,1997-05-30, 香港 / 日本 / 韩国,张国荣 / 梁朝伟 / ,8.8
活色生香 Carne trémula,https://img3.doubanio.com/view/movie_poster_cover/lpst/public/p1437330884.jpg,佩德罗·阿莫多瓦,1997-10-29, 西班牙 / 法国,哈维尔·巴登 / 弗朗西斯卡·内莉 / 利贝托·拉巴尔 / 安吉拉·摩琳娜 / ,7.7
泰坦尼克号 Titanic,https://img3.doubanio.com/view/movie_poster_cover/lpst/public/p457760035.jpg,詹姆斯·卡梅隆,"1998-04-03(中国大陆),1997-11-01(东京电影节),1997-12-19(美国)", 美国,莱昂纳多·迪卡普里奥 / 凯特·温丝莱特 / 比利·赞恩 / 凯西·贝茨 / 弗兰西丝·费舍 / 格劳瑞亚·斯图尔特 / 比尔·帕克斯顿 / 伯纳德·希尔 / 大卫·沃纳 / 维克多·加博 / 乔纳森·海德 / 苏茜·爱米斯 / 刘易斯·阿伯内西 / Nicholas Cascone / Anatoly M. Sagalevitch / 丹尼·努齐 / 杰森·贝瑞 / 伊万·斯图尔特 / 艾恩·格拉法德 / 乔纳森·菲利普斯 / 马克·林赛·查普曼 / 理查德·格拉翰 / Paul Brightwell / 艾瑞克·布里登 / 夏洛特·查顿 / 博纳德·福克斯 / 迈克尔·英塞恩 / Fannie Brett / 马丁·贾维斯 / Rosalind Ayres / 罗切尔·罗斯 / Jonathan Evans-Jones / Simon Crane / 爱德华德·弗莱彻 / Scott Anderson / Martin East / 克雷格·凯利 / 格雷戈里·库克 / Liam Tuohy / James Lancaster / 艾尔莎·瑞雯 / Lew Palter / Terry Forrestal / ,9.2
小鞋子 بچههای آسمان,https://img3.doubanio.com/view/movie_poster_cover/lpst/public/p2173580603.jpg,马基德·马基迪,1999-01-22(美国), 伊朗,Amir Farrokh Hashemian / 默罕默德·阿米尔·纳吉 / Bahare Seddiqi / Nafise Jafar-Mohammadi / ,9.2
不羁夜 Boogie Nights,https://img3.doubanio.com/view/movie_poster_cover/lpst/public/p2188465923.jpg,保罗·托马斯·安德森,"1997-09-11(多伦多电影节),1997-10-10(美国)", 美国,马克·沃尔伯格 / 伯特·雷诺兹 / 朱丽安·摩尔 / 海瑟·格拉汉姆 / 约翰·C·赖利 / 唐·钱德尔 / 威廉姆·H·梅西 / 菲利普·塞默·霍夫曼 / 菲利浦·贝克·霍尔 / 阿尔弗雷德·莫里纳 / ,7.4
爱情麻辣烫,https://img1.doubanio.com/view/movie_poster_cover/lpst/public/p2184357657.jpg,张扬,1999-11-08(夏威夷电影节), 中国大陆,高圆圆 / 徐静蕾 / 邵兵 / 濮存昕 / 吕丽萍 / 周华健 / 郭涛 / 徐帆 / 文兴宇 / 王学兵 / 赵淼 / ,7.4
算死草,https://img1.doubanio.com/view/movie_poster_cover/lpst/public/p1622126778.jpg,马伟豪,1997-08-01, 香港,周星驰 / 葛民辉 / 莫文蔚 / 邱淑贞 / 林保怡 / 刘以达 / 黄伟文 / 罗家英 / 陈豪 / 张达明 / ,6.8
大话王 Liar Liar,https://img1.doubanio.com/view/movie_poster_cover/lpst/public/p1308251107.jpg,汤姆·沙迪亚克,1997-03-21, 美国,金·凯瑞 / 毛拉·蒂尔内 / 贾斯汀·库珀 / 加利·艾尔维斯 / ,7.5
我嫁了个怪蜀黍！ I Married a Strange Person!,https://img3.doubanio.com/view/movie_poster_cover/lpst/public/p1554375181.jpg,比尔·普莱姆顿,1998-08-28, 美国,哈里斯·米切尔森 / Tom Larson / Richard Spore / Chris Cooke / Ruth Ray / J.B. Adams / John Russo Jr. / Jennifer Senko / John Holderried / Etta Valeska / Bill Martone / ,8.1
苗翠花,https://img3.doubanio.com/view/movie_poster_cover/lpst/public/p2227943115.jpg,萧显辉,1997-03-24(香港), 香港,关咏荷 / 江华 / 刘江 / 惠英红 / 刘玉翠 / 李家声 / 陈少霞 / ,7.7
有话好好说,https://img1.doubanio.com/view/movie_poster_cover/lpst/public/p1194789138.jpg,张艺谋,"1997-05-16(中国大陆),1997-09-02(威尼斯电影节)", 中国大陆,姜文 / 李保田 / 瞿颖 / 刘信义 / 葛优 / 李雪健 / 尤勇 / 张艺谋 / 赵本山 / 焦刚 / 梁冠华 / 李琦 / 方青卓 / 杜旭东 / 傅彪 / 陈晓花 / 李强 / 常戎 / ,8.0
宠物小精灵 ポケットモンスター,https://img3.doubanio.com/view/movie_poster_cover/lpst/public/p2187852294.jpg,日高政光,1997-04-01, 日本,松本梨香 / 大谷育江 / 饭冢雅弓 / 上田佑司 / KAORI / 佐藤佑子 / 丰口惠美 / 林原惠 / 三木真一郎 / ,8.6
一树梨花压海棠 Lolita,https://img3.doubanio.com/view/movie_poster_cover/lpst/public/p2193339885.jpg,阿德里安·莱恩,1997-09-27, 美国 / 法国,杰瑞米·艾恩斯 / 梅兰尼·格里菲斯 / 弗兰克·兰格拉 / 多米尼克·斯万 / Suzanne Shepherd / Keith Reddin / Erin J. Dean / Joan Glover / Pat Perkins / Ed Grady / Michael Goodwin / 安吉拉·佩顿 / 本·西尔弗斯通 / 爱玛·格里菲斯·马琳 / ,8.0
老友记  第四季 Friends Season 4,https://img3.doubanio.com/view/movie_poster_cover/lpst/public/p2375152053.jpg,Shelley Jensen,1997-09-25(美国), 美国,詹妮弗·安妮斯顿 / 柯特妮·考克斯 / 丽莎·库卓 / 马特·勒布朗 / 马修·派瑞 / 大卫·休默 / ,9.7
千钧一发 Gattaca,https://img3.doubanio.com/view/movie_poster_cover/lpst/public/p2195672555.jpg,安德鲁·尼科尔,1997-10-24(美国), 美国,伊桑·霍克 / 乌玛·瑟曼 / 裘德·洛 / 艾伦·阿金 / 戈尔·维达尔 / 山德·贝克利 / ,8.7
甲方乙方,https://img3.doubanio.com/view/movie_poster_cover/lpst/public/p1344140701.jpg,冯小刚,1997-12-24(中国大陆), 中国大陆,葛优 / 英达 / 何冰 / 冯小刚 / 刘蓓 / 傅彪 / 徐帆 / 杨立新 / 李琦 / 叶京 / ,8.2
一个字头的诞生 一個字頭的誕生,https://img1.doubanio.com/view/movie_poster_cover/lpst/public/p1929459409.jpg,韦家辉,1997-03-14(香港), 香港,刘青云 / 吴镇宇 / 李若彤 / 徐锦江 / 张达明 / 郑祖 / 宋本中 / ,8.3
恐怖鸡 恐怖雞,https://img3.doubanio.com/view/movie_poster_cover/lpst/public/p1758292824.jpg,曾瑾昌,1997-11-29, 香港,吴倩莲 / 黎耀祥 / 陈豪 / 黄文慧 / 元彬 / ,7.3
拽妹黛薇儿 第一季 Daria Season 1,https://img3.doubanio.com/view/movie_poster_cover/lpst/public/p2266339660.jpg,Karen Disher,1997-03-03, 美国,Tracy Grandstaff / Wendy Hoopes / ,9.3
