电影名,海报链接,导演,时间,地区,演员,评分
极度深寒 Deep Rising,https://img3.doubanio.com/view/movie_poster_cover/lpst/public/p1261755612.jpg,斯蒂芬·索莫斯,1998-01-30, 美国,特里特·威廉斯 / 法米克·詹森 / 安东尼·希尔德 / 凯文·J·奥康纳 / 韦斯·斯塔迪 / ,7.3
虫虫危机 A Bug's Life,https://img3.doubanio.com/view/movie_poster_cover/lpst/public/p2355653542.jpg,约翰·拉塞特,1998-11-25, 美国,大卫·弗利 / 凯文·史派西 / 茱莉亚·路易斯-德瑞弗斯 / ,7.7
电子情书 You've Got Mail,https://img1.doubanio.com/view/movie_poster_cover/lpst/public/p469986867.jpg,诺拉·艾芙隆,1998-12-18, 美国,汤姆·汉克斯 / 梅格·瑞恩 / Katie Sagona / 格雷戈·金尼尔 / ,7.8
天使之城 City of Angels,https://img3.doubanio.com/view/movie_poster_cover/lpst/public/p480503066.jpg,布拉德·塞伯宁,1998-04-10(美国), 美国 / 德国,尼古拉斯·凯奇 / 梅格·瑞恩 / 安德鲁·布劳尔 / 丹尼斯·弗兰茨 / 科鲁姆·费奥瑞 / 罗宾·巴特利特 / Joanna Merlin / Sarah Dampf / Rhonda Dotson / Nigel Gibbs / 约翰·普奇 / Lauri Johnson / Christian Aubert / 杰·帕特森 / ,7.9
的士速递 Taxi,https://img1.doubanio.com/view/movie_poster_cover/lpst/public/p705026449.jpg,吉拉尔·皮雷,1998-04-08(法国), 法国,萨米·纳塞利 / 玛丽昂·歌迪亚 / 佛瑞德瑞克·迪分索 / Manuela Gourary / ,7.8
细细的红线 The Thin Red Line,https://img3.doubanio.com/view/movie_poster_cover/lpst/public/p2188256491.jpg,泰伦斯·马力克,"1998-12-23(点映),1999-01-15(美国)", 美国,西恩·潘 / 伊莱亚斯·科泰斯 / 吉姆·卡维泽 / 本·卓别林 / 尼克·诺特 / 艾德里安·布洛迪 / 乔治·克鲁尼 / 约翰·库萨克 / 伍迪·哈里森 / 约翰·C·赖利 / 约翰·特拉沃尔塔 / 托马斯·简 / 杰瑞德·莱托 / 约翰·萨维奇 / ,7.8
荆轲刺秦王,https://img3.doubanio.com/view/movie_poster_cover/lpst/public/p1322847821.jpg,陈凯歌,1999-08-06(中国大陆), 中国大陆 / 日本 / 法国,张丰毅 / 李雪健 / 巩俐 / 王志文 / 孙周 / 陈凯歌 / 潘长江 / 赵本山 / 丁海峰 / ,7.5
"黑猫白猫 Црна мачка, бели мачор",https://img1.doubanio.com/view/movie_poster_cover/lpst/public/p2176669838.jpg,埃米尔·库斯图里卡,1998-09-10, 南斯拉夫联邦共和国 / 法国 / 德国 / 奥地利 / 希腊 / 美国,斯尔詹·托多罗维奇 / 布兰卡·卡蒂奇 / Bajram Severdzan / Florijan Ajdini / Ljubica Adzovic / Zabit Memedov / Sabri Sulejmani / Jasar Destani / Predrag Lakovic / ,8.5
青春年少 Rushmore,https://img3.doubanio.com/view/movie_poster_cover/lpst/public/p456194105.jpg,韦斯·安德森,"1998-09-17(多伦多电影节),1999-02-19(美国)", 美国,詹森·舒瓦兹曼 / 比尔·默瑞 / 奥莉维亚·威廉姆斯 / 西摩·卡塞尔 / 布莱恩·考克斯 / 梅森·甘布 / 萨拉·塔娜卡 / Stephen McCole / 康妮·尼尔森 / 卢克·威尔逊 / 迪帕克·帕拉纳 / ,8.0
水牛城66 Buffalo '66,https://img3.doubanio.com/view/movie_poster_cover/lpst/public/p453576673.jpg,文森特·加洛,1998-06-26, 美国,文森特·加洛 / 克里斯蒂娜·里奇 / 本·戈扎那 / 米基·洛克 / 罗姗娜·阿奎特 / 冉-迈克尔·文森特 / 安杰丽卡·休斯顿 / ,8.5
红色小提琴 Le violon rouge,https://img3.doubanio.com/view/movie_poster_cover/lpst/public/p1486350295.jpg,佛朗索瓦·吉拉德,1998-11-13, 加拿大 / 意大利 / 英国,Carlo Cecchi / 詹尼·露·比多 / 张艾嘉 / Christoph Koncz / 杰森·弗莱明 / 塞缪尔·杰克逊 / 陶虹 / ,8.2
国家公敌 Enemy of the State,https://img3.doubanio.com/view/movie_poster_cover/lpst/public/p1209268712.jpg,托尼·斯科特,1998-11-20(美国), 美国,威尔·史密斯 / 吉恩·哈克曼 / 强·沃特 / 莉莎·博内特 / 雷吉娜·金 / 斯图亚特·维尔森 / 劳拉·凯洛蒂 / 劳恩·迪恩 / 巴里·佩珀 / 伊恩·哈特 / 杰克·布塞 / 斯科特·凯恩 / 杰森·李 / 加布里埃尔·伯恩 / 詹姆斯·勒格罗 / 杰米·肯尼迪 / 加斯查·华盛顿 / ,8.0
天鹅绒金矿 Velvet Goldmine,https://img1.doubanio.com/view/movie_poster_cover/lpst/public/p580624079.jpg,托德·海因斯,1998-11-06, 英国 / 美国,伊万·麦克格雷格 / 乔纳森·莱斯·梅耶斯 / 克里斯蒂安·贝尔 / 托妮·科莱特 / 艾迪·伊扎德 / Emily Woof / 迈克尔·菲斯特 / 珍妮·麦克蒂尔 / Mairead McKinley / Luke Morgan Oliver / Osheen Jones / Micko Westmoreland / Damian Suchet / Danny Nutt / 沃什·韦斯特摩兰 / ,8.4
行运一条龙 行運一條龍,https://img1.doubanio.com/view/movie_poster_cover/lpst/public/p1148042187.jpg,李力持,1998-01-05(香港), 香港,周星驰 / 葛民辉 / 陈晓东 / 郑秀文 / 杨恭如 / 舒淇 / 吴孟达 / 李兆基 / 田启文 / 陈彦行 / 谷德昭 / 吴君如 / 叶竞生 / 王书麒 / ,6.6
伊丽莎白 Elizabeth,https://img3.doubanio.com/view/movie_poster_cover/lpst/public/p880919713.jpg,谢卡尔·卡普尔,1998-10-02, 英国,凯特·布兰切特 / 杰弗里·拉什 / 克里斯托弗·埃克莱斯顿 / 约瑟夫·费因斯 / 理查德·阿滕伯勒 / 文森特·卡索 / 芬妮·阿尔丹 / 埃里克·坎通纳 / 凯西·伯克 / 艾米莉·莫迪默 / 约翰·吉尔古德 / 詹姆斯·弗莱恩 / 凯莉·麦克唐纳 / ,7.7
第六感生死缘 Meet Joe Black,https://img1.doubanio.com/view/movie_poster_cover/lpst/public/p511183278.jpg,马丁·布莱斯,1998-11-13, 美国,布拉德·皮特 / 安东尼·霍普金斯 / 克莱尔·弗兰妮 / 杰克·韦伯 / ,7.8
非常突然,https://img3.doubanio.com/view/movie_poster_cover/lpst/public/p2362714345.jpg,游达志,1998-05-28(香港), 香港,任达华 / 刘青云 / 蒙嘉慧 / 黄卓玲 / 许绍雄 / ,8.0
我是谁 我是誰,https://img1.doubanio.com/view/movie_poster_cover/lpst/public/p2002166139.jpg,陈木胜,1998-01-17(香港), 香港,成龙 / 法拉美穗 / 山本未来 / Ron Smerczak / 艾德·尼尔森 / Tom Pompert / Glory Simon / Fred van Ditmarsch / Fritz Krommenhoek / Dick Rienstra / Rinaldo van Ommeren / Pim Daane / 杰里迈亚·弗莱明 / Neil Berger / Dik Brinksma / Yanick Mbali / Washington Xisolo / David Vlok / 关勇 / 罗恩·斯穆安伯格 / ,7.3
谋杀绿脚趾 The Big Lebowski,https://img3.doubanio.com/view/movie_poster_cover/lpst/public/p2225804430.jpg,乔尔·科恩,1998-03-06, 美国 / 英国,杰夫·布里吉斯 / 约翰·古德曼 / 朱丽安·摩尔 / 史蒂夫·布西密 / 菲利普·塞默·霍夫曼 / 塔拉·雷德 / 菲利普·穆恩 / 马克·佩雷格里诺 / 彼得·斯特曼 / 弗利 / 杰克·科勒尔 / 约翰·特托罗 / 大卫·霍德尔斯顿 / Torsten Voges / ,7.6
赵先生,https://img3.doubanio.com/view/movie_poster_cover/lpst/public/p2378979204.jpg,吕乐,1999-11-23, 香港 / 中国大陆,施京明 / 张芝华 / 蒋雯丽 / ,7.6
莎翁情史 Shakespeare in Love,https://img3.doubanio.com/view/movie_poster_cover/lpst/public/p827467635.jpg,约翰·麦登,1998-12-11, 英国 / 美国,约瑟夫·费因斯 / 格温妮斯·帕特洛 / 杰弗里·拉什 / 朱迪·丹奇 / 汤姆·威尔金森 / 科林·费尔斯 / 本·阿弗莱克 / ,7.4
九星报喜 九星報喜,https://img3.doubanio.com/view/movie_poster_cover/lpst/public/p940031193.jpg,高志森,1998-02-14(香港), 香港,张国荣 / 吴倩莲 / 钟镇涛 / 李蕙敏 / 张达明 / 黎姿 / 黄百鸣 / 陈洁灵 / 周文健 / ,6.8
玻璃之城,https://img3.doubanio.com/view/movie_poster_cover/lpst/public/p791235992.jpg,张婉婷,1998-10-28(香港), 香港,黎明 / 舒淇 / 吴彦祖 / 张燊悦 / 谷德昭 / 陈奕迅 / ,7.9
美少年之恋,https://img3.doubanio.com/view/movie_poster_cover/lpst/public/p673858463.jpg,杨凡,1998-09-11(多伦多电影节), 香港,冯德伦 / 吴彦祖 / 舒淇 / 曾仕贤 / 尹子维 / 曾江 / 焦姣 / 张达明 / 黄霑 / 方保罗 / 张艾嘉 / ,7.4
未麻的部屋 Perfect Blue,https://img3.doubanio.com/view/movie_poster_cover/lpst/public/p1351050722.jpg,今敏,"1997-07(加拿大奇幻电影节),1998-02-28(日本)", 日本,岩男润子 / 松本梨香 / ,8.8
去年烟花特别多,https://img3.doubanio.com/view/movie_poster_cover/lpst/public/p796235683.jpg,陈果,1998-12-31, 香港,何华超 / 李灿森 / 谷祖琳 / 黎志豪 / 陈生 / 彭亦威 / ,8.0
八月照相馆 8월의 크리스마스,https://img3.doubanio.com/view/movie_poster_cover/lpst/public/p2166541466.jpg,许秦豪,1998-01-24(韩国), 韩国,韩石圭 / 沈银河 / 申久 / 李瀚伟 / 全美善 / ,7.9
我嫁了个怪蜀黍！ I Married a Strange Person!,https://img3.doubanio.com/view/movie_poster_cover/lpst/public/p1554375181.jpg,比尔·普莱姆顿,1998-08-28, 美国,哈里斯·米切尔森 / Tom Larson / Richard Spore / Chris Cooke / Ruth Ray / J.B. Adams / John Russo Jr. / Jennifer Senko / John Holderried / Etta Valeska / Bill Martone / ,8.1
中华小当家 中華一番!,https://img3.doubanio.com/view/movie_poster_cover/lpst/public/p2225808630.jpg,案納正美,1997-04-27(日本), 日本,田中真弓 / 雪野五月 / 大塚明夫 / チョウ·メイリィ / 坂本千夏 / 家中宏 / 神奈延年 / 置鲇龙太郎 / ,8.2
老友记  第五季 Friends Season 5,https://img1.doubanio.com/view/movie_poster_cover/lpst/public/p2330977709.jpg,Kevin Bright,1998-09-24(美国), 美国,詹妮弗·安妮斯顿 / 柯特妮·考克斯 / 丽莎·库卓 / 马特·勒布朗 / 马修·派瑞 / ,9.7
水浒传,https://img3.doubanio.com/view/movie_poster_cover/lpst/public/p1226587532.jpg,张绍林,1998-01-03(中国), 中国大陆,李雪健 / 宁晓志 / 周野芒 / 臧金生 / 丁海峰 / 赵小锐 / 修庆 / ,8.3
亲情无价 One True Thing,https://img3.doubanio.com/view/movie_poster_cover/lpst/public/p1684611944.jpg,卡尔·弗兰克林,1998-09-18, 美国,梅丽尔·斯特里普 / 蕾妮·齐薇格 / 威廉·赫特 / 汤姆·艾弗瑞特·斯科特 / ,8.3
东游记,https://img3.doubanio.com/view/movie_poster_cover/lpst/public/p2373025431.jpg,张宝莲,1998-11-26, 新加坡,马景涛 / 郭妃丽 / 郑秀珍 / 谢韶光 / 沈依灵 / ,6.9
梦中情人 Dream for an Insomniac,https://img3.doubanio.com/lpic/s3742074.jpg,Tiffanie DeBartolo,"1996-04-18(旧金山电影节),1998-04-18(美国)", 美国,艾农·斯凯 / 詹妮弗·安妮斯顿 / ,7.7
球球向前冲 BASEketball,https://img3.doubanio.com/lpic/s3855403.jpg,大卫·扎克,1998-07-31, 美国,崔·帕克 / 马特·斯通 / ,7.1
美国警官 U.S. Marshals,https://img3.doubanio.com/view/movie_poster_cover/lpst/public/p2246159000.jpg,斯图尔特·贝尔德,1998-03-06(美国), 美国,汤米·李·琼斯 / 韦斯利·斯奈普斯 / ,6.8
蛇眼 Snake Eyes,https://img1.doubanio.com/view/movie_poster_cover/lpst/public/p1798946788.jpg,布莱恩·德·帕尔玛,1998-08-07, 美国,尼古拉斯·凯奇 / 加里·西尼斯 / 约翰·赫德 / 卡拉·古奇诺 / ,6.9
心灵点滴 Patch Adams,https://img1.doubanio.com/view/movie_poster_cover/lpst/public/p735865077.jpg,汤姆·沙迪亚克,1998-12-25(美国), 美国,罗宾·威廉姆斯 / 丹尼尔·伦敦 / 莫妮卡·波特 / 菲利普·塞默·霍夫曼 / 鲍勃·冈顿 / 约瑟夫·索默 / 艾尔玛·霍尔 / 弗兰西斯·李·麦克凯恩 / 哈威·普雷斯内尔 / 达尼爱拉·库恩 / 彼德·考约特 / 詹姆斯·格林 / 迈克尔·杰特 / ,8.5
爱的初体验 Get Real,https://img3.doubanio.com/view/movie_poster_cover/lpst/public/p1084127131.jpg,Simon Shore,1999-09-12, 英国,本·西尔弗斯通 / Brad Gorton / Charlotte Brittain / ,7.5
月光光心慌慌7 Halloween H20: 20 Years Later,https://img3.doubanio.com/view/movie_poster_cover/lpst/public/p2177128266.jpg,史蒂夫·迈纳,1998-08-05, 美国,杰米·李·柯蒂斯 / 乔什·哈奈特 / 亚当·阿金 / 米歇尔·威廉姆斯 / LL Cool J / 珍妮特·利 / ,6.2
枪炮玫瑰世纪精选MV Guns N' Roses: Welcome to the Videos,https://img3.doubanio.com/lpic/s2402295.jpg,Nigel Dick,1998-10-27, 美国,Steven Adler / Gilby Clarke / ,9.3
绊 絆 きずな,https://img3.doubanio.com/view/movie_poster_cover/lpst/public/p2274797166.jpg,根岸吉太郎,1998-06-06(日本), 日本,役所广司 / 渡边谦 / 麻生祐未 / 斋藤洋介 / 木下邦家 / 土屋久美子 / 川井郁子 / 池内万作 / 加藤善博 / 津川雅彦 / 内藤武敏 / 加藤治子 / 柳原晴郎 / 萩尾绿 / ,"
    "
完美无暇 Flawless,https://img1.doubanio.com/view/movie_poster_cover/lpst/public/p2167013829.jpg,乔·舒马赫,1999-11-24, 美国,罗伯特·德尼罗 / 菲利普·塞默·霍夫曼 / 贝瑞·米勒 / ,7.1
猛鬼食人胎,https://img3.doubanio.com/view/movie_poster_cover/lpst/public/p2002248594.jpg,梁宏发,, 香港,吴辰君 / 徐锦江 / ,5.8
天地豪情,https://img3.doubanio.com/lpic/s4081130.jpg,戚其义,1998-2-16, 香港,张家辉 / 蔡少芬 / 周海媚 / 黄日华 / 陈锦鸿 / 罗嘉良 / 宣萱 / ,8.0
男生女相：华语电影之性别 男生女相：華語電影之性別,https://img3.doubanio.com/lpic/s1434295.jpg,关锦鹏,1998-06-05, 英国 / 香港,张彻 / 陈凯歌 / 张国荣 / 焦雄屏 / 方育平 / 侯孝贤 / 李安 / 李小龙 / 汤尼·雷恩 / 狄龙 / 蔡明亮 / 徐克 / 吴宇森 / ,8.7
雪狐,https://img3.doubanio.com/view/movie_poster_cover/lpst/public/p2417915934.jpg,胡进庆,1998, 中国大陆,,"
    "
里赫特：谜 Richter: The Enigma,https://img1.doubanio.com/lpic/s1787369.jpg,Bruno Monsaingeon,1998, 法国,,9.5
叽哩咕历险记 Kirikou et la sorcière,https://img3.doubanio.com/view/movie_poster_cover/lpst/public/p2166672523.jpg,米歇尔·欧斯洛,1998-12-09(法国), 法国 / 比利时 / 卢森堡,Doudou Gueye Thiaw / Maimouna N'Diaye / Awa Sene Sarr / Robert Liensol / William Nadylam / Sebastien Hebrant / Thilombo Lubambu / Marie Augustine Diatta / Moustapha Diop / Isseu Niang / Selly Raby Kane / Erick Patrick Correa / Adjoua Barry / Charles Edouard Gomis Correa / ,8.0
神雕侠侣,https://img3.doubanio.com/view/movie_poster_cover/lpst/public/p2373022903.jpg,马玉辉,1998-06-02(新加坡), 新加坡,李铭顺 / 范文芳 / 朱厚任 / 何咏芳 / 林湘萍 / 丁岚 / ,6.8
美术馆旁的动物园 미술관 옆 동물원,https://img3.doubanio.com/view/movie_poster_cover/lpst/public/p703364663.jpg,李廷香,1998-12-19, 韩国,沈银河 / 李成宰 / ,7.5
独自站立 Seul contre tous,https://img3.doubanio.com/view/movie_poster_cover/lpst/public/p2388824011.jpg,加斯帕·诺,1998-05-16, 法国,菲利普·拿翁 / Blandine Lenoir / ,7.7
侵华日军731部队记录片 Unit 731: Nightmare in Manchuria,https://img3.doubanio.com/lpic/s1935444.jpg,,1998-08-01, USA,,8.3
生化寿尸,https://img3.doubanio.com/view/movie_poster_cover/lpst/public/p2043311681.jpg,叶伟信,1998-06-11, 香港,陈小春 / 李灿森 / 张锦程 / 黎耀祥 / 汤盈盈 / 黎淑贤 / ,6.6
没有小鸟的天空,https://img3.doubanio.com/lpic/s3750680.jpg,杨逸德,1998, 中国香港,钟镇涛 / 洪金宝 / 吴耀汉 / 罗兰 / 张锦程 / 刘雅丽 / ,6.2
无辜的世界 イノセントワールド,https://img1.doubanio.com/view/movie_poster_cover/lpst/public/p2212256257.jpg,下山天,1998-10-03, 日本,安藤政信 / 竹内結子 / 伊藤かずえ / ,7.9
成龙的传奇 Jackie Chan: my story,https://img3.doubanio.com/view/movie_poster_cover/lpst/public/p2041988736.jpg,成龙,1998-11-17, 香港,成龙 / 周华健 / 西尔维斯特·史泰龙 / 阿诺·施瓦辛格 / 杨紫琼 / 洪金宝 / 元彪 / 于占元 / 唐季礼 / 卢惠光 / 李小龙 / 吴宇森 / 黄正利 / 张曼玉 / 董骠 / 梅艳芳 / 徐克 / ,7.2
新女巡按,https://img3.doubanio.com/view/movie_poster_cover/lpst/public/p2255067382.jpg,赖水清,, 台湾,陈道明 / 孙翠凤 / 翁虹 / 葛蕾 / 叮当 / 张铁林 / 陈宝国 / 李立群 / 蔡灿得 / 刘孜 / 吴君如 / ,8.0
地獄先生ぬ〜べ〜 決戦!陽神の術vs壁男,https://img3.doubanio.com/view/movie_poster_cover/lpst/public/p2178283534.jpg,,, 日本,,"
    "
保镖之天之娇女,https://img1.doubanio.com/view/movie_poster_cover/lpst/public/p2062883639.jpg,周令刚,1998, 中国大陆,何家劲 / 刘玉婷 / 黄文豪 / ,7.6
聋人之国 Страна глухих,https://img1.doubanio.com/view/movie_poster_cover/lpst/public/p2274184879.jpg,Valeri Todorovsky,1999-04-06, 俄罗斯 / 法国,Chulpan Khamatova / Dina Korzun / ,7.7
天生冤家 The Odd Couple II,https://img3.doubanio.com/view/movie_poster_cover/lpst/public/p2363822460.jpg,霍华德·达奇,1998-04-10(美国), 美国,沃尔特·马修 / 杰克·莱蒙 / ,8.2
飞狗巴迪2：金牌接球员 Air Bud: Golden Receiver,https://img3.doubanio.com/lpic/s1686552.jpg,Richard Martin,1998-08-14, 加拿大 / 美国,蒂姆·康威 / 迪克·马丁 / ,7.9
心缘 Le temps d'un éclair,https://img1.doubanio.com/lpic/s3976327.jpg,马保利 Marco Pauly,1998-11-25, 法国,Adrienne Pauly / Boris Terral / ,8.9
B计划,https://img3.doubanio.com/lpic/s1497120.jpg,罗礼贤,1998-08-29, 香港 / 日本,张智霖 / 李绮虹 / 舒淇 / 泽田研二 / 高岛政伸 / 中田圭 / ,6.3
俄国人生七年2 14 Up Born in the USSR,https://img3.doubanio.com/view/movie_poster_cover/lpst/public/p2161768870.jpg,Sergei Miroshnichenko,1998, 英国,,9.4
98惊魂记 Psycho,https://img1.doubanio.com/view/movie_poster_cover/lpst/public/p1025254289.jpg,格斯·范·桑特,1998-12-04, 美国,文斯·沃恩 / 安·海切 / 维果·莫腾森 / 朱丽安·摩尔 / 威廉姆·H·梅西 / ,6.5
等不及说爱你 Can't Hardly Wait,https://img1.doubanio.com/view/movie_poster_cover/lpst/public/p1610902778.jpg,Deborah Kaplan,1998-06-12, 美国,詹妮弗·洛芙·休伊特 / 伊桑·恩布里 / ,5.9
名人百态 Celebrity,https://img1.doubanio.com/view/movie_poster_cover/lpst/public/p1580407567.jpg,伍迪·艾伦,1998-11-20, 美国,肯尼思·布拉纳 / 朱迪·戴维斯 / 莱昂纳多·迪卡普里奥 / 梅兰尼·格里菲斯 / 查理兹·塞隆 / 法米克·詹森 / 薇诺娜·瑞德 / 阿莱卡萨·帕拉迪诺 / ,7.4
我钟情的人 The Object of My Affection,https://img3.doubanio.com/view/movie_poster_cover/lpst/public/p559659400.jpg,尼古拉斯·希特纳,1998-04-17, 美国,保罗·路德 / Kali Rocha / 詹妮弗·安妮斯顿 / Lena Cardwell / Natalie B. Kikkenborg / Lauren Pratt / 海顿·潘妮蒂尔 / Lauren Chen / 连姆·艾肯 / 阿伦·阿尔达 / 艾莉森·珍妮 / 蒂姆·达利 / Janet Zarish / Ellen Tobie / ,7.5
盐湖城朋克 SLC Punk!,https://img3.doubanio.com/view/movie_poster_cover/lpst/public/p1942275034.jpg,James Merendino,1998-09-24, 美国,马修·里沃德 / 迈克尔·A.戈尔杰 / ,7.6
小猪宝贝2：小猪进城 Babe: Pig in the City,https://img3.doubanio.com/view/movie_poster_cover/lpst/public/p2397234693.jpg,乔治·米勒,1998-11-25, 澳大利亚,玛格达·苏班斯基 / 詹姆斯·克伦威尔 / Mary Stein / 米基·鲁尼 / ,7.9
自由的代价 A Price Above Rubies,https://img3.doubanio.com/lpic/s3347112.jpg,鲍兹·亚金,1998-03-25, 英国 / 美国,蕾妮·齐薇格 / 克里斯托弗·埃克莱斯顿 / 朱丽安娜· 玛格丽丝 / Allen Payne / 格伦·菲茨杰拉德 / 金·亨特 / John Randolph / 凯思琳查尔方特 / Peter Jacobson / 埃迪·法可 / Timothy Jerome / Phyllis Newman / Joyce Reehling / Shelton Dane / ,7.9
野兽刑警,https://img1.doubanio.com/view/movie_poster_cover/lpst/public/p2028302298.jpg,陈嘉上,1998-04-09, 香港,黄秋生 / 王敏德  / 张耀扬 / 周海媚 / 李灿森 / 谭耀文 / ,7.6
恋爱时代 第二季 Dawson's Creek Season 2,https://img1.doubanio.com/lpic/s3625907.jpg,David Semel,1998-10-07, 美国,James Van Der Beek / Katie Holmes / Michelle Williams / ,8.2
洞,https://img3.doubanio.com/view/movie_poster_cover/lpst/public/p1526711802.jpg,蔡明亮,1998-09-14, 法国 / 台湾,李康生 / 杨贵媚 / ,7.9
猫 Great Performances: Cats,https://img1.doubanio.com/view/movie_poster_cover/lpst/public/p2149330928.jpg,David Mallet,1998-10-5(英国)/1998-10-27(美国), 英国,伊莲·佩姬 / 约翰·米尔斯 / ,9.0
音乐银行 뮤직뱅크,https://img3.doubanio.com/view/movie_poster_cover/lpst/public/p2193790634.jpg,,1998-06-16, 韩国,BIGBANG / 少女时代 / BEAST / VIXX / B1A4 / f(x) / GOT7 / missA / SISTAR / TVXQ / SHINHWA / F.T.Island / CNBLUE / Brown Eyed Girls / Wonder Girls / 4minute / TeenTop / B.A.P / 100% / SHINee / EXO / AOA / Girl's Day / 帝国之子 / LED Apple / C-CLOWN / MYNAME / History / 2NE1 / T-ARA / Secret / Davichi / Orange Caramel / MBLAQ / U-Kiss / NU'EST / HelloVenus / F-VE DOLLS / BESTie / A Pink / BTOB / 2AM / 2PM / 许阁 / 徐仁国 / 李知恩 / Ailee / 朴轸泳 / CROSS GENE / 朴叙俊 / 尹宝拉 / 池晟 / 朴宝剑 Bo-Gum Park / 裴珠泫 / 朴叙俊 Seo-Jun Park / 郑镇云 Jin-woon Jung / 朴世荣 Se-young Park / 李章宇 Jang-woo Lee / 金宥真 Yu-Jin Kim / 金显祐 Hyun-woo Kim / 金敏智 / 宋仲基 Joong-ki Song / 徐孝琳 Hyo-rim Seo / 刘世允 / 朴恩英 / 徐仁英 / 李善雄 / Tablo / 闵书贤 / 金成恩 Seong-eun Kim / 河东勋 Dong-hoon Ha / 安率滨 / ,8.0
倒霉的猴子 アンラッキー・モンキー,https://img3.doubanio.com/lpic/s17094182.jpg,萨布,1998-07-18, 日本,堤真一 / 吉野公佳 / 寺岛进 / ,7.4
机动战舰剧场版：暗黑王子 機動戦艦ナデシコ The prince of darkness,https://img3.doubanio.com/view/movie_poster_cover/lpst/public/p2237205435.jpg,佐藤竜雄,1998-08-08, 日本,上田祐司 / ,8.6
吉尔吉斯少年行 Beshkempir,https://img3.doubanio.com/view/movie_poster_cover/lpst/public/p2284207871.jpg,雅坦·阿迪卡可夫,1998-08-11, 吉尔吉斯斯坦 / 法国,Mirlan Abdykalykov / Adir Abilkassimov / Mirlan Cinkozoev / Bakit Dzhylkychiev / Albina Imasheva / ,7.4
绝地计划 A Simple Plan,https://img3.doubanio.com/view/movie_poster_cover/lpst/public/p2388291533.jpg,山姆·雷米,1998-12-11, 法国 / 德国 / 日本 / 英国 / 美国,比尔·帕克斯顿 / 布里吉特·芳达 / 比利·鲍伯·松顿 / ,7.2
70年代秀 第一季 That '70s Show Season 1,https://img3.doubanio.com/view/movie_poster_cover/lpst/public/p2254856926.jpg,David Trainer,1998-08-23(美国), 美国,米拉·库尼斯 / 丹尼·马斯特森 / 劳拉·普莱潘 / 托弗·戈瑞斯 / ,8.9
青之六号 青の6号,https://img1.doubanio.com/view/movie_poster_cover/lpst/public/p2205907208.jpg,Mahiro Maeda,1998-10-25, 日本,Hozumi Gôda / Kinryû Arimoto / ,8.0
爱情快递 Overnight Delivery,https://img3.doubanio.com/view/movie_poster_cover/lpst/public/p1419757290.jpg,Jason Bloom,1998-04-07, 美国,Paul Rudd / Reese Witherspoon / ,6.6
看了又看 보고 또 보고,https://img3.doubanio.com/view/movie_poster_cover/lpst/public/p2376201024.jpg,张斗益,1998-03-02(韩国), 韩国,金智秀 / 郑宝石 / 许峻豪 / 朴龙河 / ,7.9
愈堕落，愈英雄,https://img1.doubanio.com/view/movie_poster_cover/lpst/public/p1975672358.jpg,霍耀良,, 香港,方中信 / 周海媚 / 陈锦鸿 / ,7.3
电子情人 Virtual Girl,https://img3.doubanio.com/lpic/s4366712.jpg,Richard Gabai,, 美国,,"
    "
穆桂英之大破天门阵,https://img3.doubanio.com/view/movie_poster_cover/lpst/public/p2343822132.jpg,杨绍鸿,, 香港 / 台湾,焦恩俊 / 陈秀雯 / 林韦辰 / ,7.8
哆啦A梦七小子的虫虫大作战 ザ・ドラえもんズ ムシムシぴょんぴょん大作戦!,https://img1.doubanio.com/lpic/s24353309.jpg,,1998-03-07, 日本,,7.3
真爱 Beloved,https://img3.doubanio.com/lpic/s11134312.jpg,乔纳森·戴米,1998-10-08, 美国,奥普拉·温弗瑞 / 丹尼·格洛弗 / ,7.1
时空急转弯2 Les Couloirs du temps: Les visiteurs 2,https://img1.doubanio.com/view/movie_poster_cover/lpst/public/p2378451987.jpg,让-马力·普瓦雷,1998-02-11, 法国,让·雷诺 / 克里斯汀·克拉维尔 / ,7.1
写给光明之梦的三首歌 光にむかう3つの夢想曲,https://img3.doubanio.com/view/movie_poster_cover/lpst/public/p2205313466.jpg,西周成,, 日本,ヤナ・エシーポヴィチ / ,"
    "
五克拉的爱情 Place Vendôme,https://img1.doubanio.com/view/movie_poster_cover/lpst/public/p711471807.jpg,妮可·加西亚,1998-10-07, 法国,凯瑟琳·德纳芙 / 让-皮埃尔·巴克里 / ,6.8
两极天使 La vie rêvée des anges,https://img3.doubanio.com/view/movie_poster_cover/lpst/public/p1231281442.jpg,埃瑞克·宗卡,1998-09-09, 法国,艾洛迪·布歇 / 娜塔莎·雷尼埃 / ,7.7
背起爸爸上学,https://img3.doubanio.com/lpic/s3057265.jpg,周友朝,1998-10-19(中国大陆), 中国大陆,赵强 / 江化霖 / ,7.3
高潮艺术 High Art,https://img3.doubanio.com/view/movie_poster_cover/lpst/public/p1501310015.jpg,丽莎·查罗登科,1998-06-12, 加拿大 / 美国,拉妲·米契尔 / 加布里埃尔·曼 / 哈里斯·米切尔森 / 大卫·桑顿 / 安赫·道格 / 艾丽·西蒂 / 派翠西娅·克拉克森 / Helen Mendes / 比尔·萨奇 / Tammy Grimes / Cindra Feuer / 安东尼·瑞维瓦 / Elaine Tse / 鲁道夫·马丁 / ,7.5
大雨成灾 Hard Rain,https://img1.doubanio.com/view/movie_poster_cover/lpst/public/p734434297.jpg,迈克尔·塞洛蒙,1998-03-12, 美国 / 英国 / 丹麦 / 法国 / 日本 / 新西兰 / 德国,摩根·弗里曼 / 克里斯蒂安·史莱特 / ,6.6
佐罗的面具 The Mask of Zorro,https://img3.doubanio.com/view/movie_poster_cover/lpst/public/p1401208353.jpg,马丁·坎贝尔,1998-07-17(美国), 美国 / 德国,安东尼奥·班德拉斯 / 安东尼·霍普金斯 / 凯瑟琳·泽塔-琼斯 / ,7.5
雪人情缘 Jack Frost,https://img3.doubanio.com/view/movie_poster_cover/lpst/public/p2162427451.jpg,Troy Miller,1998-12-11, 美国,迈克尔·基顿 / 凯利·普雷斯顿 / 约瑟夫·克罗斯 / 马克·阿蒂 / ,7.7
替身杀手 The Replacement Killers,https://img3.doubanio.com/view/movie_poster_cover/lpst/public/p2203984083.jpg,安东尼·福奎阿,1998-02-06(美国), 美国,周润发 / 米拉·索维诺 / 迈克尔·鲁克 / 尤尔根·普洛斯诺 / ,5.7
六天七夜 Six Days Seven Nights,https://img3.doubanio.com/view/movie_poster_cover/lpst/public/p1894343615.jpg,伊万·雷特曼,1998-08-13, 美国,哈里森·福特 / 安·海切 / ,6.7
原子狗 Atomic Dog,https://img1.doubanio.com/lpic/s2398709.jpg,布赖恩 特伦查德－史密斯 (Brian Trenchard-Smith),1998-01-14, 美国,Daniel Hugh Kelly / Isabella Hofmann / ,"
    "
X档案：征服未来 The X Files,https://img1.doubanio.com/view/movie_poster_cover/lpst/public/p1559932018.jpg,罗伯·鲍曼,1998-06-19, 加拿大 / 美国,大卫·杜楚尼 / 吉莲·安德森 / 约翰·内威尔 / 威廉·B·戴维斯 / ,6.9
亚李·爸爸两个大盗 亞李·爸爸兩個大盜,https://img3.doubanio.com/lpic/s3120025.jpg,邝文伟,1998-02-28(香港), 香港,黄子华 / 张达明 / 汤盈盈 / 黎耀祥 / ,7.5
同窗的爱 Fucking Åmål,https://img3.doubanio.com/view/movie_poster_cover/lpst/public/p2188147915.jpg,鲁卡斯·穆迪森,1999-12-03, 瑞典 / 丹麦,亚历桑德拉·达尔斯托姆 / 瑞贝卡·里尔杰伯格 / ,7.7
我们共同的朋友 Our Mutual Friend,https://img3.doubanio.com/lpic/s1792324.jpg,Julian Farino,1998-03-09, 英国,保尔·麦克盖恩 / 凯莉·霍威 / ,8.2
怦然心动 Kuch Kuch Hota Hai,https://img3.doubanio.com/view/movie_poster_cover/lpst/public/p2332340250.jpg,Karan Johar,1998-10-16, 印度,沙鲁克·汗 / Kajol Devgan / ,7.3
星际旅行9：起义 Star Trek: Insurrection,https://img1.doubanio.com/view/movie_poster_cover/lpst/public/p2209408899.jpg,乔纳森·弗雷克斯,1998-12-11, 美国,帕特里克·斯图尔特 / 乔纳森·弗雷克斯 / 布伦特·斯皮内 / 莱瓦尔·伯顿 / 盖茨·麦克法登 / 唐纳·墨菲 / 迈克尔·多恩 / 玛丽娜·赛提斯 / F·默里·亚伯拉罕 / ,7.2
法庭妙冤家 What Rats Won't Do,https://img3.doubanio.com/view/movie_poster_cover/lpst/public/p2385096644.jpg,Alastair Reid,1998-07-01, 英国,James Frain / ,"
    "
跳跃大搜查线：湾岸署史上最恶的3日间 踊る大捜査線 THE MOVIE,https://img1.doubanio.com/view/movie_poster_cover/lpst/public/p2206296678.jpg,本广克行,1998-10-31(日本), 日本,织田裕二 / 柳叶敏郎 / 深津绘里 / 水野美纪 / 中山裕介 / いかりや長介 / 笕利夫 / ,8.1
越过天城 天城越え,https://img3.doubanio.com/lpic/s4567605.jpg,大冈进,1998-01-01, 日本,田中美佐子 / 蟹江敬三 / ,8.1
穆桂英之十二寡妇征西,https://img3.doubanio.com/view/movie_poster_cover/lpst/public/p2131074803.jpg,杨绍鸿,, 香港,陈秀雯 / 文颂娴 / ,7.7
囚车驶向圣地 Train de vie,https://img3.doubanio.com/view/movie_poster_cover/lpst/public/p2117992283.jpg,拉杜·米哈伊列亚努,1998-09-16, 比利时 / 法国 / 以色列 / 荷兰 / 罗马尼亚,利昂尔·阿贝兰斯基 / 鲁费斯 / Clément Harari / 米歇尔·穆勒 / ,7.8
太阳鸟,https://img1.doubanio.com/view/movie_poster_cover/lpst/public/p2452737497.jpg,杨丽萍,1998-12-17(蒙特尼尔电影节), 中国大陆,杨丽萍 / ,"
    "
花季雨季,https://img1.doubanio.com/view/movie_poster_cover/lpst/public/p1734630609.jpg,李忠信,1998, 中国大陆,潘军 / 戴娇倩 / 陈智彬 / 谈锐 / 肖博 / 赵晖 / 唐莎莎 / ,8.2
一千零一夜 1001 Nights,https://img3.doubanio.com/view/movie_poster_cover/lpst/public/p456930272.jpg,天野喜孝,1998-03(日本), 美国,,8.2
德克斯特的实验室 第一季 Dexter's Laboratory Season 1,https://img3.doubanio.com/lpic/s1944194.jpg,格恩迪·塔塔科夫斯基,1996-04-28(美国), 美国,凯特·索西 / 弗兰克·维尔克 / 艾莉森摩尔 / 杰夫·贝内特 / ,8.9
冤家宜结不宜解,https://img1.doubanio.com/view/movie_poster_cover/lpst/public/p1379665508.jpg,萧显辉,1998, 中国香港,吴启华 / 郭可盈 / 何宝生 / ,7.3
超速YOYO 超速スピナー,https://img1.doubanio.com/view/movie_poster_cover/lpst/public/p2426285879.jpg,加戸誉夫,1998-11-30, 日本,森久保祥太郎 / 上田祐司 / 千叶千惠巳 / ,7.5
D坂杀人事件 Ｄ坂の殺人事件,https://img3.doubanio.com/view/movie_poster_cover/lpst/public/p2163600365.jpg,実相寺昭雄,1998-05-16(日本), 日本,真田广之 / 岛田久作 / ,7.4
阵平 じんべえ Jinbe,https://img3.doubanio.com/lpic/s24582675.jpg,永山耕三,1998-10-12, 日本,田村正和 / 松隆子 / 草剪刚 / ,8.6
一无所有 Nic,https://img3.doubanio.com/view/movie_poster_cover/lpst/public/p2298255620.jpg,多罗塔·肯杰尔扎沃斯卡,1998-10-16(波兰), 波兰,Anita Kuskowska-Borkowska / Janusz Panasewicz / Danuta Szaflarska / Violetta Arlak / Inga Zawadzka / Adas Popielarski / Dawid Lepkowski / Halina Gryglaszewska / ,7.8
学问猫教汉字,https://img1.doubanio.com/lpic/s2789807.jpg,武寒青,1998, 中国大陆,,9.0
神奇宝贝：皮卡丘的暑假 ピカチュウのなつやすみ,https://img3.doubanio.com/lpic/s6861353.jpg,汤山邦彦,1998-07-18(日本), 日本,,8.4
我们家在康乐里——反对市府推土机运动文件,https://img1.doubanio.com/lpic/s4378689.jpg,黃孙权,1998, 台湾,,8.7
走出盆地,https://img3.doubanio.com/lpic/s4592212.jpg,郑方南,, 中国大陆,,"
    "
爱我就让我快乐 Happiness,https://img3.doubanio.com/view/movie_poster_cover/lpst/public/p791675645.jpg,托德·索伦兹,1998-10-16, 美国,菲利普·塞默·霍夫曼 / 本·戈扎那 / 伊丽莎白·阿什利 / 迪伦·贝克 / ,8.0
锵锵三人行,https://img1.doubanio.com/view/movie_poster_cover/lpst/public/p2205739118.jpg,,1998-04(香港), 香港,窦文涛 / 梁文道 / 许子东 / 马家辉 / ,9.3
地獄先生ぬ〜べ〜 なぞなぞ七不思議・ブキミちゃん,https://img3.doubanio.com/view/movie_poster_cover/lpst/public/p2384833316.jpg,,1998年7月, 日本,,"
    "
处女晚餐 처녀들의 저녁식사,https://img1.doubanio.com/view/movie_poster_cover/lpst/public/p2220814778.jpg,林常树,1998-10-03(韩国), 韩国,姜受延 / 陈熙京 / 金汝珍 / 赵宰贤 / 薛耿求 / ,6.0
后裔 Progeny,https://img1.doubanio.com/lpic/s2760748.jpg,布赖恩 约兹纳 (Brian Yuzna),1998-05-14, 美国,,"
    "
复仇者 The Avengers,https://img1.doubanio.com/view/movie_poster_cover/lpst/public/p782497729.jpg,Jeremiah S. Chechik,1998-08-13, 美国,Uma Thurman / Ralph Fiennes / ,5.6
"剧匠魅影 Hey, Mr Producer! The Musical World of Cameron Mackintosh",https://img3.doubanio.com/lpic/s4230313.jpg,Gavin Taylor,1998-11-08, 英国,朱莉·安德鲁斯 / 约翰·巴罗曼 / 康姆·威尔金森 / 迈克尔·波尔 / Philip Quast / 鲁茜·亨肖 / Martins Adeniya / 丽娅·萨隆加 / 丽娅·萨隆加 Lea Salonga / Ellen Greene / Julian Lloyd Webber / 伯纳黛特·彼得斯 / Maria Friedman / David Campbell / Lisa Vroman / 朱莉亚·麦肯齐 / 休·杰克曼 / 朱迪·丹奇 / 伊莲·佩姬 / ,9.4
布兰顿·蒂纳的故事 The Brandon Teena Story,https://img3.doubanio.com/lpic/s1410216.jpg,"Susan Muska, Gréta Olafsdóttir",1998-02-21, 美国,,8.7
情书 The Love Letter,https://img3.doubanio.com/lpic/s1476836.jpg,丹·柯蒂斯,1998-02-01, 美国,Campbell Scott / ,8.0
东京之眼 Tokyo Eyes,https://img3.doubanio.com/view/movie_poster_cover/lpst/public/p1090108765.jpg,Jean-Pierre Limosin,1998-09-09, 日本 / 法国,武田真治 / 吉川日奈 / ,7.5
"我的爱情遗忘在秋天 Fin août, début septembre",https://img3.doubanio.com/lpic/s3259593.jpg,奥利维耶·阿萨亚斯,1999-02-10(法国), 法国,珍妮·巴利巴尔 / 维吉妮·拉朵嫣 / 马修·阿马立克 / ,7.6
基督山伯爵 Le comte de Monte Cristo,https://img1.doubanio.com/view/movie_poster_cover/lpst/public/p2385446317.jpg,荷赛·达阳,1998-09-07(法国), 法国 / 德国 / 意大利,杰拉尔·德帕迪约 / 奥内拉·穆蒂 / 让·雷谢夫 / 皮埃尔·阿迪提 / 塞吉奥·鲁比尼 / 弗洛朗丝·达雷尔  / ,8.1
重返伊甸园 Return to Paradise,https://img3.doubanio.com/view/movie_poster_cover/lpst/public/p2393914522.jpg,约瑟夫·鲁本,1999-06-03, 美国,Anne Heche / Jada Pinkett Smith / Vince Vaughn / Joaquin Phoenix / ,7.3
宠物小精灵：超梦的逆袭 劇場版ポケットモンスター ミュウツーの逆襲,https://img3.doubanio.com/view/movie_poster_cover/lpst/public/p2171957340.jpg,汤山邦彦,1998-07-18(日本), 日本,松本梨香 / 大谷育江 / 三木真一郎 / 兴梠里美 / ,7.9
火焰之舞 Feet of Flames(火焰之舞),https://img3.doubanio.com/lpic/s1435156.jpg,Michael Flatley,1998, 英国,Michael Flatley / Bernadette Flynn / ,9.4
邪教档案之末日风暴,https://img3.doubanio.com/lpic/s1748781.jpg,黎继明,1998-12-04, 香港,古天乐 / 连凯 / ,5.2
男人其实是个普通女人 L'homme est une femme comme les autres,https://img3.doubanio.com/lpic/s3740031.jpg,Jean-Jacques Zilbermann,1998-03-11, 法国,Antoine de Caunes / Elsa Zylberstein / Gad Elmaleh / Michel Aumont / ,6.5
棕兔夫人 Bunny,https://img3.doubanio.com/lpic/s1792135.jpg,克里斯·韦奇,1998, 美国,,7.1
日本版东京审判 プライド　運命の瞬間,https://img3.doubanio.com/lpic/s1891396.jpg,伊藤俊也,1998-05-23, 日本,津川雅彦 / Scott Wilson / Ronny Cox / 大鶴義丹 / 戸田菜穂 / ,"
    "
胡萝卜之夜 Porgandite öö,https://img1.doubanio.com/lpic/s7043887.jpg,皮特·帕恩,1998-10-04, Estonia,,7.9
沉默的乌鸦 The White Raven,https://img3.doubanio.com/lpic/s2175464.jpg,Jakub Z. Rucinski,2001-05-03, 美国,罗恩·西维尔 / 乔安娜·帕库拉 / 罗伊·沙伊德尔 / 汉恩斯·詹尼可 / Elizabeth Shepherd / Jan Rubes / Jack Recknitz / Doug Lennox / 拉里·波恩德克斯特 / 阿格尼兹卡·旺格 / Monika Switaj / Jerzy Zydkiewicz / Joanna Kasperska / Wladyslaw Byrdy / ,"
    "
女佣的秘密 Secrets of a Chambermaid,https://img1.doubanio.com/view/movie_poster_cover/lpst/public/p2182249118.jpg,Adele Bertei-Cecchi,, 美国,Michael Ensign / Kevin Z. James / Gladys Jimenez / Amy Lindsay / Kira Reed / ,4.1
时雨之记 時雨の記,https://img3.doubanio.com/view/movie_poster_cover/lpst/public/p747307340.jpg,泽井信一郎,1998-11-14(日本), 日本,吉永小百合 / 渡哲也 / ,8.4
侬心太软,https://img3.doubanio.com/lpic/s6946984.jpg,蒋家骏,, 中国大陆,耿乐 / 孔琳 / ,"
    "
蝙蝠侠大战急冻人 Batman & Mr. Freeze: SubZero,https://img3.doubanio.com/view/movie_poster_cover/lpst/public/p2178135275.jpg,Boyd Kirkland,1998-03-17(美国), 美国,凯文·康瑞 / ,6.8
黑脸,https://img3.doubanio.com/lpic/s4718914.jpg,吴天明,, 中国大陆,,"
    "
对不起，干掉你 对不起，队冧你,https://img3.doubanio.com/view/movie_poster_cover/lpst/public/p1997015196.jpg,张肇麟,1998, 香港,朱茵 / 梁汉文 / 徐锦江 / 张达明 / 叶竞生 / 李力持 / 李乐诗 / ,4.2
鲸的鱼跃 クジラの跳躍,https://img3.doubanio.com/lpic/s4638333.jpg,田村茂,1998, 日本,たむらしげる / 永瀬正敏 / 永井一郎 / 三谷升 / ,8.4
愤怒的爱情 러브 러브,https://img1.doubanio.com/lpic/s4028438.jpg,李曙君,1998-01-24(韩国), 韩国,李知恩 / ,"
    "
铁血大动脉,https://img3.doubanio.com/view/movie_poster_cover/lpst/public/p2164398134.jpg,李三义,, 中国大陆,蒋昌义 / 丁笑宜 / 李玉峰 / ,6.4
驱逐舰舰长,https://img3.doubanio.com/f/movie/03d3c900d2a79a15dc1295154d5293a2d5ebd792/pics/movie/tv_default_large.png,姜若瑾,, 中国大陆,,"
    "
红颜祸水 Dangerous Beauty,https://img3.doubanio.com/view/movie_poster_cover/lpst/public/p877168241.jpg,马歇尔·赫斯科维兹,1998-02-20, 美国,凯瑟琳·麦克马克 / 卢夫斯·塞维尔 / 奥利弗·普莱特 / 弗莱德·沃德 / ,7.5
吸血情圣 The Wisdom of Crocodiles,https://img1.doubanio.com/view/movie_poster_cover/lpst/public/p551604347.jpg,Po-Chih Leong,1998-11-27, 英国,裘德·洛 / Elina Löwensohn / 蒂莫西·斯波 / 杰克·达文波特 / ,6.6
情话童真 Ever After,https://img3.doubanio.com/view/movie_poster_cover/lpst/public/p973537214.jpg,Andy Tennant,1998-07-31(美国), 美国,Drew Barrymore / Anjelica Huston / Dougray Scott / Megan Dodds / ,7.3
泰坦尼克号 Titanic,https://img3.doubanio.com/view/movie_poster_cover/lpst/public/p457760035.jpg,詹姆斯·卡梅隆,"1998-04-03(中国大陆),1997-11-01(东京电影节),1997-12-19(美国)", 美国,莱昂纳多·迪卡普里奥 / 凯特·温丝莱特 / 比利·赞恩 / 凯西·贝茨 / 弗兰西丝·费舍 / 格劳瑞亚·斯图尔特 / 比尔·帕克斯顿 / 伯纳德·希尔 / 大卫·沃纳 / 维克多·加博 / 乔纳森·海德 / 苏茜·爱米斯 / 刘易斯·阿伯内西 / Nicholas Cascone / Anatoly M. Sagalevitch / 丹尼·努齐 / 杰森·贝瑞 / 伊万·斯图尔特 / 艾恩·格拉法德 / 乔纳森·菲利普斯 / 马克·林赛·查普曼 / 理查德·格拉翰 / Paul Brightwell / 艾瑞克·布里登 / 夏洛特·查顿 / 博纳德·福克斯 / 迈克尔·英塞恩 / Fannie Brett / 马丁·贾维斯 / Rosalind Ayres / 罗切尔·罗斯 / Jonathan Evans-Jones / Simon Crane / 爱德华德·弗莱彻 / Scott Anderson / Martin East / 克雷格·凯利 / 格雷戈里·库克 / Liam Tuohy / James Lancaster / 艾尔莎·瑞雯 / Lew Palter / Terry Forrestal / ,9.2
小嗓门 Little Voice,https://img1.doubanio.com/view/movie_poster_cover/lpst/public/p1272871388.jpg,Mark Herman,1998-12-04, 英国,伊万·麦克格雷格 / 迈克尔·凯恩 / 简·霍洛克斯 / 布兰达·布莱斯 / ,7.4
我的名字是乔 My Name Is Joe,https://img1.doubanio.com/view/movie_poster_cover/lpst/public/p2361384207.jpg,肯·洛奇,1998-09-23, 英国 / 德国 / 意大利 / 法国 / 西班牙,彼得·穆兰 / Louise Goodall / ,7.4
好胆别走 The Big Hit,https://img3.doubanio.com/view/movie_poster_cover/lpst/public/p1630068071.jpg,黄志强,1998-04-24(美国), 美国,马克·沃尔伯格 / 卢·戴蒙德·菲利普斯 / 克里斯蒂娜·艾伯盖特 / 周佳纳 / 艾弗利·布鲁克斯 / 博基姆·伍德拜因 / 小安东尼奥·萨巴图 / 莱妮·卡赞 / 埃利奥特·古尔德 / 夏野萨博 / 罗宾·邓恩 / 莱拉·罗琼 / ,6.6
惊爆星期四 Thursday,https://img1.doubanio.com/lpic/s4167138.jpg,斯基普·伍兹,1998-09-10, 美国,Thomas Jane / Aaron Eckhart / Paulina Porizkova / James LeGros / ,7.2
乐自芳邻来 Music From Another Room,https://img1.doubanio.com/view/movie_poster_cover/lpst/public/p2263819947.jpg,查理·皮特斯,1998-04-24, 美国,裘德·洛 / ,6.8
致命武器4 Lethal Weapon 4,https://img3.doubanio.com/view/movie_poster_cover/lpst/public/p858614436.jpg,理查德·唐纳,1998-07-10, 美国,梅尔·吉布森 / 丹尼·格洛弗 / 乔·佩西 / 蕾妮·罗素 / 克里斯·洛克 / 李连杰 / ,6.4
贺根森林战役 When Trumpets Fade,https://img3.doubanio.com/view/movie_poster_cover/lpst/public/p803485924.jpg,John Irvin,1998-06-27, 匈牙利 / 美国,Ron Eldard / Zak Orth / Frank Whaley / ,7.8
夺命感应 Fallen,https://img1.doubanio.com/view/movie_poster_cover/lpst/public/p1646633267.jpg,格里高利·霍布里特,1998-01-16, 美国,丹泽尔·华盛顿 / 约翰·古德曼 / 唐纳德·萨瑟兰 / ,7.1
午夜怪谈 夜半無人屍語時,https://img3.doubanio.com/view/movie_poster_cover/lpst/public/p2247105363.jpg,曹建南,, 香港,刘青云 / 朱茵 / 雷宇扬 / 马德钟 / 陈彦行 / ,5.9
甜点 Desserts,https://img3.doubanio.com/lpic/s6977916.jpg,Jeff Stark,1999-07-03, 英国,,7.7
"探戈狂恋 Tango, no me dejes nunca",https://img1.doubanio.com/view/movie_poster_cover/lpst/public/p2418990389.jpg,卡洛斯·绍拉,"1998-08-06(阿根廷),1998-09-25(西班牙)", 西班牙 / 阿根廷,米格尔·安吉尔·索拉 / Cecilia Narova / 米娅·梅斯特罗 / 胡安·卡洛斯·科佩斯 / 卡洛斯·里瓦罗拉 / Sandra Ballesteros / Óscar Cardozo Ocampo / Enrique Pinti / 胡里奥·博卡 / 胡安·路易斯·加利亚尔多 / Martín Seefeld / Ricardo Díaz Mourelle / Antonio Soares Junior / Ariel Casas / ,8.1
男人胸女人Home,https://img3.doubanio.com/view/movie_poster_cover/lpst/public/p2184374224.jpg,Wai Gwong Jue,1998年11月7日, 香港,陈海恒 / 邓兆尊 / 关宝慧 / 雷宇扬 / 黎耀祥 / 郑浩南 / ,4.7
更多 More,https://img3.doubanio.com/view/movie_poster_cover/lpst/public/p2282745395.jpg,马克·奥斯本,1999-06-17, 美国,,8.5
邂逅 めぐり逢い,https://img3.doubanio.com/view/movie_poster_cover/lpst/public/p2202972340.jpg,遠藤環,1998-04-10(日本), 日本,福山雅治 / 常盘贵子 / 冈本健一 / 高桥惠子 / 大路惠美 / 筒井康隆 / ,8.4
天线宝宝来啦 Teletubbies: Here Come the Teletubbies,https://img3.doubanio.com/lpic/s1657720.jpg,Vic Finch,, 英国,Dave Thompson / John Simmit / Nikky Smedley / Pui Fan Lee / ,7.5
田教授家的28个保姆,https://img1.doubanio.com/view/movie_poster_cover/lpst/public/p2374997737.jpg,吴培民,1998, 中国大陆,李立群 / 保剑锋 / ,6.7
龙堂,https://img3.doubanio.com/lpic/s2760466.jpg,钱永强,1998, 中国大陆,张丰毅 / 陈小春 / 吴家丽 / 徐静蕾 / 李美琪 / 巫启贤 / 邹兆龙 / 葛蕾 / ,7.8
吸血鬼复仇记II A Return to Salem's Lot,https://img1.doubanio.com/lpic/s1891197.jpg,Larry Cohen,1988-03-02, 美国,迈克尔·莫里亚蒂 / ,5.6
青之时代 青の時代,https://img3.doubanio.com/lpic/s11100532.jpg,松原浩,1998年7月3日, 日本,堂本刚 / 上川隆也 / ,8.4
聊斋先生,https://img3.doubanio.com/lpic/s2782053.jpg,张子恩,, 中国大陆,张铁林 / 常远 / ,6.4
小糊涂神,https://img3.doubanio.com/lpic/s2601724.jpg,孙哲,1998, 中国大陆,,7.2
花木兰,https://img3.doubanio.com/lpic/s2930366.jpg,梅小青,1998-01-12, 香港,陈妙瑛 / 王喜 / 傅明宪 / 罗家英 / 韦家雄 / 王青 / ,7.2
南方公园  第二季 South Park Season 2,https://img1.doubanio.com/view/movie_poster_cover/lpst/public/p2172276267.jpg,崔·帕克,1998-04-01(美国), 美国,崔·帕克 / ,9.3
回到凤凰桥,https://img3.doubanio.com/lpic/s3628411.jpg,李红,1998-04-11, 中国大陆,,7.5
济公游记,https://img3.doubanio.com/lpic/s4649135.jpg,游本昌,1998年, 中国大陆,,8.6
骆驼祥子,https://img3.doubanio.com/f/movie/03d3c900d2a79a15dc1295154d5293a2d5ebd792/pics/movie/tv_default_large.png,李森,, 中国大陆,谷智鑫 / 丁嘉丽 / 苏岩 / 颜彼得 / 唐子明 / 徐洪涛 / ,"
    "
离岛特警 離島特警,https://img3.doubanio.com/view/movie_poster_cover/lpst/public/p2181128030.jpg,潘嘉德,, 香港,吕颂贤 / 宣萱 / 郭晋安 / 潘芝莉 / 袁彩云 / 海俊杰 / 刘江 / 陈曼娜 / ,6.8
卫斯理传奇,https://img3.doubanio.com/lpic/s2833064.jpg,刘天富,1998-09-15(香港), 香港 / 新加坡,陶大宇 / 郑慧玉 / 李南星 / 林湘萍 / ,7.6
走近科学,https://img1.doubanio.com/view/movie_poster_cover/lpst/public/p2231898618.jpg,,1998-06-01, 中国大陆,张腾岳 / ,6.4
明天不一样,https://img3.doubanio.com/lpic/s3333845.jpg,徐正康,, 香港,黄日华 / 陈法蓉 / 佘诗曼 / ,6.2
兵人 Soldier,https://img3.doubanio.com/view/movie_poster_cover/lpst/public/p1659550631.jpg,保罗·安德森,1998-10-23, 英国 / 美国,库尔特·拉塞尔 / 李截 / 詹森·艾萨克 / ,6.9
怪医杜立德 Doctor Dolittle,https://img3.doubanio.com/view/movie_poster_cover/lpst/public/p2329693960.jpg,贝蒂·托马斯,1998-06-26, 美国,艾迪·墨菲 / 奥西·戴维斯 / 奥利弗·普莱特 / 彼得·博伊尔 / ,6.7
恐惧拉斯维加斯 Fear and Loathing in Las Vegas,https://img1.doubanio.com/view/movie_poster_cover/lpst/public/p2195619869.jpg,特瑞·吉列姆,1998-05-22, 美国,约翰尼·德普 / 本尼西奥·德尔·托罗 / 克里斯蒂娜·里奇 / 卡梅隆·迪亚茨 / ,7.3
濠江风云 濠江風雲,https://img3.doubanio.com/lpic/s1633481.jpg,邓衍成,1998-05-06, 香港,任达华 / 郭可盈 / 方中信 / 郑则仕 / ,6.5
龙在江湖,https://img3.doubanio.com/view/movie_poster_cover/lpst/public/p2038162492.jpg,王晶,1998-07-01, 香港,刘德华 / 梁咏琪 / 关秀媚 / 方中信 / 吴毅将 / 郑浩南 / 李灿森 / 马德钟 / 余文浚 / ,6.8
情事 정사,https://img3.doubanio.com/view/movie_poster_cover/lpst/public/p1370300876.jpg,李在容,1998-10-03, 韩国,李政宰 / ,7.4
浑身是胆,https://img3.doubanio.com/lpic/s3814654.jpg,元奎,1998-10-15, 香港,陈小春 / 袁咏仪 / 王敏德 / ,6.7
千禧年 X 2000,https://img3.doubanio.com/lpic/s2756722.jpg,弗朗索瓦·欧容,1998-11-21, 法国,Denise Aron-Schropfer / Bruno Slagmulder / Lucia Sanchez / Flavien Coupeau / Lionel Le Guevellou / ,7.2
遗迹守护者 スプリガン,https://img3.doubanio.com/view/movie_poster_cover/lpst/public/p1229864023.jpg,川崎博嗣,"1998-09-05(日本),2001-10-12(美国)", 日本,森久保祥太郎 / 牟田将士 / 子安武人 / 城山坚 / 玉川纱己子 / 有本钦隆 / 相ヶ瀬龙史 / 高野拳磁 / ,7.2
万籁俱寂 سکوت‎,https://img3.doubanio.com/lpic/s1433104.jpg,莫森·玛克玛尔巴夫,1998-09-09, 伊朗 / 塔吉克斯坦 / 法国,Tahmineh Normatova / Nadereh Abdelahyeva / ,7.8
床上戏 Scènes de lit,https://img3.doubanio.com/lpic/s1648924.jpg,弗朗索瓦·欧容,1998-06(法国), 法国,Valérie Druguet / François Delaive / Camille Japy / Philippe Dajoux / Evelyne Ker / Loïc Even / Lucia Sanchez / François Genty / Pascale Arbillot / Régine Mondion / Margot Abascal / Bruno Slagmulder / Sébastien Charles / ,7.8
我在真理教的日子 「A」,https://img1.doubanio.com/lpic/s1732447.jpg,森達也,1998-05-09, 日本,,7.2
圣者的行进 聖者の行進,https://img3.doubanio.com/lpic/s3130953.jpg,"吉田健,松原浩,那須田淳",1998-01-09, 日本,石田壹成 / 酒井法子 / 广末凉子 / ,8.9
宠物情缘 寵物情緣,https://img1.doubanio.com/view/movie_poster_cover/lpst/public/p2347489148.jpg,郑基成,1999-02-01(香港), 香港,古天乐 / 宣萱 / 郑秀文 / 李珊珊 / 马德钟 / 林晓峰 / 杨千嬅 / ,7.3
煤气收费员 Gasman,https://img1.doubanio.com/lpic/s2807929.jpg,琳恩·拉姆塞,1998-05(法国戛纳电影节), 英国,Martin Anderson / James Ramsay / ,7.7
啊，春天 あ、春,https://img3.doubanio.com/view/movie_poster_cover/lpst/public/p2172240653.jpg,相米慎二,1998-12-19, 日本,佐藤浩市 / 齐藤由贵 / 山崎努 / 藤村志保 / 富司纯子 / 原知佐子 / 河合美智子 / 木下邦家 / 三浦友和 / 村田雄浩 / 笑福亭鹤瓶 / 寺田农 / ,8.0
日落紫禁城,https://img1.doubanio.com/view/movie_poster_cover/lpst/public/p2374838847.jpg,郭宝昌,, 中国大陆,斯琴高娃 / 刘若英 / 朱旭 / 雷恪生 / 蒋雯丽 / 曹颖 / 黄海冰 / ,7.8
他和她的事情 彼氏彼女の事情,https://img3.doubanio.com/view/movie_poster_cover/lpst/public/p2260266106.jpg,庵野秀明,1998-10-02(日本), 日本,榎本温子 / 铃木千寻 / 私市淳 / 草尾毅 / 渡辺由紀 / 山本麻里安 / 小山裕香 / 清川元梦 / 野田顺子 / 石田彰 / ,8.4
惊天大贼王,https://img1.doubanio.com/view/movie_poster_cover/lpst/public/p2043223798.jpg,吴耀权,1998-10-20, 香港,任达华 / 姚乐怡 / 谭耀文 / 吴廷烨 / ,6.0
骷髅13：女王蜂 Golgo 13: Queen Bee,https://img3.doubanio.com/lpic/s2828233.jpg,出崎統,1998, 日本,,7.0
烈火雄心,https://img1.doubanio.com/view/movie_poster_cover/lpst/public/p2230907929.jpg,王心慰,1998-10-12(香港), 香港,王喜 / 古天乐 / 关咏荷 / 梁琤 / 李子雄 / 钱嘉乐 / 李珊珊 / 郑子诚 / 郑敬基 / 吴美珩 / 陈彦行 / 夏韶声 / 邓一君 / ,7.6
水手狂想曲 Matroos,https://img3.doubanio.com/view/movie_poster_cover/lpst/public/p2079410992.jpg,巴沃·德弗恩,1999-07-10, 比利时,Joram Schurmans / Tom de With / ,6.7
神奇山谷,https://img3.doubanio.com/lpic/s2986811.jpg,李蕾,, 中国大陆 / 澳大利亚,,7.8
迪迦&戴拿&盖亚·奥特曼 超时空的大决戦 ウルトラマンティガ・ウルトラマンダイナ&ウルトラマンガイア 超時空の大決戦,https://img3.doubanio.com/lpic/s4235422.jpg,小中和哉,1998-03-06(日本), 日本,,8.1
我来自潮州,https://img1.doubanio.com/view/movie_poster_cover/lpst/public/p2307918759.jpg,萧笙,1998, 香港,陈庭威 / 欧锦棠 / ,7.7
祖儿在香港 Joy à Hong Kong,https://img1.doubanio.com/lpic/s3076397.jpg,Leo Daniel,1998-06-20, 法国,扎拉·怀特 / ,4.8
马永贞之争霸上海滩,https://img3.doubanio.com/view/movie_poster_cover/lpst/public/p2374873575.jpg,范秀明,1998, 中国大陆,何家劲 / 李婉华 / 范冰冰 / 俞小凡 / 杨升 / 郑佩佩 / 林静 / 黄文豪 / 陈鸿烈 / 徐少强 / 程思寒 / 张振寰 / ,6.7
监狱风云  第二季 Oz Season 2,https://img1.doubanio.com/view/movie_poster_cover/lpst/public/p2257814718.jpg,尼克·戈麦斯,1998-07-11(美国), 美国,李·特格森 / 迪恩·文特斯 / 特里·金尼 / 埃涅·赫德森 / 丽塔·莫雷诺 / 哈罗德·佩里诺 / J·K·西蒙斯 / 柯克·埃斯沃多 / 阿德沃尔·阿吉纽依-艾格拜吉 / ,9.0
欢乐一家亲 第六季 Frasier Season 6,https://img3.doubanio.com/view/movie_poster_cover/lpst/public/p2389186683.jpg,,1998-09-24, 美国,凯尔希·格兰莫 Kelsey Grammer / 约翰·马奥尼 / 大卫·海德·皮尔斯 David Hyde Pierce / 佩里·吉普林 Peri Gilpin / ,9.5
聊斋Ⅱ 聊齋Ⅱ,https://img3.doubanio.com/view/movie_poster_cover/lpst/public/p1656755933.jpg,香港TVB,1998-03-09, 香港,陈浩民 / 吕颂贤 / 刘玉翠 / 梁小冰 / 麦长青 / ,7.8
鲁豫有约,https://img3.doubanio.com/view/movie_poster_cover/lpst/public/p2255724266.jpg,,1998, 香港,,6.4
真心英雄,https://img1.doubanio.com/view/movie_poster_cover/lpst/public/p2212470157.jpg,杜琪峰,1998-09-30(香港), 香港,刘青云 / 黎明 / 梁艺龄 / 蒙嘉慧 / 林雪 / 元彬 / 王天林 / 罗永昌 / ,7.7
超时空要爱,https://img1.doubanio.com/view/movie_poster_cover/lpst/public/p986340147.jpg,黎大炜,1998-03-05(香港), 香港,梁朝伟 / 李绮虹 / 刘以达 / 林尚义 / 赵银淑 / 八两金 / ,7.1
鉴证实录 鑑證實錄Ⅰ,https://img1.doubanio.com/view/movie_poster_cover/lpst/public/p2393632977.jpg,潘嘉德,1997-12-22(香港), 香港,陈慧珊 / 林保怡 / 李珊珊 / 何宝生 / 陈美琪 / 李国麟 / 鲁文杰 / 钟丽淇 / 陈彦行 / 程可为 / 古明华 / ,8.5
埃及王子 The Prince of Egypt,https://img3.doubanio.com/view/movie_poster_cover/lpst/public/p1910899200.jpg,布兰达∙查普曼,1998-12-18(美国), 美国,方·基默 / Ralph Fiennes / 米歇尔·菲佛 / 桑德拉·布洛克 / 杰夫·高布伦 / 丹尼·格洛弗 / 帕特里克·斯图尔特 / 海伦·米伦 / 史蒂夫·马丁 / 马丁·肖特 / Bobby Motown / 埃登·里格尔 / Ofra Haza / 詹姆斯·埃弗里 / ,8.0
魔法阿妈 魔法阿嬷,https://img1.doubanio.com/view/movie_poster_cover/lpst/public/p2210554668.jpg,王小棣,1998-04-03(台湾), 台湾,文英 / 许杰辉 / ,8.8
双面情人 Sliding Doors,https://img3.doubanio.com/view/movie_poster_cover/lpst/public/p1079337390.jpg,彼得·休伊特,1998-04-24, 英国 / 美国,格温妮斯·帕特洛 / 约翰·汉纳 / 约翰·林奇 / 珍妮·特里普里霍恩 / ,7.5
陪着你走 The Mighty,https://img1.doubanio.com/lpic/s6490787.jpg,彼德·切尔瑟姆,1998-09-18, 美国,吉莲·安德森 / 莎朗·斯通 / ,8.6
玩尽杀绝 Wild Things,https://img1.doubanio.com/view/movie_poster_cover/lpst/public/p1266487848.jpg,约翰·麦克诺顿,1998-03-20, 美国,凯文·贝肯 / 马特·狄龙 / 内芙·坎贝尔 / 泰莉莎·拉塞尔 / 丹妮丝·理查兹 / 达芬妮·鲁宾-维佳 / 罗伯特·瓦格纳 / 比尔·默瑞 / 卡丽·斯诺格丽丝 / 杰夫·帕里 / Cory Pendergast / 马克·麦考利 / Toi Svane Stepp / Dennis Neal / ,7.0
草房子,https://img1.doubanio.com/view/movie_poster_cover/lpst/public/p1330130588.jpg,徐耿,"1998,2000-08-17(香港)", 中国大陆,曹丹 / 杜源 / 吴琴琴 / 金荣喜 / 许雁青 / 徐成峰 / ,8.2
你梦中的姑娘 La niña de tus ojos,https://img1.doubanio.com/lpic/s1687427.jpg,费尔南多·楚巴,1998-11-13, 西班牙,佩内洛普·克鲁兹 / 安东尼奥·雷西恩斯 / 约尔格·桑斯 / 罗莎·玛丽亚·萨尔达 / 圣地亚哥·瑟古拉 / 洛莱斯·莱昂 / 赫苏斯·博尼亚 / 诺伊斯·阿森西 / 米罗斯拉夫·塔博尔斯基 / 约翰斯·希尔贝斯奈德 / Karel Dobrý / 戈兹·奥托 / 汉娜·许古拉 / 玛丽亚·巴兰科 / ,7.4
错误指控 Wrongfully Accused,https://img3.doubanio.com/view/movie_poster_cover/lpst/public/p2362462871.jpg,帕特·普罗夫,1998-07-23, 德国 / 美国,,7.1
幻影特攻,https://img3.doubanio.com/view/movie_poster_cover/lpst/public/p967686414.jpg,马楚成,1998-12-24(香港), 香港,郑伊健 / 陈小春 / 陈慧琳 / 尹子维 / 黄子鸿 / 黎强根 / 杨峥 / ,5.8
神，再多给点时间 神様、もう少しだけ,https://img3.doubanio.com/lpic/s1811200.jpg,武内英树,1998-07-07(日本), 日本,金城武 / 深田恭子 / 仲间由纪惠 / 加藤晴彦 / ,7.9
终极密码战 Mercury Rising,https://img3.doubanio.com/view/movie_poster_cover/lpst/public/p854251932.jpg,哈诺德·贝克,1998-05-21, 美国,布鲁斯·威利斯 / 亚历克·鲍德温 / 米克·休斯 / 齐·麦克布赖德 / 金·迪肯斯 / 罗伯特·斯坦顿 / 博德希·埃夫曼 / 卡丽·普雷斯顿 / Lindsey Ginter / 彼得·斯特曼 / 凯文·康韦 / 约翰·卡洛·林奇 / Kelley Hazen / 约翰·道曼 / ,6.7
失魂家族 Sitcom,https://img3.doubanio.com/view/movie_poster_cover/lpst/public/p1932816113.jpg,弗朗索瓦·欧容,1998-05-27, 法国,Évelyne Dandry / François Marthouret / 玛丽娜·德·范 / Adrien de Van / 斯戴芬·里多 / Lucia Sanchez / Jules-Emmanuel Eyoum Deido / Jean Douchet / Sébastien Charles / Vincent Vizioz / Kiwani Cojo / Gilles Frilay / ,7.3
红色恋人,https://img3.doubanio.com/view/movie_poster_cover/lpst/public/p939585430.jpg,叶大鹰,1998-07-22(中国大陆), 中国大陆,张国荣 / 梅婷 / 泰德·巴勃考克 / 陶泽如 / ,6.9
伴你高飞,https://img1.doubanio.com/view/movie_poster_cover/lpst/public/p1210608138.jpg,李虹,, 中国大陆,谢润 / 黄思圣 / ,8.0
老房有喜,https://img1.doubanio.com/view/movie_poster_cover/lpst/public/p2324387248.jpg,赖建国,1999-07-21(香港), 中国大陆,赵薇 / 苏有朋 / 邰智源 / 沈敏 / 朱曼芳 / 周笑莉 / 方舟波 / 季芹 / ,7.2
死不张扬离奇失魂事件 조용한 가족,https://img3.doubanio.com/view/movie_poster_cover/lpst/public/p825517140.jpg,金知云,1998-04-25(韩国), 韩国,罗文姬 / 朴仁焕 / 宋康昊 / 崔岷植 / 高浩晶 / 崔哲浩 / 纪柱峰 / 郑在咏 / ,7.3
单挑 He Got Game,https://img3.doubanio.com/view/movie_poster_cover/lpst/public/p2255919575.jpg,斯派克·李,1998-05-01, 美国,丹泽尔·华盛顿 / ,7.5
阴阳路3：升棺发财,https://img3.doubanio.com/lpic/s1457545.jpg,邱礼涛,1998-01-03, 香港,古天乐 / 雷宇扬 / 张锦程 / 丁子峻 / 谷德昭 / 袁洁莹 / 罗兰 / 伍咏薇 / 钱嘉乐 / 谢天华 / ,6.3
神雕侠侣,https://img3.doubanio.com/view/movie_poster_cover/lpst/public/p2251043763.jpg,李惠民,1998-08-25(中国大陆), 台湾 / 中国大陆,任贤齐 / 吴倩莲 / 孙兴 / 季芹 / 李立群 / 夏文汐 / 蔡君茹 / 高捷 / 陈红 / 岳跃利 / ,5.0
江原道之力 강원도의 힘,https://img1.doubanio.com/view/movie_poster_cover/lpst/public/p498327548.jpg,洪尚秀,1998-04-04(韩国), 韩国,白钟学 / 欧云宏 / ,7.3
红娘,https://img3.doubanio.com/view/movie_poster_cover/lpst/public/p1938358513.jpg,黄健中,, 中国大陆,刘欣 / 苏有朋 / 陈丽峰 / ,6.2
玲音 Serial Experiments: Lain,https://img3.doubanio.com/view/movie_poster_cover/lpst/public/p2326422670.jpg,中村隆太郎,1998-07-06, 日本,清水香里 / 大林隆之介 / 五十岚丽 / 川澄绫子 / 浅田叶子 / 手塚ちはる / 水野愛日 / ,8.3
飞天小女警 第一季 The Powerpuff Girls Season 1,https://img3.doubanio.com/view/movie_poster_cover/lpst/public/p2455124190.jpg,克雷格·迈克科雷肯,1998-11-08(美国), 美国,塔拉·斯特朗 / 伊丽莎白·戴利 / ,8.3
笑料一火车 第一季 Big Train Season 1,https://img1.doubanio.com/view/movie_poster_cover/lpst/public/p2381851397.jpg,格雷厄姆·莱恩汉,1998-11-09, 英国,西蒙·佩吉 / 凯文·埃尔登 / 马克·希普 / 朱莉娅·戴维斯 / ,8.9
将爱情进行到底,https://img3.doubanio.com/view/movie_poster_cover/lpst/public/p2374985672.jpg,张一白,1998, 中国大陆,李亚鹏 / 徐静蕾 / 王学兵 / 王渝文 / 谢雨欣 / 陈明 / 袁鸣 / 高旗 / 廖凡 / 田震 / 崔达治 / 陈琛 / ,7.9
我和僵尸有个约会1 我和殭屍有個約會I,https://img3.doubanio.com/view/movie_poster_cover/lpst/public/p1985214534.jpg,冼志伟,1998-11-30, 香港,尹天照 / 万绮雯 / 杨恭如 / 陈启泰 / 杜汶泽 / 吴廷烨 / 张国权 / 黄树棠 / ,8.6
爱在他乡 愛在他鄉,https://img3.doubanio.com/view/movie_poster_cover/lpst/public/p2228404542.jpg,,1998, 台湾,堂娜 / 寇世勋 / ,7.8
恋爱世纪SP 恋爱世纪特别剧集,https://img1.doubanio.com/lpic/s4418667.jpg,永山耕三,1998, 日本,木村拓哉 / ,8.6
霹雳菩萨,https://img3.doubanio.com/view/movie_poster_cover/lpst/public/p2386880762.jpg,王圻生,1999-07-30(中国大陆), 中国大陆,金超群 / 徐静蕾 / 杨丽菁 / 邵峰 / 温兆伦 / 杨仲恩 / 卢星宇 / 刘雪华 / 王皓 / 范鸿轩 / 杨佩衡 / 林芊谕 / 王瑞林 / ,6.7
四驱兄弟III 爆走兄弟レッツ&ゴー!! MAX,https://img3.doubanio.com/lpic/s4176975.jpg,网野哲郎,1998-01-05, 日本,,7.5
没事偷着乐,https://img3.doubanio.com/view/movie_poster_cover/lpst/public/p2191169764.jpg,杨亚洲,1999-01-07(中国大陆), 中国大陆,冯巩 / 丁嘉丽 / 郑卫莉 / 气壳 / 李明启 / 侯耀华 / 李婉芬 / 韩善续 / 蔡国庆 / 牛群 / 唐杰忠 / 李丁 / 郭达 / ,7.4
小武,https://img3.doubanio.com/view/movie_poster_cover/lpst/public/p1910910793.jpg,贾樟柯,1998-02-18(柏林电影节), 香港 / 中国大陆,王宏伟 / 郝鸿建 / ,8.3
天鹅湖 Swan Lake,https://img3.doubanio.com/lpic/s4388292.jpg,Matthew Bourne,1998-06-10, 英国,Adam Cooper / Scott Ambler / ,9.4
战略高手 Out of Sight,https://img3.doubanio.com/view/movie_poster_cover/lpst/public/p2388298214.jpg,史蒂文·索德伯格,1998-06-26, 美国,乔治·克鲁尼 / 詹妮弗·洛佩兹 / 凯瑟琳·基纳 / 文·瑞姆斯 / 路易斯·古兹曼 / ,6.4
乞丐皇帝传奇 乞丐皇帝傳奇,https://img1.doubanio.com/view/movie_poster_cover/lpst/public/p2173286077.jpg,梁凯程,1998, 台湾,杨丽菁 / 何家劲 / 李志希 / 天心 / 宋达民 / 苏忆菁 / ,7.1
美丽的时节 아름다운 시절,https://img1.doubanio.com/view/movie_poster_cover/lpst/public/p457536809.jpg,李光模,1998-11-21(韩国), 韩国,安圣基 / 赵宰贤 / 金元海 / 明桂南 / 吴智慧 / 宋玉淑 / 刘慧贞 / ,8.1
小神仙和小仙女,https://img3.doubanio.com/lpic/s4503075.jpg,,﻿1998年, 中国大陆,﻿刘艺 / ,7.5
幸运52,https://img1.doubanio.com/view/movie_poster_cover/lpst/public/p2322281587.jpg,哈文,1998-12-16(中国大陆), 中国大陆,,6.8
家宴 Festen,https://img3.doubanio.com/view/movie_poster_cover/lpst/public/p1711012673.jpg,托马斯·温特伯格,1998-06-19(丹麦), 丹麦 / 瑞典,乌尔里奇·汤姆森 / 赫宁·莫里岑 / 托玛斯·博·拉森 / 帕普丽卡·斯汀 / 碧尔特·诺伊曼 / 崔娜·迪斯霍尔姆 / Helle Dolleris / ,8.2
极度重犯 極度重犯,https://img3.doubanio.com/view/movie_poster_cover/lpst/public/p2190182572.jpg,林岭东,1998-07-16, 香港,古天乐 / 张智霖 / 任达华 / 吕良伟 / 蔡少芬 / 巫启贤 / ,6.4
浪人 Ronin,https://img1.doubanio.com/view/movie_poster_cover/lpst/public/p858968008.jpg,约翰·弗兰克海默,1998-09-25, 美国 / 英国,罗伯特·德尼罗 / 让·雷诺 / 娜塔莎· 麦克艾霍恩 / 斯特兰·斯卡斯加德 / ,7.5
铁面人 The Man in the Iron Mask,https://img3.doubanio.com/view/movie_poster_cover/lpst/public/p2190591704.jpg,兰道尔·华莱士,1998-03-13, 英国 / 美国,莱昂纳多·迪卡普里奥 / 杰瑞米·艾恩斯 / 约翰·马尔科维奇 / 杰拉尔·德帕迪约 / 加布里埃尔·伯恩 / 安娜·帕里约 / ,7.1
麻辣教师 GTO: Great Teacher Onizuka,https://img1.doubanio.com/view/movie_poster_cover/lpst/public/p1999558868.jpg,赤羽博,1998-07-07(日本), 日本,反町隆史 / 松岛菜菜子 / 希良梨 / 近藤芳正 / 池内博之 / 中尾彬 / 洼冢洋介 / 小栗旬 / 藤木直人 / 中村爱美 / 玉木宏 / ,8.7
我仍然知道你去年夏天干了什么 I Still Know What You Did Last Summer,https://img3.doubanio.com/view/movie_poster_cover/lpst/public/p2178451936.jpg,Danny Cannon,1998-11-13, 美国,詹妮弗·洛芙·休伊特 / 小弗雷迪·普林兹 / ,5.9
赌侠1999,https://img3.doubanio.com/view/movie_poster_cover/lpst/public/p2358906814.jpg,王晶,1998-12-18, 香港,刘德华 / 朱茵 / 张家辉 / 高捷 / 张慧仪 / 张锦程 / 李子雄 / 吴毅将 / 吴志雄 / 黄子扬 / 林尚义 / ,6.5
人生七年6 42 Up,https://img1.doubanio.com/lpic/s1649568.jpg,迈克尔·艾普特,1998-07-21(英国), 英国,,9.3
云 La nube,https://img3.doubanio.com/lpic/s1454695.jpg,费尔南多·索拉纳斯,1998-09-03, 阿根廷 / 法国,Martín Pavlovsky / Ângela Correa / Francisco Nápoli / ,8.6
头文字D 第一季 頭文字D First Stage,https://img1.doubanio.com/lpic/s1801499.jpg,Shuichi Shigeno,1998-04-18(日本), 日本,三木真一郎 / 岩田光央 / 川澄绫子 / 石冢运升 / 西村知道 / 高木涉 / 矢尾一树 / 古泽彻 / 子安武人 / ,8.8
威尔和格蕾丝 第一季 Will & Grace Season 1,https://img3.doubanio.com/view/movie_poster_cover/lpst/public/p2375133896.jpg,詹姆斯·伯罗斯,1998-09-21(美国), 美国,艾瑞克·麦柯马克 / 黛博拉·梅辛 / 梅根·莫拉莉 / ,8.9
新世纪福音战士剧场版：复兴 新世紀エヴァンゲリオン DEATH (TRUE)² / Air / まごころを、君に,https://img3.doubanio.com/view/movie_poster_cover/lpst/public/p2227584460.jpg,庵野秀明,1998-03-07(日本), 日本,緒方恵美 / 三石琴乃 / 山口由里子 / 林原めぐみ / 宮村優子 / 立木文彦 / 清川元夢 / 結城比呂 / 長沢美樹 / 子安武人 / 麦人 / 関智一 / 岩永哲哉 / 岩男潤子 / 山寺宏一 / ,9.3
游戏王 第一部 遊☆戯☆王 (アニメ第1作),https://img3.doubanio.com/view/movie_poster_cover/lpst/public/p1949984383.jpg,Kazuki Takahashi,1998-04-04(日本), 日本,绪方惠美 / 绿川光 / 森川智之 / ,8.6
盖亚奥特曼 ウルトラマンガイア,https://img3.doubanio.com/lpic/s3809416.jpg,村石宏實,1998-09-05, 日本,吉岡毅志 / 高野八誠 / ,8.6
佳片有约,https://img3.doubanio.com/view/movie_poster_cover/lpst/public/p2264224124.jpg,,1998-09-26(中国大陆), 中国大陆,,8.4
海尔兄弟,https://img3.doubanio.com/lpic/s2602232.jpg,刘左锋,, 中国大陆,唐亚男 / 王江 / 张美娟 / 房露 / 张华 / 王羊 / 滕腾 / 车晓彤 / 邹赫威 / ,8.0
赌王之王 Rounders,https://img3.doubanio.com/view/movie_poster_cover/lpst/public/p460869430.jpg,约翰·达尔,1998-09-11(美国), 美国,马特·达蒙 / 爱德华·诺顿 / 约翰·马尔科维奇 / 格瑞辰·摩尔 / 法米克·詹森 / ,7.4
顺风妇产科 순풍산부인과,https://img3.doubanio.com/lpic/s2614145.jpg,金秉旭,1998-03-02, 韩国,吴志明 / 宋宣美 / 金素妍 / 张真英 / 宋慧乔 / 朴英奎 / 鲜于龙女 / 朴美善 / 权伍中 / 朴俊亨 / 金成恩 / ,8.8
小精灵灰豆,https://img1.doubanio.com/view/movie_poster_cover/lpst/public/p2018080499.jpg,刘积昆,, 中国大陆,,7.8
美梦成真 What Dreams May Come,https://img3.doubanio.com/view/movie_poster_cover/lpst/public/p1421685562.jpg,文森特·沃德,1998-10-02, 美国 / 新西兰,罗宾·威廉姆斯 / 小库珀·古丁 / 安娜贝拉·莎拉 / 马克斯·冯·叙多 / ,7.9
我为玛丽狂 There's Something About Mary,https://img3.doubanio.com/view/movie_poster_cover/lpst/public/p854220163.jpg,鲍比·法拉利,1998-07-15, 美国,卡梅隆·迪亚茨 / 马特·狄龙 / 本·斯蒂勒 / 李·伊万斯 / 克里斯·艾略特 / 林·沙烨 / 杰弗里·塔伯 / 玛基·珀斯特 / 凯斯·大卫 / W·厄尔·布朗 / ,6.9
鬼娃新娘 Bride of Chucky,https://img3.doubanio.com/view/movie_poster_cover/lpst/public/p1688601184.jpg,于仁泰,1998-10-16, 美国 / 加拿大,詹妮弗·提莉 / 布拉德·道里夫 / ,6.7
安娜玛德莲娜 安娜瑪德蓮娜,https://img1.doubanio.com/view/movie_poster_cover/lpst/public/p940229727.jpg,奚仲文,1998-05-28, 香港,金城武 / 郭富城 / 陈慧琳 / 何超仪 / 袁咏仪 / 张国荣 / 张学友 / ,7.3
天地大冲撞 Deep Impact,https://img3.doubanio.com/view/movie_poster_cover/lpst/public/p1529096204.jpg,咪咪·莱德,1998-05-08, 美国,伊利亚·伍德 / 瓦妮莎·雷德格瑞夫 / 摩根·弗里曼 / 罗伯特·杜瓦尔 / 蒂娅·里欧妮 / 乔恩·费儒 / 莉莉·索博斯基 / 詹姆斯·克伦威尔 / 多格雷·斯科特 / 马克·摩斯 / 德雷克·德·林特 / 马克西米连·谢尔 / 朗·埃达德 / 劳拉·伊内斯 / 玛丽·麦克科马克 / 理查德·希夫 / ,7.0
陀枪师姐 陀槍師姐,https://img3.doubanio.com/view/movie_poster_cover/lpst/public/p2233668756.jpg,邝业生,1998-07-06, 中国香港,关咏荷 / 滕丽名 / 欧阳震华 / 魏骏杰 / 蒙嘉慧 / ,8.3
孤星泪 Les misérables,https://img3.doubanio.com/view/movie_poster_cover/lpst/public/p988572033.jpg,比利·奥古斯特,1998-05-01, 英国 / 德国 / 美国,连姆·尼森 / 杰弗里·拉什 / 乌玛·瑟曼 / ,7.5
永不瞑目,https://img3.doubanio.com/view/movie_poster_cover/lpst/public/p1216641612.jpg,赵宝刚,2000-05-01(中国大陆), 中国大陆,陆毅 / 苏瑾 / 袁立 / 钱勇夫 / 尤勇 / ,7.6
超完美谋杀案 A Perfect Murder,https://img1.doubanio.com/view/movie_poster_cover/lpst/public/p1726794939.jpg,安德鲁·戴维斯,1998-06-05, 美国,迈克尔·道格拉斯 / 格温妮斯·帕特洛 / 维果·莫腾森 / ,6.9
极地恋人 Los amantes del Círculo Polar,https://img3.doubanio.com/view/movie_poster_cover/lpst/public/p917899915.jpg,胡里奥·密谭,1998-09-04, 西班牙 / 法国,纳瓦·尼姆利 / 费雷·马丁内兹 / 南乔·诺沃 / Maru Valdivielso / ,8.3
天地争霸美猴王 西遊記貳,https://img1.doubanio.com/view/movie_poster_cover/lpst/public/p2285472818.jpg,刘仕裕,1998-10-26(香港), 香港,陈浩民 / 江华 / 黎耀祥 / ,6.8
弹珠警察 Bビーダマン爆外伝,https://img3.doubanio.com/lpic/s3849413.jpg,,1998-02-07(日本), 日本,桑岛法子 / 关俊彦 / ,7.4
征婚启事 徵婚啟事,https://img3.doubanio.com/lpic/s1808775.jpg,陈国富,1998-03-13(台湾), 台湾,刘若英 / 王朝明 / 伍佰 / 陈昭荣 / 顾宝明 / ,7.8
拽妹黛薇儿 第二季 Daria Season 2,https://img3.doubanio.com/view/movie_poster_cover/lpst/public/p2260228631.jpg,Karen Disher,1998-02-16(美国), 美国,Tracy Grandstaff / Wendy Hoopes / ,9.5
每天爱你8小时 每天爱您8小时,https://img3.doubanio.com/view/movie_poster_cover/lpst/public/p1142105803.jpg,阮世生,1998-09-25, 香港,梁朝伟 / 蔡少芬 / 徐若瑄 / 方中信 / 关秀媚 / 林尚义 / 童爱玲 / 麦兆辉 / ,7.1
死亡密码 π,https://img1.doubanio.com/view/movie_poster_cover/lpst/public/p1349989987.jpg,达伦·阿伦诺夫斯基,1998-07-10, 美国,肖恩·格莱特 / 马克·马戈利斯 / 本·申克曼 / Samia Shoaib / ,7.5
西伯利亚的理发师 Сибирский цирюльник,https://img3.doubanio.com/view/movie_poster_cover/lpst/public/p1949265483.jpg,尼基塔·米哈尔科夫,"1998-10-30(首映),1999-02-20(俄罗斯)", 俄罗斯 / 法国 / 意大利 / 捷克,朱莉娅·奥蒙德 / 欧列格·缅希科夫 / 阿列克谢·彼得连科 / 理查德·哈里斯 / ,8.6
杀手之王 殺手之王,https://img3.doubanio.com/view/movie_poster_cover/lpst/public/p1630163816.jpg,董玮,1998-04-03, 香港,李连杰 / 任达华 / 曾志伟 / 梁咏琪 / ,6.6
古惑仔情义篇之洪兴十三妹,https://img1.doubanio.com/view/movie_poster_cover/lpst/public/p1519913207.jpg,叶伟民,1998-02-21(香港), 香港,吴君如 / 杨恭如 / 方中信 / 尹扬明 / 舒淇 / 吴孟达 / 程东 / 植敬雯 / 敖志君 / ,7.1
众神与野兽 Gods and Monsters,https://img3.doubanio.com/view/movie_poster_cover/lpst/public/p1563665942.jpg,比尔·康顿,1998-11-04, 英国 / 美国,伊恩·麦克莱恩 / 布兰登·费舍 / 琳恩·雷德格瑞夫 / 洛丽塔·大卫多维奇 / ,8.0
98古惑仔之龙争虎斗 98古惑仔之龍爭虎鬥,https://img3.doubanio.com/view/movie_poster_cover/lpst/public/p1856107146.jpg,刘伟强,1998-01-22(香港), 香港,郑伊健 / 舒淇 / 郑浩南 / 钱嘉乐 / 秦沛 / 林晓峰 / 朱永棠 / 万梓良 / 吴君如 / 黄秋生 / 李修贤 / 尹扬明 / ,7.2
妙手仁心,https://img3.doubanio.com/view/movie_poster_cover/lpst/public/p2314385485.jpg,邓特希,1998-08-31(香港), 香港,林保怡 / 吴启华 / 马浚伟 / 蔡少芬 / 陈慧珊 / 苏永康 / 张家辉 / 陈芷菁 / 陈美琪 / 梁婉静 / ,8.4
马语者 The Horse Whisperer,https://img3.doubanio.com/view/movie_poster_cover/lpst/public/p647960964.jpg,罗伯特·雷德福,1998-05-15, 美国,罗伯特·雷德福 / 克里斯汀·斯科特·托马斯 / 斯嘉丽·约翰逊 / 山姆·尼尔 / ,8.1
不夜城,https://img3.doubanio.com/view/movie_poster_cover/lpst/public/p643108501.jpg,李志毅,1998-06-27(日本), 香港 / 日本,金城武 / 山本未来 / 椎名桔平 / 郎雄 / 曾志伟 / 周海媚 / ,8.2
炼狱 Чистилище,https://img1.doubanio.com/lpic/s3843948.jpg,亚历山大·涅夫佐罗夫,1998-03-23, 俄罗斯,Alexandr Baranov / Viktor Stepanov / ,8.5
太极宗师,https://img1.doubanio.com/view/movie_poster_cover/lpst/public/p2373060399.jpg,张鑫炎,1998, 中国大陆,吴京 / 于海 / 惠英红 / 周比利 / 樊亦敏 / 徐向东 / 王群 / 杨洁玫 / 李进荣 / 寇占文 / 成奎安 / ,8.0
铁甲小宝 ビーロボカブタック,https://img3.doubanio.com/view/movie_poster_cover/lpst/public/p2329019726.jpg,坂本太郎,1997-02-23(日本), 日本,二见一树 / 木村雅 / 小出由华 / 石井洋祐 / 向井亚纪 / 井上碧 / 石井宁 / ,7.5
远大前程 Great Expectations,https://img3.doubanio.com/view/movie_poster_cover/lpst/public/p827531145.jpg,阿方索·卡隆,1998-01-30, 美国,伊桑·霍克 / 格温妮斯·帕特洛 / 克里斯·库珀 / 安妮·班克罗夫特 / 汉克·阿扎利亚 / ,7.7
移魂都市 Dark City,https://img3.doubanio.com/view/movie_poster_cover/lpst/public/p1285336383.jpg,亚历克斯·普罗亚斯,1998-02-27, 澳大利亚 / 美国,卢夫斯·塞维尔 / 威廉·赫特 / 基弗·萨瑟兰 / ,7.8
秋天的故事 Conte d'automne,https://img3.doubanio.com/view/movie_poster_cover/lpst/public/p2248726990.jpg,埃里克·侯麦,1998-09-16, 法国,阿兰·利博 / 碧翠丝·罗曼德 / 玛丽·瑞莱 / Didier Sandre / ,8.3
暗花,https://img3.doubanio.com/view/movie_poster_cover/lpst/public/p2159683290.jpg,游达志,1998-01-01, 香港,刘青云 / 梁朝伟 / 邵美琪 / 王天林 / 卢海鹏 / 郑浩南 / 林雪 / ,8.3
老师不是人 The Faculty,https://img3.doubanio.com/view/movie_poster_cover/lpst/public/p1626216460.jpg,罗伯特·罗德里格兹,1998-12-25, 美国,乔什·哈奈特 / 伊利亚·伍德 / 克里·杜瓦尔 / 乔丹娜·布鲁斯特 / 劳拉·哈里斯 / 法米克·詹森 / 肖恩·海托西 / 亚瑟·雷蒙德 / 乔恩·斯图尔特 / 萨尔玛·海耶克 / ,6.8
世界末日 Armageddon,https://img3.doubanio.com/view/movie_poster_cover/lpst/public/p686635022.jpg,迈克尔·贝,1998-07-01(美国), 美国,布鲁斯·威利斯 / 本·阿弗莱克 / 丽芙·泰勒 / 威廉·菲德内尔 / 比利·鲍伯·松顿 / 史蒂夫·布西密 / ,7.7
刀锋战士 Blade,https://img3.doubanio.com/view/movie_poster_cover/lpst/public/p1625335671.jpg,斯蒂芬·诺林顿,1998-08-21, 美国,韦斯利·斯奈普斯 / 斯蒂芬·多尔夫 / 克里斯·克里斯托佛森 / N'Bushe Wright / ,6.9
我爱你,https://img3.doubanio.com/view/movie_poster_cover/lpst/public/p2233458830.jpg,李仁港,1998-03-12, 香港,袁咏仪 / 方中信 / 吴镇宇 / 黄佩霞 / 黄文意 / 陈芷菁 / 刘松仁 / 熊欣欣 / ,8.1
狮子王2：辛巴的荣耀 The Lion King II: Simba's Pride,https://img1.doubanio.com/view/movie_poster_cover/lpst/public/p1838192559.jpg,Darrell Rooney,1998-10-27, 美国 / 澳大利亚,马修·布罗德里克 / 莫伊拉·凯利 / ,7.7
美国X档案 American History X,https://img1.doubanio.com/view/movie_poster_cover/lpst/public/p792437057.jpg,托尼·凯耶,1998-10-30, 美国,爱德华·诺顿 / 爱德华·福隆 / 比佛莉·德安姬罗 / ,8.5
她比烟花寂寞 Hilary and Jackie,https://img1.doubanio.com/view/movie_poster_cover/lpst/public/p624908559.jpg,安南德·图克尔,1998-12-30, 英国,艾米丽·沃森 / 瑞切尔·格里菲斯 / 詹姆斯·弗莱恩 / 大卫·莫瑞瑟 / ,8.4
欲望都市  第一季 Sex and the City Season 1,https://img3.doubanio.com/view/movie_poster_cover/lpst/public/p2375133344.jpg,David Frankel,1998-06-06, 美国,莎拉·杰茜卡·帕克 / 金·凯特罗尔 / 辛西娅·尼克松 / ,8.7
哥斯拉 Godzilla,https://img3.doubanio.com/view/movie_poster_cover/lpst/public/p1583456026.jpg,罗兰·艾默里奇,1998-05-20, 美国 / 日本,马修·布罗德里克 / 让·雷诺 / 玛丽亚·皮提罗 / 汉克·阿扎利亚 / ,6.9
晚餐游戏 Le dîner de cons,https://img3.doubanio.com/view/movie_poster_cover/lpst/public/p2193179330.jpg,法兰西斯·威柏,1998-04-15, 法国,蒂埃里·莱尔米特 / 雅克·维列雷 / 弗朗索瓦·乌斯特 / ,7.8
天生一对 The Parent Trap,https://img3.doubanio.com/view/movie_poster_cover/lpst/public/p1933809793.jpg,南希·迈耶斯,1998-07-29(美国), 美国,琳赛·洛翰 / 丹尼斯·奎德 / 娜塔莎·理查德森 / 伊莲·亨德里克斯 / 丽萨·安·沃尔特 / 西蒙·坤茨 / 罗尼·斯蒂芬斯 / ,8.3
永恒和一日 Μια αιωνιότητα και μια μερα,https://img3.doubanio.com/view/movie_poster_cover/lpst/public/p1391839595.jpg,西奥·安哲罗普洛斯,1998-05-23, 法国 / 意大利 / 希腊 / 德国,布鲁诺·甘茨 / 伊莎贝拉·雷纳德 / 法布瑞齐奥·班提佛格里欧 / Achileas Skevis / ,8.9
不见不散,https://img3.doubanio.com/view/movie_poster_cover/lpst/public/p2080749733.jpg,冯小刚,1998-12-24(中国大陆), 中国大陆,葛优 / ,7.8
午夜凶铃 リング,https://img1.doubanio.com/view/movie_poster_cover/lpst/public/p1324520469.jpg,中田秀夫,1998-01-31(日本), 日本,松岛菜菜子 / 真田广之 / 竹内结子 / 中谷美纪 / ,7.4
追凶二十年 追凶20年,https://img1.doubanio.com/view/movie_poster_cover/lpst/public/p2075304678.jpg,麦兆辉 (Siu Fai Mak),1998-04-23, 香港,周海媚 / 谢君豪 / 张达明 / ,6.9
尖峰时刻 Rush Hour,https://img3.doubanio.com/view/movie_poster_cover/lpst/public/p2220721953.jpg,布莱特·拉特纳,1998-09-18(美国), 美国,成龙 / 克里斯·塔克 / 汤姆·威尔金森 / Tzi Ma / 马克·罗斯顿 / 肯·梁 / ,6.8
追随 Following,https://img3.doubanio.com/view/movie_poster_cover/lpst/public/p2074443514.jpg,克里斯托弗·诺兰,"1998-09-12(多伦多电影节),1999-11-05(英国)", 英国,杰里米·西奥伯德 / 亚历克斯·霍 / 露西·拉塞尔 / 约翰·诺兰 / Dick Bradsell / Gillian El-Kadi / 詹妮弗·安格 / Nicolas Carlotti / Darren Ormandy / 盖·格林威 / Tassos Stevens / Tristan Martin / 瑞贝卡·詹姆斯 / 保罗·曼森 / ,9.0
风云雄霸天下 風雲雄霸天下,https://img1.doubanio.com/view/movie_poster_cover/lpst/public/p1805065018.jpg,刘伟强,1998-07-18(香港), 香港 / 中国大陆,郑伊健 / 郭富城 / 千叶真一 / 杨恭如 / 舒淇 / 郑丹瑞 / 谢天华 / 黄秋生 / 黎耀祥 / 朱永棠 / 尹扬明 / 张耀扬 / 方中信 / 于荣光 / 伍咏薇 / 徐静蕾 / 王志文 / 徐锦江 / ,6.8
鹿鼎记,https://img1.doubanio.com/view/movie_poster_cover/lpst/public/p1527781618.jpg,李添胜,1998-06-01(香港), 香港,陈小春 / 马浚伟 / 刘玉翠 / 梁小冰 / 徐濠萦 / 陈少霞 / 邝文珣 / 王伟 / 冯晓文 / 夏韶声 / ,8.7
吉娅 Gia,https://img3.doubanio.com/view/movie_poster_cover/lpst/public/p1917873110.jpg,迈克尔·克里斯托弗,1998-01-31, 美国,安吉丽娜·朱莉 / 伊丽莎白·米切尔 / 费·唐纳薇 / 梅塞迪丝·鲁尔 / Eric Michael Cole / Kylie Travis / 路易斯·基亚姆布拉沃 / John Considine / 斯科特·科恩 / ,7.9
花木兰 花木蘭,https://img3.doubanio.com/view/movie_poster_cover/lpst/public/p2373058365.jpg,赖水清,1999-06-28(台湾), 台湾 / 中国大陆,袁咏仪 / 赵文卓 / 孙兴 / 钮承泽 / 郑佩佩 / 李立群 / 李志希 / 关礼杰 / 岳跃利 / 刘孜 / 张铁林 / ,7.3
海上钢琴师 La leggenda del pianista sull'oceano,https://img1.doubanio.com/view/movie_poster_cover/lpst/public/p511146957.jpg,朱塞佩·托纳多雷,1998-10-28(意大利), 意大利,蒂姆·罗斯 / 普路特·泰勒·文斯 / 比尔·努恩 / 梅兰尼·蒂埃里 / ,9.2
名侦探柯南：第十四个目标 名探偵コナン 14番目の標的,https://img3.doubanio.com/view/movie_poster_cover/lpst/public/p453728632.jpg,儿玉兼嗣,1998-04-18(日本), 日本,高山南 / 山崎和佳奈 / 神谷明 / 山口胜平 / 茶风林 / 盐泽兼人 / 高木涉 / 岩居由希子 / 大谷育江 / ,7.8
星际牛仔 カウボーイビバップ,https://img1.doubanio.com/view/movie_poster_cover/lpst/public/p2011424828.jpg,渡边信一郎,1998-04-03(日本), 日本,山寺宏一 / 石冢运升 / 林原惠美 / 多田葵 / 若本规夫 / 高岛雅罗 / 伊藤和晃 / 一城美由希 / 绿川光 / 桧山修之 / 中博史 / 长泽美树 / 垂木勉 / 小山武宏  / ,9.5
楚门的世界 The Truman Show,https://img3.doubanio.com/view/movie_poster_cover/lpst/public/p480420695.jpg,彼得·威尔,1998-06-05(美国), 美国,金·凯瑞 / 劳拉·琳妮 / 艾德·哈里斯 / 诺亚·艾默里奇 / ,9.0
拯救大兵瑞恩 Saving Private Ryan,https://img3.doubanio.com/view/movie_poster_cover/lpst/public/p1014542496.jpg,史蒂文·斯皮尔伯格,1998-07-24(美国), 美国,汤姆·汉克斯 / 汤姆·塞兹摩尔 / 爱德华·伯恩斯 / 巴里·佩珀 / 亚当·戈德堡 / 范·迪塞尔 / 乔瓦尼·瑞比西 / 杰瑞米·戴维斯 / 马特·达蒙 / 特德·丹森 / 保罗·吉亚玛提 / 丹尼斯·法里纳 / 马克斯·马蒂尼 / 丹兰·布鲁诺 / ,8.8
中央车站 Central do Brasil,https://img3.doubanio.com/view/movie_poster_cover/lpst/public/p2239441575.jpg,沃尔特·塞勒斯,1998-01-16, 巴西 / 法国,费尔兰德·蒙特纳哥 / 马里利娅·佩拉 / 文尼西斯·狄·奥利维拉 / 奥顿·巴斯托斯 / ,8.7
罗拉快跑 Lola rennt,https://img3.doubanio.com/view/movie_poster_cover/lpst/public/p453894815.jpg,汤姆·提克威,1998-08-20(德国), 德国,弗兰卡·波坦特 / 莫里兹·布雷多 / 赫伯特·奈普 / 妮娜·皮媞 / 阿敏·罗德 / 约阿希姆·科尔 / 路德格·皮斯特 / 苏珊娜·冯·博尔索迪 / 塞巴斯蒂安·施普尔 / 朱丽叶·林迪希 / 拉尔斯·鲁道夫 / ,8.1
"两杆大烟枪 Lock, Stock and Two Smoking Barrels",https://img1.doubanio.com/view/movie_poster_cover/lpst/public/p792443418.jpg,盖·里奇,1998-08-28(英国), 英国,杰森·弗莱明 / 德克斯特·弗莱彻 / 尼克·莫兰 / 杰森·斯坦森 / 斯蒂文·麦金托什 / 斯汀 / ,9.0
四月物语 四月物語,https://img1.doubanio.com/view/movie_poster_cover/lpst/public/p2107289058.jpg,岩井俊二,1998-03-14, 日本,松隆子 / 田边诚一 / 江口洋介 / 津田宽治 / 市川染五郎 / 藤井香织 / 留美 / 加藤和彦 / 光石研 / 石井龙也 / 伊武雅刀 / 松本纪保 / 盐见三省 / ,8.1
王牌对王牌 The Negotiator,https://img3.doubanio.com/view/movie_poster_cover/lpst/public/p1971419890.jpg,F·加里·格雷,1998-07-29, 美国 / 德国,塞缪尔·杰克逊 / 凯文·史派西 / 大卫·摩斯 / 朗·瑞弗金 / 保罗·吉亚玛提 / ,8.4
下一站，天国 ワンダフルライフ,https://img1.doubanio.com/view/movie_poster_cover/lpst/public/p1379361709.jpg,是枝裕和,"1998-09-11(多伦多电影节),1999-04-17(日本)", 日本,井浦新 / 寺岛进 / 小田绘梨花 / 内藤刚志 / ,8.2
花木兰 Mulan,https://img1.doubanio.com/view/movie_poster_cover/lpst/public/p1315561128.jpg,巴里·库克,1998-06-19(美国), 美国,温明娜 / 艾迪·墨菲 / 哈维·费斯特恩 / 米盖尔·弗尔 / ,7.5
海上花,https://img1.doubanio.com/view/movie_poster_cover/lpst/public/p2404974368.jpg,侯孝贤,1998-10-01(台湾), 台湾,梁朝伟 / 羽田美智子 / 刘嘉玲 / 李嘉欣 / 高捷 / 潘迪华 / 伊能静 / 魏筱惠 / 方璇 / 陈宝莲 / 许安安 / ,8.0
魔卡少女樱 カードキャプターさくら,https://img3.doubanio.com/view/movie_poster_cover/lpst/public/p2257397685.jpg,浅香守生,1998-04-07(日本), 日本,丹下樱 / 绪方惠美 / 关智一 / 久川绫 / 熊井统子 / ,8.4
还珠格格,https://img3.doubanio.com/view/movie_poster_cover/lpst/public/p1638998132.jpg,孙树培,"1998-10-28(中国大陆),1998-04-28(台湾)", 中国大陆,赵薇 / 苏有朋 / 林心如 / 周杰 / 陈志朋 / 范冰冰 / 张铁林 / 戴春荣 / 李明启 / 赵丽娟 / 张恒 / 陈莹 / 陆诗雨 / 刘芳 / 刘丹 / 薛俨 / 李楠 / 鱼梦洁 / 刘芳毓 / 艾洋 / 董伟 / 张巍 / 游龙 / 苗皓钧 / 朱景隆 / 王奕 / 刘伟 / 郑佳欣 / 杨东 / 王坤 / ,8.2
