电影名,海报链接,导演,时间,地区,演员,评分
甜蜜与卑微 Sweet and Lowdown,https://img1.doubanio.com/view/movie_poster_cover/lpst/public/p1261996807.jpg,伍迪·艾伦,1999-09-04, 美国,西恩·潘 / 萨曼莎·莫顿 / Dan Moran / 乌玛·瑟曼 / ,7.8
十月的天空 October Sky,https://img3.doubanio.com/view/movie_poster_cover/lpst/public/p452602741.jpg,乔·庄斯顿,1999-02-19(美国), 美国,杰克·吉伦哈尔 / 克里斯·库珀 / 劳拉·邓恩 / 克里斯·欧文 / 威廉姆·李·斯科特 / 查德·林德伯格 / 娜塔莉.苏珊娜.加奈尔黛 / ,8.6
007之黑日危机 The World Is Not Enough,https://img3.doubanio.com/view/movie_poster_cover/lpst/public/p1545351100.jpg,迈克尔·艾普特,"1999-11-19(美国),1999-11-26(英国)", 英国 / 美国,皮尔斯·布鲁斯南 / 苏菲·玛索 / 罗伯特·卡莱尔 / 丹妮丝·理查兹 / 罗彼·考特拉尼 / 朱迪·丹奇 / 戴斯蒙德·莱维林 / 约翰·克立斯 / 玛莉亚·嘉西亚·古欣娜塔 / 萨曼莎·邦德 / 迈克尔·基臣 / 科林·萨蒙 / Goldie / 大卫·卡尔德 / ,7.3
流星语 流星語,https://img3.doubanio.com/view/movie_poster_cover/lpst/public/p939431341.jpg,张之亮,1999-10-14, 香港,张国荣 / 叶靖岚 / 狄龙 / 吴家丽 / 琦琦 / 李蕙敏 / 白嘉倩 / ,8.5
神秘拼图 The Bone Collector,https://img3.doubanio.com/view/movie_poster_cover/lpst/public/p2222701213.jpg,菲利普·诺伊斯,1999-11-05, 美国,丹泽尔·华盛顿 / 安吉丽娜·朱莉 / 奎恩·拉提法 / 迈克尔·鲁克 / ,7.4
钢铁巨人 The Iron Giant,https://img3.doubanio.com/view/movie_poster_cover/lpst/public/p453506001.jpg,布拉德·伯德,1999-08-06, 美国,范·迪塞尔 / 詹妮弗·安妮斯顿 / 小哈里·康尼克 / 詹姆斯·盖蒙 / 克劳斯·利特曼 / 克里斯托弗·麦克唐纳 / 约翰·马奥尼 / 艾力·马伦斯奥 / ,8.5
午夜凶铃2：贞子缠身 リング2,https://img3.doubanio.com/view/movie_poster_cover/lpst/public/p647988001.jpg,中田秀夫,1999-01-23(日本), 日本,中谷美纪 / 松岛菜菜子 / 深田恭子 / 真田广之 / 佐藤仁美 / 柳忧怜 / 小日向文世 / 石丸谦二郎 / ,6.6
O记三合会档案,https://img1.doubanio.com/view/movie_poster_cover/lpst/public/p1946287538.jpg,霍耀良,1999-03-18, 香港,刘青云 / 吴镇宇 / 朱茵 / 彭丹 / 谢天华 / 李兆基 / 吴志雄 / ,7.3
中华英雄 中華英雄,https://img3.doubanio.com/view/movie_poster_cover/lpst/public/p2190248715.jpg,刘伟强,1999-07-17(香港), 香港 / 中国大陆,郑伊健 / 舒淇 / 杨恭如 / 元彪 / 林晓峰 / 谢霆锋 / 吴镇宇 / 黄秋生 / 徐锦江 / 郑浩南 / 李灿森 / 叶佩雯 / 陈小春 / ,6.3
星愿 星願,https://img1.doubanio.com/view/movie_poster_cover/lpst/public/p482149807.jpg,马楚成,1999-08-21, 香港,任贤齐 / 张柏芝 / 苏永康 / 陈逸宁 / 邓萃雯 / 曾志伟 / ,7.1
星月童话 星月童話,https://img3.doubanio.com/view/movie_poster_cover/lpst/public/p2157774740.jpg,李仁港,1999-04-01(香港), 香港,张国荣 / 常盘贵子 / 星野有香 / 杨紫琼 / 高捷 / 惠天赐 / 廖启智 / 黄家诺 / ,7.7
加油站袭击事件 주유소 습격 사건,https://img1.doubanio.com/view/movie_poster_cover/lpst/public/p1837011657.jpg,金相辰,1999-10-02(韩国), 韩国,李成宰 / 刘智泰 / 金秀路 / 朴永奎 / 刘五性 / ,7.6
薄荷糖 박하사탕,https://img3.doubanio.com/view/movie_poster_cover/lpst/public/p457519794.jpg,李沧东,"1999-10-14(釜山电影节),2000-01-01(韩国)", 韩国 / 日本,薛耿求 / 文素丽 / 金汝珍 / 徐情 / 金仁权 / 高瑞熙 / 李代延 / ,8.1
断头谷 Sleepy Hollow,https://img3.doubanio.com/view/movie_poster_cover/lpst/public/p2416606535.jpg,蒂姆·波顿,1999-11-17, 德国 / 美国,约翰尼·德普 / 克里斯蒂娜·里奇 / 米兰达·理查森 / 迈克尔·刚本 / 卡斯帕·凡·迪恩 / 杰弗瑞·琼斯 / 理查德·格雷弗斯 / 伊恩·麦克迪阿梅德 / 迈克尔·高夫 / 克里斯托弗·沃肯 / 马克·皮克林 / 丽莎·玛丽 / 史蒂芬·威丁顿 / 克莱尔·斯金纳 / 克里斯托弗·李 / 艾伦·阿姆斯特朗 / ,7.6
总有骄阳 The Cider House Rules,https://img3.doubanio.com/view/movie_poster_cover/lpst/public/p483594726.jpg,拉斯·霍尔斯道姆,1999-12-17, 美国,托比·马奎尔 / 查理兹·塞隆 / 迈克尔·凯恩 / 保罗·路德 / 戴尔里·林多 / ,8.2
赌侠大战拉斯维加斯,https://img3.doubanio.com/lpic/s1455174.jpg,王晶,1999-08-05(新加坡), 香港,刘德华 / 张家辉 / 陈百祥 / 林熙蕾 / 郁芳 / 万梓良 / 李菲 / 王晶 / ,6.2
我的邻居山田君 ホーホケキョとなりの山田くん,https://img1.doubanio.com/view/movie_poster_cover/lpst/public/p462372509.jpg,高畑勋,1999-07-17(日本), 日本,朝丘雪路 / 益冈徹 / 荒木雅子 / 五十畑迅人 / ,8.7
校园风云 Election,https://img3.doubanio.com/view/movie_poster_cover/lpst/public/p1538921532.jpg,亚历山大·佩恩,1999-05-07(美国), 美国,马修·布罗德里克 / 瑞茜·威瑟斯彭 / 克里斯·克莱因 / 杰西卡·坎贝尔 / 马克·哈雷利克 / 莫莉·哈根 / 考林·加普 / 马特·马洛伊 / ,7.5
怪胎与书呆 Freaks and Geeks,https://img3.doubanio.com/lpic/s2832293.jpg,杰克·卡斯丹,1999-09-25(美国), 美国,琳达·卡德里尼 / 约翰·弗朗西斯·戴利 / 詹姆斯·弗兰科 / 马丁·斯塔尔 / 杰森·席格尔 / 塞斯·罗根 / ,9.2
恋恋三季 Three Seasons,https://img3.doubanio.com/view/movie_poster_cover/lpst/public/p505934165.jpg,托尼·裴,1999-04-30, 越南 / 美国,Ngoc Hiep Nguyen / Ngoc Minh / Phat Trieu Hoang / Diem Kieu / Hanh Kieu / ,8.3
恐怖宠物店 Pet Shop of Horrors,https://img3.doubanio.com/lpic/s3197143.jpg,平田敏夫,1999-03-01(日本), 日本,关俊彦 / 小野坂昌也 / ,8.8
感官游戏 eXistenZ,https://img3.doubanio.com/view/movie_poster_cover/lpst/public/p1713355242.jpg,大卫·柯南伯格,1999-04-23, 加拿大 / 英国,裘德·洛 / 詹妮弗·杰森·李 / 伊安·霍姆 / 威廉·达福 / ,7.1
老人与海 The Old Man and the Sea,https://img1.doubanio.com/view/movie_poster_cover/lpst/public/p2249032627.jpg,亚历山大·彼德洛夫,1999-07-03(日本), 俄罗斯 / 加拿大 / 日本,高登·平森特 / Kevin Duhaney / 松田洋治 / ,8.9
少年英雄方世玉,https://img3.doubanio.com/view/movie_poster_cover/lpst/public/p2373057606.jpg,温伟基,1999, 中国香港,张卫健 / 恬妞 / 樊少皇 / 何美钿 / 李婷宜 / 商天娥 / 郑佩佩 / ,7.5
西游记后传,https://img3.doubanio.com/view/movie_poster_cover/lpst/public/p2352750200.jpg,李源,, 中国大陆,曹荣 / 闾汉彪 / 黄海冰 / 吴健 / 马杰林 / 李京 / 张志伟 / 黑子 / 马雅舒 / ,6.4
小鞋子 بچههای آسمان,https://img3.doubanio.com/view/movie_poster_cover/lpst/public/p2173580603.jpg,马基德·马基迪,1999-01-22(美国), 伊朗,Amir Farrokh Hashemian / 默罕默德·阿米尔·纳吉 / Bahare Seddiqi / Nafise Jafar-Mohammadi / ,9.2
洗澡,https://img1.doubanio.com/view/movie_poster_cover/lpst/public/p1246439749.jpg,张扬,2001-02-01, 中国,姜武 / 濮存昕 / ,8.2
小贝流浪记,https://img3.doubanio.com/lpic/s3704706.jpg,曹小卉,1999-01-01(中国大陆), 中国大陆,房露 / 纪元 / ,8.5
海绵宝宝 第一季 SpongeBob SquarePants Season 1,https://img3.doubanio.com/view/movie_poster_cover/lpst/public/p2221384494.jpg,Alan Smart,1999-05-01(美国), 美国,汤姆·肯尼 / Bill Fagerbakke / Rodger Bumpass / 克兰西·布朗 / 迪·布拉雷·贝克尔 / Mr. Lawrence / ,9.3
左右情缘 左右情緣,https://img1.doubanio.com/lpic/s3784158.jpg,张国荣,1999-10-10(香港), 香港,张国荣 / 邱淑贞 / 张柏芝 / 梅艳芳 / 谭咏麟 / 曾志伟 / 吴君如 / ,8.4
魔女的条件 魔女の条件,https://img3.doubanio.com/view/movie_poster_cover/lpst/public/p2331593492.jpg,土井裕泰,1999-04-08(日本), 日本,松岛菜菜子 / 泷泽秀明 / 黑木瞳 / 西田尚美 / 別所哲也 / 白川由美 / 山口祐一郎 / ,8.3
雍正王朝,https://img1.doubanio.com/view/movie_poster_cover/lpst/public/p1844028639.jpg,胡玫,1999-01-03(中国大陆), 中国大陆,唐国强 / 焦晃 / 王绘春 / 杜雨露 / 徐敏 / 王辉 / 徐祖明 / 贾致罡 / 李定保 / 杜志国 / 常林 / 贺生伟 / 蔡鸿翔 / 赵毅 / 李颖 / 张彦春 / 夏和平 / 苗皓钧 / 刘魁 / 壮丽 / 施建岚 / 杨昊飞 / 姜光宇 / 韩熙明 / 袁世龙 / 廖丙炎 / 刘杰 / 万弘杰 / 胡荣华 / 陈志刚 / 赵刚 / 贾兆冀 / 张日辉 / 刘勇 / 蒋国印 / 陈凤桐 / 黄永铸 / 魏德山 / 许东 / 赵文亮 / 钱学格 / 任宝成 / 刘伟 / 张丹丹 / 李国立 / 黄湘阳 / 黄子千 / 王安秋 / 孙万清 / 康垂家 / 李桂生 / 李可 / 盛才新 / 尼格木图 / 张元昌 / 田松 / 武晔 / 杨惠礼 / 郑建民 / 黄忠 / 金风 / 刘晋 / 何金龙 / 陈昱 / 侯涛 / 李潭 / 党永德 / 李雨农 / 龚航宇 / 姜涛 / 赵冬柏 / 张新科 / 曹春萱 / ,8.7
完美无暇 Flawless,https://img1.doubanio.com/view/movie_poster_cover/lpst/public/p2167013829.jpg,乔·舒马赫,1999-11-24, 美国,罗伯特·德尼罗 / 菲利普·塞默·霍夫曼 / 贝瑞·米勒 / ,7.1
魔鬼末日 End of Days,https://img3.doubanio.com/view/movie_poster_cover/lpst/public/p2451449170.jpg,彼得·海姆斯,1999-11-16, 美国,阿诺·施瓦辛格 / 加布里埃尔·伯恩 / ,6.3
夺金三王 Three Kings,https://img3.doubanio.com/view/movie_poster_cover/lpst/public/p734299273.jpg,大卫·O·拉塞尔,1999-10-01, 美国 / 澳大利亚,乔治·克鲁尼 / 马克·沃尔伯格 / 艾斯·库珀 / 斯派克·琼斯 / ,7.0
老公不及格 An Ideal Husband,https://img3.doubanio.com/view/movie_poster_cover/lpst/public/p974019186.jpg,奥利弗·帕克,1999-04-16, 英国 / 美国,凯特·布兰切特 / 明妮·德里弗 / 鲁伯特·艾弗雷特 / 朱丽安·摩尔 / ,7.1
人生 Life,https://img1.doubanio.com/view/movie_poster_cover/lpst/public/p2187053539.jpg,泰德·戴米,1999-04-16(美国), 美国,艾迪·墨菲 / 马丁·劳伦斯 / ,8.2
笨小孩,https://img1.doubanio.com/view/movie_poster_cover/lpst/public/p2235297818.jpg,王晶,1999-12-28(香港), 香港,叶德娴 / 谭耀文 / 关秀媚 / 柯受良 / ,7.5
激战伏兵湾 Ambush,https://img1.doubanio.com/lpic/s4449307.jpg,Olli Saarela,1999-01-22, 芬兰,彼德·法阑曾 / ,7.2
大雨天 雨あがる,https://img1.doubanio.com/view/movie_poster_cover/lpst/public/p2164837399.jpg,小泉尧史,2000-01-22, 日本 / 法国,寺尾聪 / 宫崎美子 / ,8.0
赵先生,https://img3.doubanio.com/view/movie_poster_cover/lpst/public/p2378979204.jpg,吕乐,1999-11-23, 香港 / 中国大陆,施京明 / 张芝华 / 蒋雯丽 / ,7.6
图兰朵紫禁城版 Turandot in the Forbidden City of Beijing,https://img3.doubanio.com/lpic/s1685840.jpg,Hugo Käch,1999-04-13, 德国 / 卢森堡,Giovanna Casolla / Sergej Larin / ,7.0
女法官艾米 第一季 Judging Amy Season 1,https://img3.doubanio.com/lpic/s3763134.jpg,Amy Brenneman,1999-09-19, 美国,Tyne Daly / Amy Brenneman / ,"
    "
苏菲的世界 Sofies verden,https://img1.doubanio.com/view/movie_poster_cover/lpst/public/p2334097468.jpg,埃里克·古斯达夫逊,1999-08-06, 挪威 / 瑞典,西莉亚·史都斯坦 / 托马斯·冯·布罗姆森 / Andrine Sæther / Bjørn Floberg / 汉斯·艾尔佛森 / Nils Vogt / Minken Fosheim / Edda Trandum Grjotheim / Arne Haakonaasen Dahl / Sullivan Lloyd Nordrum / Kjersti Holmen / 英加·海尔格·吉姆勒 / Giorgos Floros / Sven Henriksen / ,7.8
熱血醫生 The Doctor,https://img1.doubanio.com/lpic/s6952568.jpg,森田光則,1999-07-04, 日本,堤真一 / 長嶋一茂 / 葉月里緒菜 / 高岡早紀 / 野際陽子 / 山口紗弥加 / 永井美奈子 / 美保純 / 河相我聞 / ,"
    "
皆月,https://img1.doubanio.com/view/movie_poster_cover/lpst/public/p1371563958.jpg,望月六郎 (Rokuro Mochizuki),1999-10-23, 日本,奥田瑛二 / 北村一辉 / ,6.9
迷糊女战士 エクセル·サーガ,https://img1.doubanio.com/lpic/s3240308.jpg,渡边慎一,, 日本,三石琴乃 / 南央美 / 子安武人 / こおろぎさとみ / 置鲇龙太郎 / 森久保祥太郎 / 今井由香 / 大友龙三郎 / 中西裕美子 / 井上和彦 / ,8.2
老头,https://img3.doubanio.com/view/movie_poster_cover/lpst/public/p1198406451.jpg,杨荔钠,2000-10-20, 中国大陆,,8.1
巴尔扎克激情的一生 Balzac,https://img1.doubanio.com/view/movie_poster_cover/lpst/public/p2383487518.jpg,Josée Dayan,1999-09-13, 法国 / 意大利 / 德国,杰拉尔·德帕迪约 / 让娜·莫罗 / ,7.3
下意识的残忍 Subconscious Cruelty,https://img1.doubanio.com/view/movie_poster_cover/lpst/public/p1297592259.jpg,Karim Hussain,2000-10-12, 加拿大,Brea Asher / Ivaylo Founev / Eric Pettigrew / ,6.7
先生贵性,https://img3.doubanio.com/view/movie_poster_cover/lpst/public/p2185997625.jpg,戚其义,1999-03-01, 香港,罗嘉良 / 陈慧珊 / 郭少芸 / 江华 / 汤盈盈 / ,8.0
天上掉下个天使 L'ange tombé du ciel,https://img3.doubanio.com/lpic/s2886042.jpg,Bernard Uzan,1999-12-29(法国), 法国,贝尔纳·耶尔勒 / Alexandra Vandernoot / ,7.0
言情小说 Paperback Hero,https://img3.doubanio.com/lpic/s2228180.jpg,Antony J. Bowman,1999-03-25, 澳大利亚,休·杰克曼 / 克劳蒂娅·卡万 / Angie Milliken / ,6.9
咫尺天涯 Inside-Out,https://img3.doubanio.com/lpic/s2807962.jpg,Charles Guard,1999, 英国,琳娜·海蒂 / ,7.9
法兰西之子 Le fils du Français,https://img3.doubanio.com/lpic/s2340992.jpg,Gérard Lauzier,1999-12-15(法国), 法国,芬妮·阿尔丹 / 乔丝安·巴拉思科 / ,8.8
12·1枪杀大案,https://img3.doubanio.com/view/movie_poster_cover/lpst/public/p1332518692.jpg,刘惠宁,1999, 中国大陆,王双宝 / 海浪 / 马继 / 李少飞 / ,9.2
状王宋世杰2 狀王宋世杰貳,https://img3.doubanio.com/view/movie_poster_cover/lpst/public/p2372491545.jpg,徐正康,1999-06-07(香港), 香港,张达明 / 黄子华 / 郭蔼明 / 李子雄 / ,7.5
七月天,https://img3.doubanio.com/view/movie_poster_cover/lpst/public/p2244939250.jpg,魏德圣,1999, 台湾,王恩咏 / 司马三三 / 吴朋奉 / 林明远 / ,"
    "
麻辣女教师 ナオミ,https://img3.doubanio.com/lpic/s9126323.jpg,土方政人,1999-04-14, 日本,藤原纪香 / 佐藤蓝子 / 凉 / 加藤雅也 / 中村俊介 / 森本治行 / ,7.1
夜叉,https://img3.doubanio.com/lpic/s2832942.jpg,邱礼涛,1999-12-09, 香港,古天乐 / 柯受良 / 陈小春 / 叶佩雯 / 宣萱 / 谢天华 / 吴志雄 / 林子善 / ,6.2
"赫鲁斯塔廖夫，开车！ Хрусталёв, машину!",https://img3.doubanio.com/lpic/s3242890.jpg,阿列克谢·日尔曼,1999-01-13, 俄罗斯 / 法国,,7.7
财神传奇,https://img3.doubanio.com/lpic/s3553301.jpg,李森,1999, 中国大陆,张国立 / 陈志朋 / 杨若兮 / 刘威 / 徐静蕾 / 牛振华 / ,6.5
真爱奇迹 Invisible Mom II,https://img3.doubanio.com/lpic/s3638345.jpg,Fred Olen Ray,1999, 美国,Dee Wallace / Justin Berfield / ,"
    "
鬼入侵 The Haunting,https://img3.doubanio.com/view/movie_poster_cover/lpst/public/p2209392311.jpg,扬·德·邦特,1999-09-30(美国), 美国,莉莉·泰勒 / 凯瑟琳·泽塔-琼斯 / 连姆·尼森 / ,6.3
风骚坏姊妹 Jawbreaker,https://img3.doubanio.com/view/movie_poster_cover/lpst/public/p1541416983.jpg,达伦·斯坦,1999-02-19, 美国,朱莉·本茨 / 塔缇娜·阿里 / Joni Allen / 夏洛特·阿雅娜 / 罗丝·麦高恩 / 吕蓓卡·盖哈特 / ,5.4
希望英语,https://img3.doubanio.com/view/movie_poster_cover/lpst/public/p2372620994.jpg,,1999-06-18(中国大陆), 中国大陆,赵音奇 / ,7.6
艺妓院的凉子 おもちゃ,https://img1.doubanio.com/view/movie_poster_cover/lpst/public/p2327097798.jpg,深作欣二,1999-01-15(日本), 日本,宫本真希 / 喜多岛舞 / 南果步 / 富司纯子 / ,8.1
处女之死 The Virgin Suicides,https://img3.doubanio.com/view/movie_poster_cover/lpst/public/p1338899722.jpg,索菲亚·科波拉,1999-05-19(戛纳电影节), 美国,克斯汀·邓斯特 / 凯瑟琳·特纳 / 乔什·哈奈特 / 詹姆斯·伍兹 / 海登·克里斯滕森 / A·J·库克 / ,7.5
女煞葛洛莉 Gloria,https://img3.doubanio.com/view/movie_poster_cover/lpst/public/p2410595090.jpg,西德尼·吕美特,1999-01-22, 美国,莎朗·斯通 / Jean-Luke Figueroa / 杰瑞米·诺森 / ,6.4
地心游记 Journey to the Center of the Earth,https://img3.doubanio.com/lpic/s1887182.jpg,George Miller,1999-09-14(美国), 美国,特里特·威廉斯 / 杰瑞米·伦敦 / ,6.3
阳光情人 Sunshine,https://img1.doubanio.com/view/movie_poster_cover/lpst/public/p2201505699.jpg,伊斯特凡·萨博,1999-12-17, 德国 / 奥地利 / 加拿大 / 匈牙利,拉尔夫·费因斯 / 罗斯玛丽·哈里斯 / 蕾切尔·薇兹 / 詹妮弗·艾莉 / ,8.5
假发匠 The Periwig-Maker,https://img3.doubanio.com/lpic/s3910590.jpg,Steffen Schäffler,2000-10-18, 德国,Kenneth Branagh / Daren C. Evans / ,7.1
我们的留学生活—在日本的日子,https://img1.doubanio.com/lpic/s3395837.jpg,张丽玲,, 日本/中国大陆,,9.3
白色情人节 화이트 발렌타인,https://img3.doubanio.com/view/movie_poster_cover/lpst/public/p974271312.jpg,梁允豪,1999-02-13(韩国), 韩国,全智贤 / 朴信阳 / 杨东根 / 全茂松 / 金世俊 / ,6.7
幻想曲2000 Fantasia/2000,https://img3.doubanio.com/view/movie_poster_cover/lpst/public/p643090411.jpg,詹姆斯·阿尔格,1999-12-17(美国), 美国,史蒂夫·马丁 / 伊扎克·帕尔曼 / 昆西·琼斯 / 贝特·米德勒 / 詹姆斯·厄尔·琼斯 / 佩恩·吉列特 / Teller / James Levine / 安吉拉·兰斯伯瑞 / 韦恩·艾尔温 / Tony Anselmo / ,8.8
暑期作业 暑期作業,https://img1.doubanio.com/lpic/s3958909.jpg,彭浩翔,1999, 香港,谢迪峰 / ,7.3
好莱坞百年百个明星 AFI's 100 Years... 100 Stars: America's Greatest Screen Legends,https://img3.doubanio.com/view/movie_poster_cover/lpst/public/p2188847734.jpg,Gary Smith,1999-06-15(美国), 美国,秀兰·邓波儿 / 德鲁·巴里摩尔 / ,7.7
灯塔路口 La traversée du phare,https://img1.doubanio.com/lpic/s4579767.jpg,Thierry Redler,1999-01-27, 法国,Jim Redler / Katty Loisel / ,8.3
山顶小屋咚咚摇 Au bout du monde,https://img3.doubanio.com/lpic/s1850494.jpg,康斯坦汀·布朗兹,1999, 法国,,8.0
毛骨悚然撞鬼经 1999年特别篇 ほんとにあった怖い話 スペシャル1,https://img3.doubanio.com/lpic/s8993831.jpg,鹤田法男,1999-08-27(日本), 日本,池胁千鹤 / 雅子 / 黑木瞳 / 竹中直人 / 杉本哲太 / 大路恵美 / 鹫尾真知子 / 稻垣吾郎 / 佐藤仁美 / 渡辺慶 / 中山美穗 / 洼冢洋介 / ,7.2
大雄的结婚前夜 のび太の結婚前夜,https://img1.doubanio.com/view/movie_poster_cover/lpst/public/p2191315258.jpg,芝山努,1999-03-06, 日本,小原乃梨子 / 野村道子 / 大山羡代 / 立壁和也 / 肝付兼太 / 白川澄子 / 久米明 / 松原雅子 / ,8.6
异形魔种 Lethal Target,https://img3.doubanio.com/lpic/s6866465.jpg,Lloyd A. Simandl,1999-12-31, 美国,C.C. Costigan / Josh Barker / ,"
    "
鹿港情深,https://img3.doubanio.com/view/movie_poster_cover/lpst/public/p2199642334.jpg,黃明川,, 台湾,蕭羽穎 / ,"
    "
学生村,https://img1.doubanio.com/lpic/s2761669.jpg,魏星,, 中国大陆,,8.8
疯马秀 crazy horse,https://img1.doubanio.com/view/movie_poster_cover/lpst/public/p2154959558.jpg,Guy Job,, 法国,,9.1
蜡笔小新之爆发！温泉火热大决战 クレヨンしんちゃん 爆発!温泉わくわく大決戦,https://img3.doubanio.com/view/movie_poster_cover/lpst/public/p1379342162.jpg,原惠一,1999-04-17(日本), 日本,矢岛晶子 / ならはしみき / 藤原启治 / ,7.2
今日说法,https://img3.doubanio.com/view/movie_poster_cover/lpst/public/p2221751514.jpg,,1999-01-02(中国大陆), 中国大陆,撒贝宁 / 路一鸣 / 刘元元 / 李晓东 / ,8.1
绝命鸳鸯,https://img3.doubanio.com/lpic/s4356836.jpg,李翰韬,, 中国大陆 / 台湾,吴京 / 季芹 / 陈俊生 / 张恒 / 蔡依蕴 / ,6.7
地球边缘之旅 第二季 Journeys to the Ends of the Earth Season 2,https://img3.doubanio.com/f/movie/03d3c900d2a79a15dc1295154d5293a2d5ebd792/pics/movie/tv_default_large.png,David Adams,1999, 澳大利亚,,"
    "
悲伤的诱惑 슬픈유혹,https://img3.doubanio.com/lpic/s4396020.jpg,表民洙,1999-12-26(韩国KBS2), 韩国,朱镇模 / 金甲秀 / ,7.9
地球边缘之旅 第三季 Journeys to the Ends of the Earth Season 3,https://img3.doubanio.com/f/movie/03d3c900d2a79a15dc1295154d5293a2d5ebd792/pics/movie/tv_default_large.png,David Adams,1999, 澳大利亚,,"
    "
残酷的国度 Harsh Realm,https://img3.doubanio.com/lpic/s3258005.jpg,Chris Carter,1999-10-08, 加拿大 / 美国,Scott Bairstow / D.B. Sweeney / ,"
    "
校园蓝调 Varsity Blues,https://img3.doubanio.com/view/movie_poster_cover/lpst/public/p2215176850.jpg,布莱恩·罗宾斯,1999-10-16, 美国,罗恩·莱斯特 / Paul Walker / 斯科特·凯恩 / ,6.9
小丈夫 妻大姐,https://img1.doubanio.com/lpic/s3344459.jpg,陈朱煌,, 台湾,慕钰华 / 李罗 / ,6.5
古镜怪谈 怪談之魔鏡,https://img3.doubanio.com/view/movie_poster_cover/lpst/public/p2354857185.jpg,阿甘,"2000-03-29(中国大陆),1999-09-16(香港)", 香港,谢霆锋 / 林心如 / 傅芳玲 / 罗兰 / 梁智强 / 黄百鸣 / 徐帆 / 姚乐怡 / 钟耀南 / 何嘉莉 / ,5.7
新少林寺,https://img1.doubanio.com/lpic/s4101777.jpg,袁和平,1999-09-09, 中国大陆 / 台湾,樊少皇 / 吴京 / 朱茵 / ,6.8
达尔玛和格里格 第三季 Dharma & Greg Season 3,https://img3.doubanio.com/view/movie_poster_cover/lpst/public/p2328700475.jpg,,1999-09-21(美国), 美国,珍娜·艾夫曼 / ,9.1
男男女女,https://img1.doubanio.com/view/movie_poster_cover/lpst/public/p2447742497.jpg,刘冰鉴,1999-11-20, 中国大陆,杨青 / 于博 / 魏建刚 / 孟浩 / ,6.0
恶搞之家 第一季 Family Guy Season 1,https://img3.doubanio.com/lpic/s2603766.jpg,塞思·麦克法兰,1999-01-31(美国), 美国,塞思·麦克法兰 / 艾利克斯·布诺斯町 / ,8.7
写给光明之梦的三首歌 光にむかう3つの夢想曲,https://img3.doubanio.com/view/movie_poster_cover/lpst/public/p2205313466.jpg,西周成,, 日本,ヤナ・エシーポヴィチ / ,"
    "
玛拉和小孩 Malee and the Boy,https://img3.doubanio.com/lpic/s1512276.jpg,阿彼察邦 韦拉斯花古 (Apichatpong Weerasethakul),, 泰国,,"
    "
意外的旅程 Felicia's Journey,https://img3.doubanio.com/lpic/s1799202.jpg,阿托姆·伊戈扬,2000-05-18, 加拿大 / 英国,鲍勃·霍斯金斯 / Arsinée Khanjian / 伊莲·卡西迪 / Sheila Reid / Nizwar Karanj / Ali Yassine / 彼得·麦克唐纳德 / Kriss Dosanjh / 杰拉德·迈克索利 / Marie Stafford / Gavin Kelty / 布里德·布伦南 / Mark Hadfield / Danny Turner / ,7.6
P.S. 我很好，俊平。 P.S.元気です、俊平,https://img1.doubanio.com/view/movie_poster_cover/lpst/public/p2152482298.jpg,吉田健,1999-6-24, 日本,堂本光一 / 濑户朝香 / 樱井淳子 / 上川隆也 / 仲间由纪惠 / 藤木直人 / 堂本刚 / 横山裕 / ,7.3
我亲爱的祖国,https://img3.doubanio.com/view/movie_poster_cover/lpst/public/p2374798251.jpg,刘毅然,1999, 中国大陆,陈建斌 / 袁立 / ,9.1
情事 Une liaison pornographique,https://img3.doubanio.com/view/movie_poster_cover/lpst/public/p721204011.jpg,Frédéric Fonteyne,1999-09-04, 比利时 / 法国 / 瑞士 / 卢森堡,纳塔莉·贝伊 / 塞吉·洛佩兹 / Jacques Viala / ,7.4
单身汉 The Bachelor,https://img3.doubanio.com/view/movie_poster_cover/lpst/public/p1251494174.jpg,加里·辛纳尔,1999-11-05(美国), 美国,克里斯·奥唐纳 / 蕾妮·齐薇格 / 阿尔蒂·兰格 / 爱德华·阿斯纳 / 哈尔·霍尔布鲁克 / 詹姆斯·克伦威尔 / 玛丽·谢尔顿 / 彼得·乌斯蒂诺夫 / 凯瑟琳·汤 / Rebecca Cross / 斯塔西·爱德华兹 / 玛丽亚·凯莉 / 萨拉·西尔弗曼 / 珍妮弗·艾斯波西多 / ,6.5
反黑先锋,https://img3.doubanio.com/lpic/s3344705.jpg,邝业生,1999, 香港,陈浩民 / 何韵诗 / ,6.7
清水湾的孩子 Les Enfants du Marais,https://img3.doubanio.com/view/movie_poster_cover/lpst/public/p1241039626.jpg,Jean Becker,1999-12-16, 法国,埃里克·坎通纳 / 雅克·维列雷 / ,8.6
千里姻缘兜错圈,https://img3.doubanio.com/lpic/s2741780.jpg,潘嘉德,1999, 香港,蔡少芬 / 马德钟 / 钱嘉乐 / ,7.0
三五成群,https://img3.doubanio.com/lpic/s2765261.jpg,钱升玮,1999-06-11(香港), 香港,陈芷菁 / 林子善 / 宋本忠 / ,7.0
七月又十四之信不信由你,https://img1.doubanio.com/lpic/s1786908.jpg,钱升玮,1999-08-20, 香港,吴镇宇 / 李灿森 / 蒙嘉慧 / 陈颖妍 / 张豪龙 / ,5.7
鬼请你睇戏 鬼請你睇戲,https://img3.doubanio.com/view/movie_poster_cover/lpst/public/p2354887760.jpg,钟少雄,1999-10-30, 香港,姚乐怡 / 孙佳君 / 李蕙敏 / 张文慈 / 钱嘉乐 / 汤盈盈 / 黎耀祥 / 雷宇扬 / 陈浩民 / ,5.0
古城童话,https://img3.doubanio.com/view/movie_poster_cover/lpst/public/p2219389440.jpg,张进战,1999, 中国大陆,苏可 / 张谊 / ,9.0
扬州八怪,https://img1.doubanio.com/lpic/s3075718.jpg,周康渝,, 中国大陆,刘威 / 张丰毅 / ,"
    "
法律与秩序：特殊受害者 第一季 Law & Order: Special Victims Unit Season 1 Season 1,https://img3.doubanio.com/view/movie_poster_cover/lpst/public/p2334070273.jpg,让·德·塞贡扎克,1999-09-20(美国), 美国,克里斯托弗·米洛尼 / 玛莉丝卡·哈吉塔 / 理查德·贝尔泽 / 达恩·弗洛莱克 / ,8.6
追随 Following,https://img3.doubanio.com/view/movie_poster_cover/lpst/public/p2074443514.jpg,克里斯托弗·诺兰,"1998-09-12(多伦多电影节),1999-11-05(英国)", 英国,杰里米·西奥伯德 / 亚历克斯·霍 / 露西·拉塞尔 / 约翰·诺兰 / Dick Bradsell / Gillian El-Kadi / 詹妮弗·安格 / Nicolas Carlotti / Darren Ormandy / 盖·格林威 / Tassos Stevens / Tristan Martin / 瑞贝卡·詹姆斯 / 保罗·曼森 / ,9.0
风云乱扬州,https://img3.doubanio.com/f/movie/30c6263b6db26d055cbbe73fe653e29014142ea3/pics/movie/movie_default_large.png,周康渝,, 中国大陆,刘威 / ,"
    "
牵手,https://img3.doubanio.com/view/movie_poster_cover/lpst/public/p2374835814.jpg,杨阳,, 中国大陆,吴若甫 / 俞飞鸿 / 蒋雯丽 / 高发 / 涂松岩 / 严志成 / 刘红雨 / 马文忠 / 雷瑞琴 / 何琳 / 纪雪菲 / ,7.7
情断莲花庵,https://img3.doubanio.com/f/movie/30c6263b6db26d055cbbe73fe653e29014142ea3/pics/movie/movie_default_large.png,周康渝,, 中国大陆,刘威 / 刘金山 / ,"
    "
高山上的世界杯 Phörpa,https://img3.doubanio.com/view/movie_poster_cover/lpst/public/p1066348962.jpg,宗萨钦哲仁波切,2000-04-21, Bhutan / 澳大利亚,Orgyen Tobgyal / Neten Chokling / ,8.5
赛文奥特曼 空中飞舞的大铁块 ウルトラセブン 空飛ぶ大鉄塊,https://img3.doubanio.com/lpic/s4444830.jpg,神澤信一,1999-08-05, 日本,南条弘二 / 山崎勝之 / 正岡邦夫 / 古賀亘 / 鵜川薫 / ,8.3
玻璃机构 Ajans-E Shisheh-I,https://img1.doubanio.com/view/movie_poster_cover/lpst/public/p2454157489.jpg,Ebrahim Hatamikia,1999-02-19(德国), 伊朗,Parviz Parastui / Reza Kianian / ,"
    "
郭兰英,https://img3.doubanio.com/lpic/s4220803.jpg,丁荫楠,1999年, 中国大陆,盖丽丽 / 高宝宝 / 古月 / 王铁成 / ,7.6
哥斯拉2000 ゴジラ2000ミレニアム,https://img1.doubanio.com/view/movie_poster_cover/lpst/public/p2073400499.jpg,大河原孝夫,1999-12-11, 日本,村田雄浩 / 阿部寛 / 西田尚美 / 鈴木麻由 / ,6.1
巴黎圣母院 Notre Dame de Paris,https://img3.doubanio.com/view/movie_poster_cover/lpst/public/p2329626263.jpg,Gilles Maheu,, 法国,海伦娜·赛加拉 / 加劳 / 丹尼尔·拉沃伊 / 布鲁诺·佩尔蒂埃 / 帕特里克·费欧里 / 拉克·默维尔 / ,9.3
临阵软脚 第二季 Cold Feet Season 2,https://img3.doubanio.com/view/movie_poster_cover/lpst/public/p2174757874.jpg,汤姆·霍珀,1999-09-26(英国), 英国,海伦·巴克森代尔 / 詹姆斯·内斯比特 / 赫米奥娜·诺里斯 / 约翰·汤姆森 / 罗伯特·巴瑟斯特 / 菲·雷普利 / ,8.4
开心就好,https://img3.doubanio.com/lpic/s4693976.jpg,张一白,2000-02-07, 中国大陆,刘佩琦 / 斯琴高娃 / 李亚鹏 / 朱茵 / 耿乐 / 周迅 / ,7.9
乔治·卡林：你们都有病 George Carlin: You Are All Diseased,https://img3.doubanio.com/lpic/s9109486.jpg,Rocco Urbisci,1999, 美国,,9.2
强制拦截 Interceptors,https://img1.doubanio.com/lpic/s1922399.jpg,Phillip J. Roth,1999-09-11, 美国,奥利弗·古鲁内尔 / 布拉德·道里夫 / 埃涅·赫德森 / 威廉.泽布卡 / 格伦·普拉默 / 安吉尔·鲍里斯·里德 / Mark Adair-Rios / Stefan Lysenko / Perry D'Marco / Holly Fields / Ruben Moreno / Marcus Aurelius / Joseph Patrick Kelly / 安德鲁·霍克斯 / ,"
    "
啦啦队长 But I'm a Cheerleader,https://img3.doubanio.com/view/movie_poster_cover/lpst/public/p999116684.jpg,詹米·巴比特,1999-09-12, 美国,娜塔莎·雷昂 / 克里·杜瓦尔 / Brandt Wille / ,6.4
月球漫步 A Walk on the Moon,https://img3.doubanio.com/view/movie_poster_cover/lpst/public/p1130581460.jpg,Tony Goldwyn,1999-04-02, 美国 / 澳大利亚,Diane Lane / Viggo Mortensen / ,6.5
狗男女 Go,https://img3.doubanio.com/lpic/s3963186.jpg,道格·里曼,1999-04-09, 美国,凯蒂·霍尔姆斯 / 萨拉·波莉 / 德斯蒙德·奥斯基 / 斯考特·沃夫 / ,7.2
茶是故乡浓 茶是故鄉濃,https://img3.doubanio.com/lpic/s3115514.jpg,刘仕裕,1999-11-01(香港), 香港,张可颐 / 麦包 / 杨婉仪 / 元华 / 林家栋 / ,7.8
世纪人生：董竹君传奇,https://img3.doubanio.com/view/movie_poster_cover/lpst/public/p2374838781.jpg,金继武,1999, 中国大陆,李媛媛 / 吕凉 / 田海蓉 / 薛佳凝 / 黄奕 / ,8.4
甲方乙方,https://img3.doubanio.com/view/movie_poster_cover/lpst/public/p1344140701.jpg,冯小刚,1997-12-24(中国大陆), 中国大陆,葛优 / 英达 / 何冰 / 冯小刚 / 刘蓓 / 傅彪 / 徐帆 / 杨立新 / 李琦 / 叶京 / ,8.2
美人 美しい人,https://img3.doubanio.com/lpic/s2621761.jpg,土井裕泰,1999-10-15(日本), 日本,田村正和 / 常盘贵子 / 大泽隆夫 / ,8.5
战火实录 Bravo Two Zero,https://img1.doubanio.com/lpic/s1831878.jpg,汤姆·克雷格,1999-06-15, 英国,肖恩·宾 / 斯蒂夫·尼科尔森 Steve Nicolson / ,7.2
英伦四月天 My Life So Far,https://img3.doubanio.com/view/movie_poster_cover/lpst/public/p881091543.jpg,休·赫德森,2000-08-17, 英国 / 美国,科林·费尔斯 / 罗斯玛丽·哈里斯 / 伊莲娜·雅各布 / 玛丽·伊丽莎白·马斯特兰托尼奥 / 马尔科姆·麦克道威尔 / Robert Norman / 切基·卡尤 / 凯莉·麦克唐纳 / Roddy McDonald / Daniel Baird / Jennifer Fergie / Kirstin Smith / Sean Scanlan / 约翰·贝特 / ,7.6
破轮胎,https://img3.doubanio.com/view/movie_poster_cover/lpst/public/p2372813204.jpg,黄明川 (Ming-chuan Huang),2000-04-08, 台湾,丁宁 / 杨明勳 / ,6.8
第十三个勇士 The 13th Warrior,https://img1.doubanio.com/view/movie_poster_cover/lpst/public/p1359590127.jpg,约翰·麦克蒂尔南,1999-10-28(美国), 美国,安东尼奥·班德拉斯 / Vladimir Kulich / Dennis Storhøi / ,6.8
日本黑社会 日本黒社会 LEY LINES,https://img1.doubanio.com/lpic/s7041567.jpg,三池崇史,1999-05-22, 日本,北村一辉 / 李丹 / ,6.8
铁狱魔难 Brokedown Palace,https://img3.doubanio.com/lpic/s1454015.jpg,乔纳森·卡普兰,1999-08-13, 美国,克莱尔·丹妮丝 / 凯特·贝金赛尔 / ,7.2
少女革命：思春期默示录 少女革命ウテナ アドゥレセンス黙示録,https://img3.doubanio.com/view/movie_poster_cover/lpst/public/p454086622.jpg,几原邦彦,1999-08-14, 日本,川上伦子 / 渊崎由里子 / 子安武人 / 三石琴乃 / 久川绫 / 草尾毅 / 西原久美子 / ,8.5
天雷勾动地火 Trick,https://img3.doubanio.com/lpic/s1804402.jpg,吉姆·弗尔,1999-07-23, 美国,托蕊·斯培林 / 克里斯蒂安·坎贝尔 / 约翰·保罗·波多克 / 布拉德·比耶尔 / 莱西·科尔 / 凯特·弗兰纳里 / 史蒂夫·海耶斯 / 威尔·基南 / 乔伊·德迪奥 / 罗丽·巴格莱 / Abbey Hope / Becky Caldwell / Ricky Ritzel / Lissette Gutierrez / ,7.6
娱乐之王,https://img1.doubanio.com/view/movie_poster_cover/lpst/public/p2355462847.jpg,李炳光,1999-12-03, 香港,张家辉 / 吴镇宇 / 姚乐怡 / 小雪 / 吴孟达 / 江欣燕 / 施念慈 / 李力持 / 八两金 / ,5.4
她和她的猫 彼女と彼女の猫,https://img3.doubanio.com/view/movie_poster_cover/lpst/public/p2249039182.jpg,新海诚,, 日本,新海诚 / ,8.1
唇膏 リップスティック,https://img1.doubanio.com/view/movie_poster_cover/lpst/public/p2170069337.jpg,泽田镰作,1999-04-12(日本), 日本,三上博史 / 广末凉子 / 洼冢洋介 / 池胁千鹤 / 伊藤步 / 石田壹成 / 中村爱美 / 麻生祐未 / 田中美奈子 / 吉本多香美 / ,8.7
死亡之面 Faces of Death: Fact or Fiction?,https://img3.doubanio.com/lpic/s4549683.jpg,John Alan Schwartz,1999, 美国,,"
    "
红河谷,https://img3.doubanio.com/view/movie_poster_cover/lpst/public/p2327433041.jpg,冯小宁,1999-10-01(美国), 中国大陆,宁静 / 邵兵 / 应真 / 保罗·克塞 / ,7.7
桥上的女孩 La fille sur le pont,https://img3.doubanio.com/view/movie_poster_cover/lpst/public/p2377331216.jpg,帕特利斯·勒孔特,1999-03-31, 法国,丹尼尔·奥图 / 凡妮莎·帕拉迪丝 / Frédéric Pfluger / Demetre Georgalas / ,7.9
双重危机 Double Jeopardy,https://img3.doubanio.com/view/movie_poster_cover/lpst/public/p2197181112.jpg,布鲁斯·贝尔斯福德,1999-09-21, 美国 / 德国 / 加拿大,汤米·李·琼斯 / 艾什莉·贾德 / 布鲁斯·格林伍德 / ,7.2
冰之世界 氷の世界,https://img3.doubanio.com/view/movie_poster_cover/lpst/public/p1945439640.jpg,光野道夫,1999-10-11(日本), 日本,竹野内丰 / 松岛菜菜子 / 仲村亨 / 内田有纪 / 木村多江 / 片濑那奈 / 及川光博 / 谷原章介 / ,8.1
蓝眼睛米奇 Mickey Blue Eyes,https://img1.doubanio.com/view/movie_poster_cover/lpst/public/p829557687.jpg,Kelly Makin,1999-08-17, 英国 / 美国,休·格兰特 / 詹姆斯·肯恩 / 珍妮·特里普里霍恩 / ,6.7
穿梭阴阳界 Bringing Out the Dead,https://img3.doubanio.com/view/movie_poster_cover/lpst/public/p1190490206.jpg,马丁·斯科塞斯,1999-10-22, 美国,尼古拉斯·凯奇 / 帕特丽夏·阿奎特 / 约翰·古德曼 / 文·瑞姆斯 / ,6.8
Persian Series #1,https://img1.doubanio.com/view/movie_poster_cover/lpst/public/p2389329898.jpg,斯坦·布拉哈格,, 美国,,"
    "
棕兔夫人 Bunny,https://img3.doubanio.com/lpic/s1792135.jpg,克里斯·韦奇,1998, 美国,,7.1
战争地带 The War Zone,https://img3.doubanio.com/view/movie_poster_cover/lpst/public/p908570323.jpg,蒂姆·罗斯,1999-06-11, 意大利 / 英国,雷·温斯顿 / Lara Belmont / Freddie Cunliffe / 蒂尔达·斯文顿 / ,7.5
罪恶之家 黒い家,https://img3.doubanio.com/view/movie_poster_cover/lpst/public/p673541100.jpg,森田芳光,1999-11-13(日本), 日本,内野圣阳 / 大竹忍 / ,7.3
"北野武谈北野武：神出鬼没 Cinéma de notre temps: Takeshi Kitano, l'imprévisible",https://img3.doubanio.com/lpic/s1637534.jpg,Jean-Pierre Limosin,, 法国,,7.7
屍氣逼人 尸气逼人,https://img3.doubanio.com/lpic/s3190006.jpg,林岭东,1999-10-09, 香港,尹天照 / 麦家琪 / ,5.1
新少年黄飞鸿,https://img3.doubanio.com/lpic/s3841615.jpg,,1999, 中国大陆,,6.7
甜点 Desserts,https://img3.doubanio.com/lpic/s6977916.jpg,Jeff Stark,1999-07-03, 英国,,7.7
"人性的，太人性的 Human, All Too Human",https://img3.doubanio.com/lpic/s4240494.jpg,"Simon Chu, et al",1999, 英国,,8.3
狼 Wolves,https://img3.doubanio.com/lpic/s1674192.jpg,David Douglas,1999-03-01, 美国 / 加拿大,,8.1
Pit Pony,https://img3.doubanio.com/view/movie_poster_cover/lpst/public/p2247552196.jpg,,1999, 加拿大,,"
    "
国歌,https://img3.doubanio.com/lpic/s1802342.jpg,吴子牛,1999-10-07, 中国大陆,陈坤 / 何政军 / ,6.5
新方世玉,https://img3.doubanio.com/lpic/s10319075.jpg,袁再显,1999, 新加坡 / 台湾,赵文卓 / 刘雪华 / 王惠春 / 黄仲昆 / 林湘萍 / ,6.5
Persian Series #2,https://img3.doubanio.com/view/movie_poster_cover/lpst/public/p2389330284.jpg,斯坦·布拉哈格,, 美国,,"
    "
Persian Series #3,https://img3.doubanio.com/view/movie_poster_cover/lpst/public/p2389330306.jpg,斯坦·布拉哈格,, 美国,,"
    "
一一,https://img1.doubanio.com/view/movie_poster_cover/lpst/public/p2119675128.jpg,杨德昌,"2000-05-14(戛纳电影节),2000-12-16(日本),2009-11-06(台湾)", 台湾 / 日本,吴念真 / 李凯莉 / 金燕玲 / 张洋洋 / 萧淑慎 / ,8.9
爱丽斯梦游仙境 Alice in Wonderland,https://img3.doubanio.com/lpic/s3175802.jpg,尼克·维林,1999-02-28(美国), 美国 / 英国,乌比·戈德堡 / 罗彼·考特拉尼 / 本·金斯利 / 克里斯托弗·洛伊德 / 皮特·波斯尔思韦特 / ,7.8
挑战星期天 Any Given Sunday,https://img3.doubanio.com/view/movie_poster_cover/lpst/public/p2099039441.jpg,奥利佛·斯通,1999-12-22, 美国,阿尔·帕西诺 / 卡梅隆·迪亚茨 / 丹尼斯·奎德 / 詹姆斯·伍兹 / 杰米·福克斯 / LL Cool J / 艾伦·艾克哈特 / 伊丽莎白·伯克利 / 查尔登·海斯顿 / ,7.9
缘，妙不可言,https://img3.doubanio.com/view/movie_poster_cover/lpst/public/p2181455500.jpg,曹建南,1999-05-13(中国大陆), 中国大陆 / 香港,吴奇隆 / 赵薇 / 何润东 / ,5.3
"我不想回家 Adieu, plancher des vaches!",https://img3.doubanio.com/lpic/s1794022.jpg,奥塔·伊奥谢利阿尼,1999-11-12, 法国 / 意大利 / 瑞士,Nico Tarielashvili / Lily Lavina / 菲力普·巴斯 / ,8.1
落在香杉树的雪花 Snow Falling on Cedars,https://img3.doubanio.com/view/movie_poster_cover/lpst/public/p2388014131.jpg,斯科特·希克斯,1999-09-12(美国), 美国,伊桑·霍克 / 工藤夕贵 / 铃木杏 / 尹成植 / 马克斯·冯·叙多 / 詹姆斯·克伦威尔 / 詹姆斯·瑞布霍恩 / 利夫·卡内 / 理查德·詹金斯 / 阿里加·巴利吉斯 / 艾瑞克·泰尔 / 西利亚·维斯顿 / ,7.4
食神,https://img1.doubanio.com/lpic/s4019519.jpg,梁德华,, 香港,郑则仕 / 林心如 / 梁小冰 / 陈国邦 / 商天娥 / 陈志朋 / 徐锦江 / ,6.8
莫莉的世界 Molly,https://img1.doubanio.com/lpic/s1501847.jpg,约翰·杜根,1999-08-16, 美国,伊丽莎白·苏 / 艾伦·艾克哈特 / 吉尔·亨内斯 / 托马斯·简 / ,7.3
克里斯脱口秀之更大更嘿 Chris Rock: Bigger & Blacker,https://img1.doubanio.com/view/movie_poster_cover/lpst/public/p2164050498.jpg,Keith Truesdell,1999, 美国,,8.2
日本第一男人之魂 日本一の男の魂,https://img3.doubanio.com/lpic/s4535580.jpg,吉田啓良,1999-01-05(日本), 日本,有馬克明 / 一条和矢 / 矢部雅史 / 加瀬田進 / ,9.0
荒凉幻境 大いなる幻影,https://img1.doubanio.com/view/movie_poster_cover/lpst/public/p930299928.jpg,黑泽清,1999-12-11(日本), 日本,武田真治 / 唯野未步子 / 安井豊 Yutaka Yasui / 松本正道 / 稲見一茂 / 億田明子 / 青山真治 / ,7.0
最后的九月 The Last September,https://img3.doubanio.com/lpic/s1879070.jpg,Deborah Warner,1999-09-17, 法国 / 英国 / 爱尔兰,Michael Gambon / Tom Hickey / Keeley Hawes / ,7.3
地球边缘之旅 第一季 Journeys to the Ends of the Earth Season 1,https://img3.doubanio.com/f/movie/03d3c900d2a79a15dc1295154d5293a2d5ebd792/pics/movie/tv_default_large.png,David Adams,1999, 澳大利亚,,"
    "
人熊传奇 Grizzly Falls,https://img3.doubanio.com/view/movie_poster_cover/lpst/public/p2324358764.jpg,Stewart Raffill,1999-08-13, 英国 / 加拿大 / 美国,Bryan Brown / Oliver Tobias / ,8.0
摩罗神 Молох,https://img3.doubanio.com/view/movie_poster_cover/lpst/public/p2336679494.jpg,亚历山大·索科洛夫,1999-10-13, 法国 / 德国 / 意大利 / 俄罗斯 / 日本,耶莲娜·鲁法诺娃 / Leonid Mozgovoy / ,7.5
魔术师西蒙的爱情 Simon mágus,https://img3.doubanio.com/lpic/s5566776.jpg,伊尔蒂科·茵叶蒂,1999-10-21, 匈牙利 / 法国,Péter Andorai / 朱莉·德拉姆 / ,6.8
将军的女儿 The General's Daughter,https://img3.doubanio.com/view/movie_poster_cover/lpst/public/p2188396091.jpg,西蒙·韦斯特,1999-06-18, 美国 / 德国,约翰·特拉沃尔塔 / 玛德琳·斯托 / 詹姆斯·克伦威尔 / 詹姆斯·伍兹 / ,7.2
开国领袖毛泽东,https://img3.doubanio.com/view/movie_poster_cover/lpst/public/p2293895571.jpg,杨光远,, 中国大陆,唐国强 / 刘劲 / ,5.9
遗失的世界 The Lost World,https://img3.doubanio.com/view/movie_poster_cover/lpst/public/p2183434145.jpg,理查德·富兰克林,1999-04-03, 美国,彼得·麦考利 / 威廉·德芙里 / ,8.4
圣殿山 黑色城市,https://img3.doubanio.com/view/movie_poster_cover/lpst/public/p2030573443.jpg,林万掌,, 台湾,甄子丹 / 邹兆龙 / 周比利 / 江洋 / 曾超 / 左孝虎 / 张宗贵 / 金玛莉 / 陆一龙 / ,5.6
迫切的任务 True Crime,https://img3.doubanio.com/view/movie_poster_cover/lpst/public/p2179535750.jpg,克林特·伊斯特伍德,1999-03-19, 美国,克林特·伊斯特伍德 / 艾赛亚·华盛顿 / 丽莎·盖伊·汉密尔顿 / 詹姆斯·伍兹 / 丹尼斯·利瑞 / ,7.2
苏园六纪,https://img3.doubanio.com/lpic/s2760252.jpg,刘郎,1999, 中国大陆,,8.4
危险性游戏 Cruel Intentions,https://img3.doubanio.com/view/movie_poster_cover/lpst/public/p1844650816.jpg,罗杰·昆宝,1999-03-05, 美国,莎拉·米歇尔·盖拉 / 瑞恩·菲利普 / 瑞茜·威瑟斯彭 / 塞尔玛·布莱尔 / ,6.5
火与剑 Ogniem i mieczem,https://img3.doubanio.com/view/movie_poster_cover/lpst/public/p569171560.jpg,泽西 霍夫曼 (Jerzy Hoffman),1999-11-02, 波兰,Izabella Scorupco / Michal Zebrowski / ,8.2
"生活，秋天 Zhizn, osin",https://img3.doubanio.com/lpic/s3359772.jpg,Sergey Loznitsa,, 俄罗斯 / 德国,,8.4
伏罗希洛夫射手 Ворошиловский стрелок,https://img1.doubanio.com/lpic/s3975079.jpg,斯坦尼斯拉夫·戈沃鲁辛,1999, 俄罗斯,米哈伊尔·乌里扬诺夫 / Anna Sinyakina / Aleksandr Porokhovshchikov / 谢尔盖·加尔马什 / Irina Rozanova / 马拉特·巴沙罗夫 / Aleksey Makarov / Ilya Drevnov / 福拉迪斯拉夫·加尔金 / Vladimir Semago / Vyacheslav Golodnov / 格奥尔基·玛尔季罗西扬 / ,7.9
生死谍变 쉬리,https://img3.doubanio.com/view/movie_poster_cover/lpst/public/p782968603.jpg,姜帝圭,1999-02-13, 韩国,韩石圭 / 崔岷植 / 宋康昊 / 金允珍 / 黄政民 / 张铉诚 / 金秀路 / 朴勇宇 / 李钟赫 / 林炯俊 / 李胜欣 / ,7.3
南方公园  第三季 South Park Season 3,https://img3.doubanio.com/view/movie_poster_cover/lpst/public/p2172276206.jpg,崔·帕克,1999-04-07(美国), 美国,崔·帕克 / ,9.4
薄荷的滋味 Peppermint,https://img3.doubanio.com/lpic/s1436233.jpg,Costas Kapakas,1999-11-18, 希腊 / Bulgaria,Georges Corraface / Giorgos Gerontidakis-Sempetadelis / ,7.6
武则天 唐朝禁宫秘史,https://img3.doubanio.com/lpic/s11317294.jpg,杨权,1999-12-9, 香港,宫雪花 / 杨梵 / ,4.3
女人的天空,https://img3.doubanio.com/view/movie_poster_cover/lpst/public/p2185505822.jpg,吴天戈,1999-02-22(中国大陆), 中国大陆,巫刚 / 吴玉芳 / 高蓓蓓 / 谢润 / 孙思瀚 / ,7.6
超时空宠爱 Blast from the Past,https://img3.doubanio.com/view/movie_poster_cover/lpst/public/p2173510495.jpg,休·威尔逊,1999-01-27, 美国,布兰登·费舍 / 艾丽西亚·希尔维斯通 / 克里斯托弗·沃肯 / 茜茜·斯派塞克 / ,7.6
惊爆银河系 Galaxy Quest,https://img3.doubanio.com/view/movie_poster_cover/lpst/public/p1929128940.jpg,迪恩·帕里索特,1999-12-23, 美国,山姆·洛克威尔 / 蒂姆·艾伦 / 西格妮·韦弗 / 艾伦·瑞克曼 / ,7.8
变形金刚：猛兽侠 Beast Machines: Transformers,https://img3.doubanio.com/lpic/s2582673.jpg,Greg Donis,1999-09-18, 加拿大,Jim Byrnes / Gary Chalk / ,8.4
宠物情缘 寵物情緣,https://img1.doubanio.com/view/movie_poster_cover/lpst/public/p2347489148.jpg,郑基成,1999-02-01(香港), 香港,古天乐 / 宣萱 / 郑秀文 / 李珊珊 / 马德钟 / 林晓峰 / 杨千嬅 / ,7.3
危险放课后 あぶない放課後,https://img3.doubanio.com/lpic/s3237220.jpg,杉山登,1999-04-12, 日本,二宫和也 / 涉谷昴 / 加藤爱 / ,7.3
英国水手 The Limey,https://img1.doubanio.com/lpic/s3639759.jpg,史蒂文 索达伯格 (Steven Soderbergh),2000-04-26, 美国,,6.8
水手狂想曲 Matroos,https://img3.doubanio.com/view/movie_poster_cover/lpst/public/p2079410992.jpg,巴沃·德弗恩,1999-07-10, 比利时,Joram Schurmans / Tom de With / ,6.7
月吟 月光の囁き,https://img3.doubanio.com/view/movie_poster_cover/lpst/public/p672246475.jpg,盐田明彦,1999-12-10, 日本,草野康太 / 井上晴美 / 水桥研二 / 藤村千佳 / ,7.4
窗 Windows,https://img1.doubanio.com/lpic/s4425987.jpg,阿彼察邦·韦拉斯哈古,1999, 泰国,,"
    "
落跑新娘 Runaway Bride,https://img3.doubanio.com/view/movie_poster_cover/lpst/public/p1080986896.jpg,盖瑞·马歇尔,1999-07-30, 美国,朱莉娅·罗伯茨 / 理查·基尔 / 琼·库萨克 / ,6.8
遥远星际  第一季 Farscape Season 1,https://img1.doubanio.com/lpic/s6949168.jpg,Andrew Prowse,1999-03-19, 美国 / 澳大利亚,Ben Browder / Claudia Black / ,"
    "
伟哥也疯狂,https://img3.doubanio.com/f/movie/30c6263b6db26d055cbbe73fe653e29014142ea3/pics/movie/movie_default_large.png,刘俊辉,, 香港,雷宇扬 / 韩小冰 / 韩永年 / ,"
    "
安娜与国王 Anna and the King,https://img3.doubanio.com/view/movie_poster_cover/lpst/public/p2191675270.jpg,安迪·坦纳特,1999-12-17, 美国,朱迪·福斯特 / 周润发 / 白灵 / 汤姆·费尔顿 / ,6.7
太空异种 The Astronaut's Wife,https://img1.doubanio.com/view/movie_poster_cover/lpst/public/p1550495769.jpg,兰德·拉维奇,1999-08-27, 美国,约翰尼·德普 / 查理兹·塞隆 / 乔·莫顿 / 克里·杜瓦尔 / ,6.3
王牌大贱谍2 Austin Powers: The Spy Who Shagged Me,https://img1.doubanio.com/view/movie_poster_cover/lpst/public/p2212659407.jpg,杰伊·罗奇,1999-06-11, 美国,麦克·梅尔斯 / 海瑟·格拉汉姆 / 麦克尔·约克 / 蒂姆·罗宾斯 / 威尔·法瑞尔 / ,6.3
我的1919,https://img1.doubanio.com/lpic/s1325518.jpg,黄健中,1999-09-16, 中国大陆,陈道明 / 何政军 / 修宗迪 / ,8.0
天使的孩子 Angela's Ashes,https://img3.doubanio.com/view/movie_poster_cover/lpst/public/p1927311834.jpg,艾伦·帕克,2000-01-14, 美国 / 爱尔兰,艾米丽·沃森 / 罗伯特·卡莱尔 / 迈克尔·莱格 / Ciaran Owens / ,8.2
好孩子,https://img3.doubanio.com/view/movie_poster_cover/lpst/public/p2428627392.jpg,张国立,"1999-07-03(中国大陆),1999-07-17(香港)", 中国大陆,吴奇隆 / 徐若瑄 / 萧颖 / 曲亮鹏 / ,6.5
笨贼妙探 Blue Streak,https://img3.doubanio.com/view/movie_poster_cover/lpst/public/p1898841633.jpg,莱斯·梅菲尔德,1999-11-18, 美国 / 德国,马丁·劳伦斯 / 卢克·威尔逊 / 威廉·弗西斯 / ,7.5
暗恋 to Heart 恋して死にたい,https://img1.doubanio.com/view/movie_poster_cover/lpst/public/p2152485857.jpg,松原浩,1999-07-02(日本), 日本,堂本刚 / 深田恭子 / 原沙知绘 / 冈田浩晖 / 阿部隆史 / 赤井英和 / 和畦地令子 / 吉泽悠 / 松尾政寿 / ,8.1
鉴证实录2 鑑證實錄Ⅱ,https://img3.doubanio.com/view/movie_poster_cover/lpst/public/p2374272380.jpg,潘嘉德,1999-01-04(香港), 香港,林保怡 / 陈慧珊 / 李珊珊 / 蔡子健 / 陈美琪 / 李国麟 / 钟丽淇 / 海俊杰 / 陈采岚 / 鲁文杰 / ,8.2
猛鬼屋 House on Haunted Hill,https://img3.doubanio.com/view/movie_poster_cover/lpst/public/p1759473070.jpg,William Malone,1999-10-29, 美国,杰弗里·拉什 / 法米克·詹森 / 泰雅·迪格斯 / 彼得·盖勒 / 克里斯·卡坦 / ,6.5
特警新人类,https://img3.doubanio.com/view/movie_poster_cover/lpst/public/p2028321944.jpg,陈木胜,1999-06-18, 香港,谢霆锋 / 冯德伦 / 李灿森 / 吴彦祖 / 叶佩雯 / 仲村亨 / 吴镇宇 / 林家栋 / 尹子维 / 曾志伟 / ,6.3
闲人马大姐,https://img1.doubanio.com/view/movie_poster_cover/lpst/public/p2375046407.jpg,英达,2000-08-01(中国大陆), 中国大陆,蔡明 / 李建华 / 虞梦 / 吕小品 / 刘金山 / 金雅琴 / 金昭 / 马羚 / ,7.2
弦动我心 Music of the Heart,https://img3.doubanio.com/view/movie_poster_cover/lpst/public/p853056334.jpg,韦斯·克雷文,1999-10-29, 美国,梅丽尔·斯特里普 / 克劳斯·利特曼 / 安吉拉·贝塞特 / 艾丹·奎因 / ,8.0
莲花童子哪吒,https://img1.doubanio.com/view/movie_poster_cover/lpst/public/p1914166818.jpg,叶成康,1999, 中国大陆,曹骏 / 成建辉 / 薛素珊 / 翁清海 / 陈天文 / 何咏芳 / 丁岚 / 李海杰 / 罗海琼 / 利永锡 / 陆丁裕 / 史济华 / 陈茂林 / 黄甜 / 张志超 / 程建勋 / 周景春 / ,6.7
欢乐一家亲 第七季 Frasier Season 7,https://img3.doubanio.com/view/movie_poster_cover/lpst/public/p2389186776.jpg,,1999-09-23, 美国,凯尔希·格兰莫 Kelsey Grammer / 大卫·海德·皮尔斯 / 大卫·海德·皮尔斯 David Hyde Pierce / 佩里·吉普林 Peri Gilpin / ,9.6
宝拉X Pola X,https://img3.doubanio.com/view/movie_poster_cover/lpst/public/p2386392742.jpg,莱奥·卡拉克斯,1999-05-12, 法国 / 瑞士 / 德国 / 日本,吉约姆·德帕迪约 / 叶卡捷琳娜·戈卢别娃 / 凯瑟琳·德纳芙 / 德芙妮·楚里奥特 / 劳伦特·卢卡斯 / Patachou / 沙鲁纳斯·巴塔斯 / ,7.2
千禧金瓶梅,https://img1.doubanio.com/view/movie_poster_cover/lpst/public/p2396926758.jpg,叶天行,, 香港,顾冠忠 / 王书麒 / 周家如 / 山田祥代 / 姜皓文 / 大崎成美 / 八两金 / 郭维达 / ,"
    "
漂亮妈妈,https://img3.doubanio.com/view/movie_poster_cover/lpst/public/p1330477780.jpg,孙周,2000-02-13(柏林电影节), 中国大陆,巩俐 / 施京明 / 吕丽萍 / 雷恪生 / 林清 / 高鑫 / ,7.2
拾下拾下,https://img3.doubanio.com/view/movie_poster_cover/lpst/public/p2359001422.jpg,黄子华,, 香港,,9.6
黑马王子 黑馬王子,https://img1.doubanio.com/lpic/s1455169.jpg,王晶,1999-04-01, 香港,刘德华 / 张家辉 / 李嘉欣 / 关秀媚 / 叶德娴 / 于荣光 / ,6.0
化骨龙与千年虫,https://img1.doubanio.com/view/movie_poster_cover/lpst/public/p526684887.jpg,张敏,1999, 香港,张家辉 / 李修贤 / 罗兰 / 张瑞哲 / 李耀明 / 陈思颖 / ,5.7
魔掌 Idle Hands,https://img3.doubanio.com/view/movie_poster_cover/lpst/public/p2314023362.jpg,罗德曼·弗伦德,1999-04-30, 美国,薇薇卡·福克斯 / 杰西卡·阿尔芭 / 埃尔登·汉森 / 戴文·萨瓦 / ,6.8
怒犯天条 Dogma,https://img3.doubanio.com/view/movie_poster_cover/lpst/public/p972421503.jpg,凯文·史密斯,2000-04-06(美国), 美国,巴德·库特 / Barret Hackney / Jared Pfennigwerth / Kitao Sakurai / 乔治·卡林 / 布莱恩·奥哈罗兰 / Betty Aberlin / 马特·达蒙 / 本·阿弗莱克 / Dan Etheridge / 琳达·费奥伦蒂诺 / Derek Milosavljevic / Lesley Braden / Marie Elena O'Brien / 詹尼安·吉劳法罗 / 杰森·缪斯 / ,7.1
哈啦猛男秀 Deuce Bigalow: Male Gigolo,https://img3.doubanio.com/view/movie_poster_cover/lpst/public/p861564764.jpg,迈克·米歇尔,2000-03-30(美国), 美国,罗伯·施奈德 / 阿里加·巴利吉斯 / ,6.7
全职猎人 Hunter x Hunter,https://img3.doubanio.com/view/movie_poster_cover/lpst/public/p2158657076.jpg,古桥一浩,1999-10-16(日本), 日本,竹内顺子 / 甲斐田雪 / 三桥加奈子 / 高桥广树 / 永野善一 / ,9.3
破晓之时 When the Day Breaks,https://img3.doubanio.com/view/movie_poster_cover/lpst/public/p1394966411.jpg,阿曼达·福比斯,1999-09-05, 加拿大,,8.0
犯罪分子,https://img3.doubanio.com/view/movie_poster_cover/lpst/public/p2304923986.jpg,程耳,, 中国大陆,徐峥 / ,8.4
战地恶魔 Ravenous,https://img3.doubanio.com/view/movie_poster_cover/lpst/public/p1527415546.jpg,安东尼娅·博德,1999-03-19, 捷克 / 英国 / 美国,盖·皮尔斯 / 罗伯特·卡莱尔 / 大卫·阿奎特 / ,7.0
70年代秀 第二季 That '70s Show Season 2,https://img3.doubanio.com/lpic/s4701942.jpg,,1999-09-28(美国), 美国,托弗·戈瑞斯 / 米拉·库尼斯 / 阿什顿·库彻 / 丹尼·马斯特森 / 劳拉·普莱潘 / 维尔摩·瓦尔德拉玛 / 黛布拉·乔·拉普 / 柯特伍德·史密斯 / 坦娅·罗伯茨 / 唐·斯达克 / 丽萨·罗宾·凯莉 / ,9.1
八毫米 8MM,https://img3.doubanio.com/view/movie_poster_cover/lpst/public/p1088311945.jpg,乔·舒马赫,1999-02-26, 美国 / 德国,尼古拉斯·凯奇 / 杰昆·菲尼克斯 / 詹姆斯·甘多菲尼 / 彼得·斯特曼 / ,7.3
天堂的颜色 رنگ از بهشت,https://img3.doubanio.com/view/movie_poster_cover/lpst/public/p1484017510.jpg,马基德·马基迪,1999-02-08(伊朗), 伊朗,侯赛因·马哈古 / Mohsen Ramezani / ,8.7
中国西部刑侦大案纪实,https://img3.doubanio.com/view/movie_poster_cover/lpst/public/p2099927072.jpg,,, 中国大陆,,8.4
天上人间,https://img3.doubanio.com/view/movie_poster_cover/lpst/public/p797825396.jpg,余力为,1999-11-22, 香港,梁家辉 / 吕丽萍 / ,6.2
乾隆痛失郑板桥,https://img3.doubanio.com/f/movie/30c6263b6db26d055cbbe73fe653e29014142ea3/pics/movie/movie_default_large.png,周康渝,, 中国大陆,刘威 / ,"
    "
军中禁恋 Beau travail,https://img3.doubanio.com/view/movie_poster_cover/lpst/public/p1968014422.jpg,克莱尔·德尼,1999-09-04, 法国,德尼·拉旺 / 米歇尔·索博 / ,6.8
小武,https://img3.doubanio.com/view/movie_poster_cover/lpst/public/p1910910793.jpg,贾樟柯,1998-02-18(柏林电影节), 香港 / 中国大陆,王宏伟 / 郝鸿建 / ,8.3
69两头勾 เรื่องตลก 69,https://img3.doubanio.com/view/movie_poster_cover/lpst/public/p2393292194.jpg,彭力·云旦拿域安,2000-04-15, 泰国,Lalita Panyopas / Sirisin Siripornsmathikul / ,7.6
乐士浮生录 Buena Vista Social Club,https://img3.doubanio.com/view/movie_poster_cover/lpst/public/p1910914594.jpg,维姆·文德斯,1999-05-07, 德国 / 美国 / 英国 / 法国 / 古巴,Compay Segundo / Eliades Ochoa / ,9.1
白痴,https://img3.doubanio.com/view/movie_poster_cover/lpst/public/p1328593054.jpg,手塚真,1999-11-13, 日本,浅野忠信 / 桥本丽香 / 甲田益也子 / ,8.2
飙风战警 Wild Wild West,https://img3.doubanio.com/view/movie_poster_cover/lpst/public/p828394313.jpg,巴里·索南菲尔德,1999-06-30, 美国,威尔·史密斯 / 凯文·克莱恩 / 萨尔玛·海耶克 / 肯尼思·布拉纳 / ,6.7
富贵浮云 Aristocrats,https://img3.doubanio.com/view/movie_poster_cover/lpst/public/p1102752913.jpg,大卫·卡弗里,1999-06-20(英国), 英国,Serena Gordon / 杰拉丁·萨莫维尔 / 艾伦·阿姆斯特朗 / ,8.2
一年又一年,https://img3.doubanio.com/view/movie_poster_cover/lpst/public/p2374797654.jpg,安战军,1999, 中国大陆,许亚军 / 原华 / 刘威 / 刘莉莉 / 何琳 / 刘希媛 / ,8.9
本能反应 Instinct,https://img3.doubanio.com/view/movie_poster_cover/lpst/public/p643390045.jpg,乔·德特杜巴,1999-06-04, 美国,安东尼·霍普金斯 / 小库珀·古丁 / ,8.1
刑警本色,https://img3.doubanio.com/view/movie_poster_cover/lpst/public/p2375022622.jpg,张建栋,1999, 中国大陆,王志文 / 李幼斌 / 常戎 / 李煜 / 段奕宏 / 刘威 / 王奎荣 / 杨子骅 / 李晨 / 侯传杲 / 石兆琪 / ,8.3
史前巨鳄 Lake Placid,https://img1.doubanio.com/view/movie_poster_cover/lpst/public/p2387041328.jpg,史蒂夫·迈纳,1999-07-15, 美国,比尔·普尔曼 / 布里吉特·芳达 / 奥利弗·普莱特 / 布莱丹·格里森 / ,5.8
白发魔女,https://img3.doubanio.com/view/movie_poster_cover/lpst/public/p2375000270.jpg,张孝正,1999, 中国大陆,张智霖 / 蒋勤勤 / 陈俊生 / 于佳卉 / 林芳兵 / 顾宝明 / 张恒 / ,7.0
圣女贞德 Jeanne d'Arc,https://img3.doubanio.com/view/movie_poster_cover/lpst/public/p1058781210.jpg,吕克·贝松,1999-10-27, 法国,米拉·乔沃维奇 / 达斯汀·霍夫曼 / 费·唐纳薇 / 约翰·马尔科维奇 / 文森特·卡索 / 帕斯卡·格里高利 / 安德鲁·伯金 / 罗伯特·甘特 / 切基·卡尤 / John Frederick / ,7.4
古惑仔激情篇之洪兴大飞哥 古惑仔激情篇洪興大飛哥,https://img3.doubanio.com/view/movie_poster_cover/lpst/public/p2237662296.jpg,梁宏发,1999-12-10, 香港,黄秋生 / 麦家琪 / 黎骏 / 林子善 / 刘钧仪 / 赵丽贻 / ,6.3
纵横四海 縱橫四海,https://img3.doubanio.com/lpic/s2731732.jpg,王晶,1999-03(香港), 香港,陶大宇 / 杨恭如 / 周海媚 / 谭耀文 / 叶德娴 / 鲍起静 / 田蕊妮 / 张文慈 / 文颂娴 / 郭金 / 陈启泰 / 欧锦棠 / 罗家英 / 石修 / 王薇 / 谢雪心 / ,7.9
月亮上的男人 Man on the Moon,https://img3.doubanio.com/view/movie_poster_cover/lpst/public/p1950529895.jpg,米洛斯·福尔曼,1999-12-22, 英国 / 德国 / 日本 / 美国,金·凯瑞 / 格里·贝克尔 / Greyson Erik Pendry / 丹尼·德维托 / 保罗·吉亚玛提 / ,7.8
小魔女蒙娜 第一季 Mona the Vampire Season 1,https://img3.doubanio.com/lpic/s3356603.jpg,Louis Piché,1999-10-18(加拿大), 加拿大,,8.0
深海狂鲨 Deep Blue Sea,https://img3.doubanio.com/view/movie_poster_cover/lpst/public/p1261726436.jpg,雷尼·哈林,1999-07-28, 美国 / 澳大利亚,托马斯·简 / 萨弗蓉·布罗斯 / 塞缪尔·杰克逊 / 杰奎琳·麦根斯 / 迈克尔·拉帕波特 / 斯特兰·斯卡斯加德 / LL Cool J / 艾达·特托罗 / Cristos / Daniel Rey / 维勒特·罗德里格斯 / Brent Roam / 伊尔·波戴尔 / 爱瑞恩·巴莱特 / ,7.1
"追忆似水年华 Le temps retrouvé, d'après l'oeuvre de Marcel Proust",https://img3.doubanio.com/lpic/s1794021.jpg,拉乌·鲁兹,1999-05-19, 法国 / 意大利 / 葡萄牙,艾曼纽·贝阿 / 凯瑟琳·德纳芙 / 约翰·马尔科维奇 / 文森特·佩雷斯 / ,7.5
飓风 The Hurricane,https://img3.doubanio.com/view/movie_poster_cover/lpst/public/p2248569115.jpg,诺曼·杰威森,1999-12-14(美国), 美国,丹泽尔·华盛顿 / 维斯勒·里昂·夏农 / 黛博拉·卡拉·安格 / 列维·施瑞博尔 / ,8.5
数码宝贝：滚球兽的诞生 デジモンアドベンチャー,https://img3.doubanio.com/view/movie_poster_cover/lpst/public/p2282582530.jpg,细田守,1999-03-06(美国), 日本 / 日本,藤田淑子 / 荒木香惠 / ,8.9
龙在边缘,https://img3.doubanio.com/view/movie_poster_cover/lpst/public/p1630232391.jpg,霍耀良,1999-10-15(香港), 香港,刘德华 / 古天乐 / 谭耀文 / 关秀媚 / 黄秋生 / 刘锡贤 / 鲍起静 / 尹天照 / ,6.8
荆轲刺秦王,https://img3.doubanio.com/view/movie_poster_cover/lpst/public/p1322847821.jpg,陈凯歌,1999-08-06(中国大陆), 中国大陆 / 日本 / 法国,张丰毅 / 李雪健 / 巩俐 / 王志文 / 孙周 / 陈凯歌 / 潘长江 / 赵本山 / 丁海峰 / ,7.5
绅士刑警3 警部補古畑任三郎 3rd season,https://img3.doubanio.com/view/movie_poster_cover/lpst/public/p2388425632.jpg,河野圭太,1999-04-13(日本), 日本,田村正和 / 西村雅彦 / 石井正则 / 小林隆 / 伊藤俊人 / 市川染五郎 / 真田广之 / 松村达雄 / 大地真央 / 津川雅彦 / 田中美佐子 / 福山雅治 / 玉置浩二 / 江口洋介 / 市村正亲 / ,9.3
第九道门 The Ninth Gate,https://img3.doubanio.com/view/movie_poster_cover/lpst/public/p1407499325.jpg,罗曼·波兰斯基,1999-08-25, 法国 / 西班牙 / 美国,约翰尼·德普 / 弗兰克·兰格拉 / 莉娜·奥琳 / 艾玛纽尔·塞尼耶 / 芭芭拉·杰夫德 / 杰克·泰勒 / José López Rodero / Tony Amoni / 詹姆斯·拉索 / Willy Holt / 艾伦·加菲尔德 / Jacques Dacqmine / Joe Sheridan / Rebecca Pauly / ,7.2
英版同志亦凡人 第一季 Queer as Folk Season 1,https://img3.doubanio.com/lpic/s1990436.jpg,莎拉·哈丁,1999-02-23(英国), 英国,艾丹·吉伦 / 克雷格·凯利 / ,8.9
老大靠边闪 Analyze This,https://img3.doubanio.com/view/movie_poster_cover/lpst/public/p1484311735.jpg,哈罗德·雷米斯,1999-03-05, 美国 / 澳大利亚,罗伯特·德尼罗 / 比利·克里斯托 / 丽莎·库卓 / 查兹·帕尔明特瑞 / ,7.3
黑道家族 第一季 The Sopranos Season 1,https://img3.doubanio.com/view/movie_poster_cover/lpst/public/p2378355085.jpg,大卫·切斯,1999-01-10(美国), 美国,James Gandolfini / Lorraine Bracco / ,8.7
白线流：二十岁的风 白線流し～二十歳の風,https://img1.doubanio.com/lpic/s2171057.jpg,岩本仁志 ,1999-01-15, 日本,长濑智也 / 酒井美纪 / 京野琴美 / ,8.6
催眠,https://img1.doubanio.com/view/movie_poster_cover/lpst/public/p1378831467.jpg,落合正幸,1999-06-05(日本), 日本,稻垣吾郎 / 菅野美穗 / 升毅 / 宇津井健 / 渡辺由紀 / ,7.2
美丽新世界,https://img1.doubanio.com/lpic/s1978339.jpg,施润玖,1999-11-19, 中国大陆 / 台湾,陶虹 / 姜武 / 陈宁 / 任贤齐 / ,7.5
仓鼠管家 おるちゅばんエビちゅ,https://img3.doubanio.com/view/movie_poster_cover/lpst/public/p2199276156.jpg,森脇まこと,1999-08-01(日本), 日本,三石琴乃 / 富泽美智惠 / ,8.6
五月碧云天 Mayıs Sıkıntısı,https://img3.doubanio.com/view/movie_poster_cover/lpst/public/p1727722473.jpg,努里·比格·锡兰,1999-12-10, 土耳其,伊敏·托普拉克 / 穆扎菲·奥德默 / ,8.4
喜马拉雅 Himalaya - l'enfance d'un chef,https://img3.doubanio.com/view/movie_poster_cover/lpst/public/p2238295864.jpg,埃里克·瓦力,1999-12-15(法国), 法国 / 瑞士 / 英国 / 尼泊尔,Thilen Lhondup / Gurgon Kyap / Lhakpa Tsamchoe / Karma Wangel / Karma Tensing / Labrang Tundup / Jampa Kalsang Tamang / Tsering Dorjee / Rapke Gurung / Pemba Bika / Karma Chhewang / Tenzen Charka / Yangzom / Gyalsen Gurung / Phuti Bika / Sangmo Gurung / ,8.6
日出城市 태양은 없다,https://img1.doubanio.com/view/movie_poster_cover/lpst/public/p2182834259.jpg,金成洙,1999-01-01(韩国), 韩国,郑雨盛 / 李政宰 / 韩高恩 / 李凡秀 / 金英浩 / ,7.7
南方公园 South Park: Bigger Longer & Uncut,https://img3.doubanio.com/view/movie_poster_cover/lpst/public/p1852116626.jpg,崔·帕克,1999-06-30, 美国,崔·帕克 / 马特·斯通 / 玛丽·凯·伯格曼 / 艾萨克·海耶斯 / 乔治·克鲁尼 / ,8.5
白宫风云 第一季 The West Wing Season 1,https://img3.doubanio.com/view/movie_poster_cover/lpst/public/p2360729972.jpg,托马斯·施拉梅,1999-09-22, 美国,马丁·辛 / 艾莉森·珍妮 / 布莱德利·惠特福德 / 理查德·希夫 / 约翰·斯宾塞 / 简·默勒尼 / 杜勒·希尔 / ,9.1
横空出世,https://img3.doubanio.com/view/movie_poster_cover/lpst/public/p672536444.jpg,陈国星,1999-12-12(中国大陆), 中国大陆,李雪健 / 李幼斌 / 高明 / 陈瑾 / ,8.2
紧急迫降,https://img3.doubanio.com/view/movie_poster_cover/lpst/public/p2218414892.jpg,张建亚,2000, 中国,邵兵 / 尤勇 / 徐帆 / 池华琼 / 张康尔 / 魏宗万 / 丁嘉元 / ,6.2
黄河绝恋,https://img3.doubanio.com/view/movie_poster_cover/lpst/public/p2364345603.jpg,冯小宁,1999-09-29(匈牙利), 中国,宁静 / 保罗·克塞 / 王新军 / 涂门 / ,7.5
雪山飞狐,https://img3.doubanio.com/view/movie_poster_cover/lpst/public/p2373067850.jpg,李添胜,1999-01-18, 香港,黄日华 / 陈锦鸿 / 邵美琪 / 佘诗曼 / 滕丽名 / 尹扬明 / 张兆辉 / 廖启智 / ,6.7
屋事生非 第一季 Spaced Season 1,https://img1.doubanio.com/lpic/s3262728.jpg,埃德加·赖特,1999-09-24(英国), 英国,西蒙·佩吉 / 杰西卡·海因斯 / ,8.7
鬼狗杀手 Ghost Dog: The Way of the Samurai,https://img3.doubanio.com/view/movie_poster_cover/lpst/public/p2206916681.jpg,吉姆·贾木许,1999-10-06, 法国 / 德国 / 美国 / 日本,福里斯特·惠特克 / 约翰·托尔梅 / Cliff Gorman / 翠西亚·维西 / 理查德·波特诺 / ,7.5
人龙传说,https://img3.doubanio.com/view/movie_poster_cover/lpst/public/p2214650585.jpg,朱镜祺,1999-09-13, 中国香港,陈浩民 / 袁洁莹 / 张燊悦 / 钱嘉乐 / 刘家辉 / 邵传勇 / 罗乐林 / 元华 / 谢天华 / ,7.1
魔卡少女樱 剧场版 カードキャプターさくら 劇場版,https://img3.doubanio.com/view/movie_poster_cover/lpst/public/p2181383161.jpg,浅香守生,"1999-08-21(日本),2017-01-21(日本重映)", 日本,丹下樱 / 熊井统子 / 岩男润子 / 久川绫 / 绪方惠美 / 野上尤加奈 / ,8.2
金玉满堂 金玉滿堂,https://img1.doubanio.com/view/movie_poster_cover/lpst/public/p2373065207.jpg,庄伟建,1999, 香港,欧阳震华 / 陈松伶 / 郭晋安 / ,7.1
过年回家,https://img3.doubanio.com/view/movie_poster_cover/lpst/public/p452555131.jpg,张元,2000-05-11, 中国 / 意大利,李冰冰 / 李野萍 / 梁松 / 刘琳 / ,7.2
拽妹黛薇儿 第三季 Daria Season 3,https://img1.doubanio.com/view/movie_poster_cover/lpst/public/p2260228667.jpg,Karen Disher,1999-02-17(美国), 美国,Tracy Grandstaff / 温迪胡普斯 / ,9.4
上班一条虫 Office Space,https://img3.doubanio.com/view/movie_poster_cover/lpst/public/p2175533150.jpg,迈克·乔吉,1999-02-19(美国), 美国,朗·里维斯顿 / 詹妮弗·安妮斯顿 / 大卫·赫尔曼 / Ajay Naidu / 戴德里克·巴德 / 斯蒂芬·鲁特 / 盖瑞·科尔 / 理查德·雷西尔 / 亚利桑德拉·温特沃斯 / Joe Bays / 约翰·C·麦金雷 / Paul Willson / 吉娜·麦克罗伊 / Todd Duffey / ,6.7
十字狂魔 Resurrection,https://img1.doubanio.com/view/movie_poster_cover/lpst/public/p1077084808.jpg,拉塞尔·穆卡希,1999-08-19, 美国,克里斯多弗·兰伯特 / 勒兰德·奥瑟 / 罗伯特·乔伊 / 芭芭拉·泰森 / 瑞克·福克斯 / ,7.1
阴阳路5：一见发财,https://img3.doubanio.com/view/movie_poster_cover/lpst/public/p2251191603.jpg,邱礼涛,1999-01-22, 香港,古天乐 / 雷宇扬 / 罗兰 / 黎耀祥 / 吴志雄 / 钱嘉乐 / 关宝慧 / 李蕙敏 / ,6.2
关于我母亲的一切 Todo sobre mi madre,https://img3.doubanio.com/view/movie_poster_cover/lpst/public/p1910922962.jpg,佩德罗·阿莫多瓦,2000-01-20, 西班牙 / 法国,丝莉亚·洛芙 / 玛丽莎·佩雷德斯 / 佩内洛普·克鲁兹 / 坎德拉·佩娜 / ,8.5
下一站，天国 ワンダフルライフ,https://img1.doubanio.com/view/movie_poster_cover/lpst/public/p1379361709.jpg,是枝裕和,"1998-09-11(多伦多电影节),1999-04-17(日本)", 日本,井浦新 / 寺岛进 / 小田绘梨花 / 内藤刚志 / ,8.2
天罗地网 The Thomas Crown Affair,https://img3.doubanio.com/view/movie_poster_cover/lpst/public/p2354690405.jpg,约翰·麦克蒂尔南,1999-09-16, 美国,皮尔斯·布鲁斯南 / Dennis Leary / 蕾妮·罗素 / 本·戈扎那 / ,7.1
御法度,https://img3.doubanio.com/view/movie_poster_cover/lpst/public/p1918779702.jpg,大岛渚,1999-12-18, 日本 / 法国 / 英国,松田龙平 / 北野武 / 武田真治 / 浅野忠信 / ,7.3
爆裂刑警,https://img3.doubanio.com/view/movie_poster_cover/lpst/public/p1226739925.jpg,叶伟信,1999-08-05(香港), 香港,吴镇宇 / 古天乐 / 郑雪儿 / 罗兰 / 邹凯光 / 黄德斌 / 林美贞 / ,7.7
目露凶光,https://img3.doubanio.com/lpic/s1455203.jpg,林岭东,1999-10-16, 香港,刘青云 / 梁家辉 / 郭蔼明 / 关宝慧 / 钟景辉 / ,7.2
女巫布莱尔 The Blair Witch Project,https://img1.doubanio.com/view/movie_poster_cover/lpst/public/p1451524667.jpg,丹尼尔·麦里克,1999-07-30(美国), 美国,希瑟·多纳约 / 乔舒华·莱纳德 / 迈克尔·C·威廉姆斯 / Jim King / ,6.4
男孩别哭 Boys Don't Cry,https://img3.doubanio.com/view/movie_poster_cover/lpst/public/p1526525011.jpg,金伯莉·皮尔斯,"1999-09-02(威尼斯电影节),2000-03-31(美国)", 美国,希拉里·斯万克 / 科洛·塞维尼 / 彼得·萨斯加德 / ,8.1
蝴蝶的舌头 La lengua de las mariposas,https://img3.doubanio.com/view/movie_poster_cover/lpst/public/p562145754.jpg,乔塞·路斯·奎尔达,1999-09-24, 西班牙,费尔南多·费尔南·戈麦斯 / Manuel Lozano / Uxía Blanco / ,8.8
谁来为我摘月亮 Luna Papa,https://img1.doubanio.com/view/movie_poster_cover/lpst/public/p459930268.jpg,巴克迪亚·库唐纳扎洛夫,"1999-09-08(威尼斯电影节),2000-06-27(德国)", 德国 / 日本 / 塔吉克斯坦 / 乌兹别克斯坦 / 奥地利 / 瑞士 / 法国 / 俄罗斯,莫里兹·布雷多 / 楚潘·哈玛托娃 / 梅拉布·尼尼泽 / ,8.5
与魔鬼共骑 Ride with the Devil,https://img3.doubanio.com/view/movie_poster_cover/lpst/public/p2029607526.jpg,李安,"1999-09-09(杜维尔电影节),1999-11-24(美国)", 美国,托比·马奎尔 / 斯基特·乌尔里奇 / 珠儿 / 吉姆·卡维泽 / 杰弗里·怀特 / ,7.5
铁道员 鉄道員,https://img3.doubanio.com/view/movie_poster_cover/lpst/public/p1328575842.jpg,降旗康男,1999-06-05, 日本,高仓健 / 大竹忍 / 广末凉子 / 安藤政信 / ,8.3
冒牌老爸 Big Daddy,https://img3.doubanio.com/view/movie_poster_cover/lpst/public/p995398305.jpg,丹尼斯·杜根,1999-06-25, 美国,亚当·桑德勒 / 乔伊·劳伦·亚当斯 / 乔恩·斯图尔特 / 科尔·斯普罗斯 / ,7.3
细路祥 細路祥,https://img3.doubanio.com/view/movie_poster_cover/lpst/public/p1889086570.jpg,陈果,2000-01-13, 香港,姚月明 / 麦惠芬 / 麦雪雯 / 张醒超 / 徐天佑 / ,8.5
创世纪1：地产风云 創世紀1：地產風云,https://img3.doubanio.com/view/movie_poster_cover/lpst/public/p2393646293.jpg,戚其义,1999-10-11(香港), 香港,罗嘉良 / 陈锦鸿 / 郭晋安 / 古天乐 / 郭可盈 / 蔡少芬 / 陈慧珊 / 汪明荃 / 秦沛 / 吴奇隆 / 刘恺威 / 叶佩雯 / 惠英红 / 成奎安 / 刘江 / 王敏德  / ,8.8
洗冤录 洗冤錄,https://img3.doubanio.com/view/movie_poster_cover/lpst/public/p2357187015.jpg,萧显辉,1999-12-20(香港), 中国香港,欧阳震华 / 宣萱 / 林文龙 / 陈妙瑛 / 刘江 / ,7.8
浪客剑心：追忆篇 るろうに剣心 -明治剣客浪漫譚- 追憶編,https://img3.doubanio.com/view/movie_poster_cover/lpst/public/p716106482.jpg,古桥一浩,1999-02-20(日本), 日本,凉风真世 / 岩男润子 / 佐佐木望 / 关智一 / ,9.2
飞出个未来 第一季 Futurama Season 1,https://img3.doubanio.com/view/movie_poster_cover/lpst/public/p2182006182.jpg,瑞奇·摩尔,1999-03-28(美国), 美国,比利·维斯特 / 凯特蕾·萨加尔 / 约翰·迪·玛吉欧 / 崔丝·麦妮利 / 菲尔·拉马 / 劳伦·汤姆 / 莫里斯·拉马奇 / 大卫·赫尔曼 / 南茜·卡特莱特 / 弗兰克·维尔克 / 凯特·索西 / 汤姆·肯尼 / 伦纳德·尼莫伊 / 迪克·克拉克 / 帕米拉·安德森 / 麦克·D / 亚当·霍罗维茨 / 丹尼·雅各布斯 / ,9.2
真情告白,https://img3.doubanio.com/lpic/s2754842.jpg,何澍培,1999, 中国大陆,胡兵 / 瞿颖 / 张世 / 张本渝 / 安泽豪 / 李婉华 / 陈龙 / 沈傲君 / ,6.9
惊曝内幕 The Insider,https://img1.doubanio.com/view/movie_poster_cover/lpst/public/p827331728.jpg,迈克尔·曼,1999-11-05(美国), 美国,阿尔·帕西诺 / 罗素·克劳 / 克里斯托弗·普卢默 /  戴安·维诺拉 / 菲利浦·贝克·霍尔 / 林赛·克洛斯 / 黛比·玛扎 / 斯蒂芬·托布罗斯基 / 科鲁姆·费奥瑞 / 布鲁斯·麦克吉尔 / 吉娜·格申 / 迈克尔·刚本 / 雷普·汤恩 / 林恩·瑟格本 / ,8.1
威尔和格蕾丝  第二季 Will & Grace Season 2,https://img3.doubanio.com/lpic/s2887042.jpg,詹姆斯·伯罗斯,1999-09-21(美国), 美国,艾瑞克·麦柯马克 / 黛博拉·梅辛 / 梅根·莫拉莉 / ,9.3
犯罪升级,https://img3.doubanio.com/view/movie_poster_cover/lpst/public/p2455804543.jpg,陈国军,1999, 中国大陆,伍强 / 梁达 / ,9.0
木兰花 Magnolia,https://img1.doubanio.com/view/movie_poster_cover/lpst/public/p2189098969.jpg,保罗·托马斯·安德森,1999-12-08, 美国,朱丽安·摩尔 / 威廉姆·H·梅西 / 约翰·C·赖利 / 汤姆·克鲁斯 / 菲利浦·贝克·霍尔 / 菲利普·塞默·霍夫曼 / 杰森·罗巴兹 / 梅罗拉·沃特斯 / ,8.2
性迷宫 Labyrinthe,https://img3.doubanio.com/lpic/s25799994.jpg,Alain Payet,, 法国,,7.0
人狼,https://img3.doubanio.com/view/movie_poster_cover/lpst/public/p1245102664.jpg,冲浦启之,1999-11-17, 日本,藤木义胜 / 武藤寿美 / 木下浩之 / 广田行生 / ,8.6
泰山 Tarzan,https://img3.doubanio.com/view/movie_poster_cover/lpst/public/p1315673553.jpg,Chris Buck,1999-06-18, 美国,托尼·戈德温 / 明妮·德里弗 / ,7.5
"移魂女郎 Girl, Interrupted",https://img1.doubanio.com/view/movie_poster_cover/lpst/public/p1234743898.jpg,詹姆斯·曼高德,"1999-12-08(美国首映),2000-01-14(美国)", 美国 / 德国,薇诺娜·瑞德 / 安吉丽娜·朱莉 / 克里·杜瓦尔 / 布莱特妮·墨菲 / 伊丽莎白·莫斯 / 杰瑞德·莱托 / 杰弗里·塔伯 / 瓦妮莎·雷德格瑞夫 / 乌比·戈德堡 / 安吉拉·贝蒂斯 / 吉利安·阿美娜特 / 克莉丝汀·梅尔斯 / ,8.3
机器管家 Bicentennial Man,https://img3.doubanio.com/view/movie_poster_cover/lpst/public/p2195410751.jpg,克里斯·哥伦布,"1999-12-13(美国),2000-03-09(德国)", 美国 / 德国,罗宾·威廉姆斯 / 艾伯丝·戴维兹 / 山姆·尼尔 / 奥利弗·普莱特 / 绮尔斯腾·瓦伦 / 温迪·古逊 / 海莉·凯特·爱森伯格 / 林兹·利瑟曼 / 安吉拉·兰迪斯 / 约翰·迈克尔·辛吉斯 / 布莱德利·惠特福德 / 伊戈尔·希勒 / 乔·贝兰 / 布雷特·瓦格纳 / 斯蒂芬·鲁特 / 斯科特·沃 / 奎因·史密斯 / 克里斯蒂·科内利 / 杰·约翰斯顿 / 乔治·华莱士 / 林恩·瑟格本 / 普雷斯·格里芬 / 玛西娅·皮佐 / 宝拉·迪普雷·佩斯门 / ,8.5
爱到尽头 The End of the Affair,https://img3.doubanio.com/view/movie_poster_cover/lpst/public/p1246907100.jpg,尼尔·乔丹,1999-12-03, 英国 / 美国,拉尔夫·费因斯 / 朱丽安·摩尔 / ,7.6
一个都不能少,https://img1.doubanio.com/view/movie_poster_cover/lpst/public/p907410217.jpg,张艺谋,1999-09-07(威尼斯电影节), 中国大陆,魏敏芝 / 张慧科 / 田正达 / ,7.4
玻璃樽,https://img3.doubanio.com/view/movie_poster_cover/lpst/public/p629412760.jpg,谷德昭,"1999-02-06(台湾),1999-02-13(香港)", 香港 / 台湾,成龙 / 舒淇 / 梁朝伟 / 周华健 / 任贤齐 / 陈松勇 / 金燕玲 / 刘以达 / 吴君如 / 李灿森 / ,6.4
捕鼠者 Ratcatcher,https://img3.doubanio.com/view/movie_poster_cover/lpst/public/p1064746423.jpg,琳恩·拉姆塞,1999-11-12, 英国 / 法国,汤米·弗拉纳根 / Mandy Matthews / William Eadie / Michelle Stewart / Lynne Ramsay Jr. / Leanne Mullen / John Miller / Jackie Quinn / James Ramsay / Anne McLean / Craig Bonar / Andrew McKenna / Mick Maharg / James Montgomery / ,8.2
美国派 American Pie,https://img3.doubanio.com/view/movie_poster_cover/lpst/public/p1446184593.jpg,克里斯·韦兹,1999-07-09(美国), 美国,贾森·比格斯 / 克里斯·克莱因 / 西恩·威廉·斯科特 / 托马斯·伊恩·尼古拉斯 / 艾丽森·汉妮根 / 莎诺·伊丽莎白 / 塔拉·雷德 / 艾迪·凯伊·托马斯 / 尤金·列维 / 娜塔莎·雷昂 / 米娜·苏瓦丽 / 詹妮佛·库里奇 / 克里斯·欧文 / 埃里克·里夫利 / ,7.3
与恐龙同行 Walking with Dinosaurs,https://img1.doubanio.com/view/movie_poster_cover/lpst/public/p2324971598.jpg,Tim Haines,1999-10-04(英国), 英国,肯尼斯·布莱纳 Kenneth Branagh / ,9.0
没完没了,https://img1.doubanio.com/view/movie_poster_cover/lpst/public/p2104173609.jpg,冯小刚,1999-12-15(北京首映), 中国大陆,葛优 / 吴倩莲 / 傅彪 / 徐帆 / 刘蓓 / 刘威 / 韩童生 / 秦焰 / 何冰 / 张涵予 / 丁志城 / 张秋芳 / 孙红雷 / 王中磊 / ,7.5
相约星期二 Tuesdays with Morrie,https://img1.doubanio.com/view/movie_poster_cover/lpst/public/p2135946487.jpg,米克·杰克逊,1999-12-05, 美国,杰克·莱蒙 / 汉克·阿扎利亚 / 温迪·莫尼兹 / 卡罗琳·阿隆 / 邦妮·芭利特 / 约翰·卡洛·林奇 / ,8.8
我恨你的十件事 10 Things I Hate About You,https://img3.doubanio.com/view/movie_poster_cover/lpst/public/p1759336811.jpg,吉尔·约格尔,1999-03-31, 美国,朱丽娅·斯蒂尔斯 / 希斯·莱杰 / 约瑟夫·高登-莱维特 / 拉丽莎·奥蕾尼克 / 大卫·克鲁霍尔特兹 / ,7.7
偷天陷阱 Entrapment,https://img3.doubanio.com/view/movie_poster_cover/lpst/public/p1670850240.jpg,乔恩·阿米尔,1999-04-30, 美国 / 英国 / 德国,肖恩·康纳利 / 凯瑟琳·泽塔-琼斯 / 文·瑞姆斯 / 威尔·帕顿 / ,7.7
海贼王 ワンピース,https://img3.doubanio.com/view/movie_poster_cover/lpst/public/p2197828404.jpg,宇田钢之助,1999-10-20(日本), 日本,田中真弓 / 冈村明美 / 中井和哉 / 平田广明 / 山口胜平 / 山口由里子 / 大谷育江 / 土井美加 / 古川登志夫 / 草尾毅 / ,9.5
老房有喜,https://img1.doubanio.com/view/movie_poster_cover/lpst/public/p2324387248.jpg,赖建国,1999-07-21(香港), 中国大陆,赵薇 / 苏有朋 / 邰智源 / 沈敏 / 朱曼芳 / 周笑莉 / 方舟波 / 季芹 / ,7.2
大开眼戒 Eyes Wide Shut,https://img1.doubanio.com/view/movie_poster_cover/lpst/public/p1708137969.jpg,斯坦利·库布里克,"1999-07-16(美国),1999-09-10(英国)", 英国 / 美国,汤姆·克鲁斯 / 妮可·基德曼 / Madison Eginton / Jackie Sawiris / 西德尼·波拉克 / 托德·菲尔德 / ,7.6
康熙微服私访记2,https://img1.doubanio.com/view/movie_poster_cover/lpst/public/p2373060737.jpg,张国立,1999-03-04, 中国大陆,张国立 / 邓婕 / 赵薇 / 吴军 / 刘淼 / 侯堃 / 朱媛媛 / 李建义 / 夏力薪 / 冯雷 / 李楠 / 杨俊勇 / 沈畅 / 陈创 / 钟卫华 / ,6.9
罗塞塔 Rosetta,https://img1.doubanio.com/view/movie_poster_cover/lpst/public/p2187719689.jpg,让-皮埃尔·达内,1999-09-22, 法国 / 比利时,艾米莉·德奎恩 / 法布里齐奥·罗吉恩  / 安妮·耶和诺 / 奥利弗·古尔迈 / 伯纳德·马尔拜 / 弗雷德里克·波茨 / 弗洛里安·德兰 / 克里斯蒂安·多瓦尔 / 米雷耶·巴伊 / 托马斯·克拉 / 莱昂·米肖 / 维克多·玛丽特 / 科莱特·赫什布 / 克莱尔·蒂凡尼 / ,8.1
绅士联盟 第一季 The League of Gentlemen Season 1,https://img3.doubanio.com/lpic/s1627726.jpg,史蒂夫·班德莱克,1999-01-11(英国), 英国,马克·加蒂斯 / 史蒂夫·佩姆伯顿 / ,8.9
布达佩斯之恋 Gloomy Sunday - Ein Lied von Liebe und Tod,https://img3.doubanio.com/view/movie_poster_cover/lpst/public/p467734271.jpg,诺夫·舒贝尔,1999-10-21, 德国 / 匈牙利,艾丽卡·莫露珊 / 约阿希姆·科尔 / 斯特法诺·迪奥尼斯 / 本·贝克 / ,8.6
欲望都市  第二季 Sex and the City Season 2,https://img1.doubanio.com/view/movie_poster_cover/lpst/public/p2370401049.jpg,Allen Coulter,1999-06-06, 美国,Sarah Jessica Parker / Kim Cattrall / Kristin Davis / ,8.9
老友记  第六季 Friends Season 6,https://img1.doubanio.com/view/movie_poster_cover/lpst/public/p2228920659.jpg,Kevin Bright,1999-09-23(美国), 美国,詹妮弗·安妮斯顿 / 柯特妮·考克斯 / 丽莎·库卓 / 马特·勒布朗 / 马修·派瑞 / ,9.7
随风而逝 باد ما را خواهد برد,https://img3.doubanio.com/view/movie_poster_cover/lpst/public/p1148223520.jpg,阿巴斯·基亚罗斯塔米,1999-10-01, 伊朗 / 法国,纳格·阿萨迪 / 贝赫扎德·杜兰 / ,8.0
成为约翰·马尔科维奇 Being John Malkovich,https://img1.doubanio.com/view/movie_poster_cover/lpst/public/p1087658057.jpg,斯派克·琼斯,1999-10-29, 美国,约翰·库萨克 / 卡梅隆·迪亚茨 / 约翰·马尔科维奇 / 凯瑟琳·基纳 / ,8.2
秘密,https://img3.doubanio.com/view/movie_poster_cover/lpst/public/p1371691835.jpg,泷田洋二郎,1999-09-25, 日本,广末凉子 / 小林薰 / 岸本加世子 / 石田百合子 / 伊藤英明 / ,7.8
山村老尸,https://img3.doubanio.com/view/movie_poster_cover/lpst/public/p2196631763.jpg,梁鸿华,1999-11-04(香港), 香港,吴镇宇 / 黎姿 / 海俊杰 / 莫家尧 / 施念慈 / 雷达 / 林淑茵 / ,6.6
那山那人那狗,https://img3.doubanio.com/view/movie_poster_cover/lpst/public/p798810224.jpg,霍建起,1999(中国大陆), 中国大陆,滕汝骏 / 刘烨 / 陈好 / ,8.4
心动 心動,https://img1.doubanio.com/view/movie_poster_cover/lpst/public/p482119068.jpg,张艾嘉,1999-09-23(香港), 香港 / 日本,金城武 / 梁咏琪 / 莫文蔚 / 张艾嘉 / 苏永康 / 金燕玲 / 戴立忍 / 杨雪仪 / 唐文龙 / ,8.2
我的父亲母亲,https://img3.doubanio.com/view/movie_poster_cover/lpst/public/p871456694.jpg,张艺谋,1999-10-16(中国大陆), 中国大陆,章子怡 / 郑昊 / 孙红雷 / 李滨 / ,7.8
星球大战前传1：幽灵的威胁 Star Wars: Episode I - The Phantom Menace,https://img3.doubanio.com/view/movie_poster_cover/lpst/public/p2308392633.jpg,乔治·卢卡斯,"1999-11-05(中国大陆),1999-05-19(美国),2012-02-10(美国-3D)", 美国,连姆·尼森 / 伊万·麦克格雷格 / 娜塔莉·波特曼 / 杰克·洛伊德 / 伊恩·麦克迪阿梅德 / 潘妮拉·奥古斯特 / 奥利弗·福德·戴维斯 / 阿梅德·贝斯特 / 安东尼·丹尼尔斯 / 肯尼·贝克 / 弗兰克·奥兹 / 特伦斯·斯坦普 / 布耐恩·布莱塞得 / 安德鲁·斯考姆比 / ,8.0
摄氏零度·春光再现,https://img3.doubanio.com/view/movie_poster_cover/lpst/public/p465976364.jpg,关本良,2003-11-23, 香港,张震 / 张国荣 / 关淑怡 / 梁朝伟 / ,8.7
处刑人 The Boondock Saints,https://img3.doubanio.com/view/movie_poster_cover/lpst/public/p921876170.jpg,特洛伊·达菲,1999-08-04(德国慕尼黑电影节), 加拿大 / 美国,威廉·达福 / 肖恩·派特里克·弗兰纳里 / 诺曼·瑞杜斯 / 大卫·德拉·洛可 / ,8.2
绝代双骄,https://img1.doubanio.com/view/movie_poster_cover/lpst/public/p2214654588.jpg,李国立,1999-08-23(台湾), 台湾 / 中国大陆,林志颖 / 苏有朋 / 陈德容 / 李绮虹 / 郑嘉颖 / 林瑞阳 / 于莉 / 李立群 / ,7.2
天才瑞普利 The Talented Mr. Ripley,https://img3.doubanio.com/view/movie_poster_cover/lpst/public/p1915065575.jpg,安东尼·明格拉,1999-12-25(美国), 美国,马特·达蒙 / 格温妮斯·帕特洛 / 裘德·洛 / 凯特·布兰切特 / 菲利普·塞默·霍夫曼 / 杰克·达文波特 / ,8.2
精灵鼠小弟 Stuart Little,https://img3.doubanio.com/view/movie_poster_cover/lpst/public/p1377980123.jpg,罗伯·明可夫,"2000-02-16(中国大陆),1999-12-05(美国首映)", 美国 / 德国,迈克尔·J·福克斯 / 吉娜·戴维斯 / 休·劳瑞 / 乔纳森·利普尼基 / ,7.5
玩具总动员2 Toy Story 2,https://img3.doubanio.com/view/movie_poster_cover/lpst/public/p1283688673.jpg,约翰·拉塞特,1999-11-24(美国), 美国,汤姆·汉克斯 / 蒂姆·艾伦 / 琼·库萨克 / 凯尔希·格兰莫 / 唐·里克斯 / 吉姆·法尼 / 华莱士·肖恩 / 约翰·拉岑贝格 / 安妮·波茨 / 韦恩·奈特 / 约翰·莫里斯 / 劳里·梅特卡夫 / 爱丝黛儿·哈里斯 / 李·厄米 / ,8.0
无懈可击 Arlington Road,https://img1.doubanio.com/view/movie_poster_cover/lpst/public/p811670078.jpg,马克·佩灵顿,1999-03-19, 美国,杰夫·布里吉斯 / 蒂姆·罗宾斯 / 琼·库萨克 / 霍普·戴维斯 / 罗伯特·格赛特 / 梅森·甘布 / 斯宾塞·崔特·克拉克 / 斯坦利·安德森 / ,7.6
黑客帝国 The Matrix,https://img3.doubanio.com/view/movie_poster_cover/lpst/public/p1910908765.jpg,莉莉·沃卓斯基,1999-03-31(美国), 美国 / 澳大利亚,基努·里维斯 / 凯瑞-安·莫斯 / 劳伦斯·菲什伯恩 / 雨果·维文 / 格洛丽亚·福斯特 / 乔·潘托里亚诺 / 马库斯·钟 / 朱利安·阿拉汗加 / ,8.8
美国丽人 American Beauty,https://img3.doubanio.com/view/movie_poster_cover/lpst/public/p571671715.jpg,萨姆·门德斯,"1999-09-08(洛杉矶首映),1999-10-01(美国)", 美国,凯文·史派西 / 安妮特·贝宁 / 索拉·伯奇 / 米娜·苏瓦丽 / 克里斯·库珀 / 韦斯·本特利 / 彼得·盖勒 / 艾莉森·珍妮 / 斯科特·巴库拉 / 山姆·洛巴兹 / ,8.4
史崔特先生的故事 The Straight Story,https://img1.doubanio.com/view/movie_poster_cover/lpst/public/p1216903828.jpg,大卫·林奇,"1999-05-21(戛纳电影节),1999-10-15(美国),199-11-03(法国)", 法国 / 英国 / 美国,理查德·法恩斯沃斯 / Jane Galloway Heitz / Joseph A. Carpenter / Donald Wiegert / 茜茜·斯派塞克 / Tracey Maloney / Dan Flannery / Jennifer Edwards-Hughes / Ed Grennan / Jack Walsh / Max the Wonder Dog / Gil Pearson / Barbara June Patterson / 埃沃雷特·麦克吉尔 / ,8.6
菊次郎的夏天 菊次郎の夏,https://img3.doubanio.com/view/movie_poster_cover/lpst/public/p751835224.jpg,北野武,"1999-05-20(戛纳电影节),1999-06-05(日本)", 日本,北野武 / 关口雄介 / 岸本加世子 / グレート義太夫 / 井手博士 / 磨赤儿 / 大家由祐子 / 细川典江 / 今村鼠 / ,8.7
暗战 暗戰,https://img1.doubanio.com/view/movie_poster_cover/lpst/public/p2001994907.jpg,杜琪峰,1999-09-23(香港), 香港,刘德华 / 刘青云 / 蒙嘉慧 / 李子雄 / 许绍雄 / 林雪 / 黄卓玲 / 林伟健 / ,8.4
木乃伊 The Mummy,https://img3.doubanio.com/view/movie_poster_cover/lpst/public/p1376881286.jpg,斯蒂芬·索莫斯,"1999-04-16(葡萄牙),1999-05-07(美国)", 美国,布兰登·费舍 / 蕾切尔·薇兹 / 约翰·汉纳 / 阿诺德·沃斯洛 / ,7.7
宝莲灯,https://img3.doubanio.com/view/movie_poster_cover/lpst/public/p2195312435.jpg,常光希,1999-07-30(中国大陆), 中国大陆,姜文 / 徐帆 / 宁静 / 陈佩斯 / 崔杰 / 丁嘉丽 / 江平 / 雷恪生 / 梁天 / 马精武 / 马羚 / ,7.5
第六感 The Sixth Sense,https://img3.doubanio.com/view/movie_poster_cover/lpst/public/p2220184425.jpg,M·奈特·沙马兰,1999-08-06(美国), 美国,布鲁斯·威利斯 / 海利·乔·奥斯蒙 / 托妮·科莱特 / 奥莉维亚·威廉姆斯 / 唐尼·沃尔伯格 / 特拉沃·摩根 / 彼得·安东尼·唐伯蒂斯 / 格伦·菲茨杰拉德 / 米莎·巴顿 / Lisa Summerour / Firdous Bamji / ,8.8
千王之王2000,https://img1.doubanio.com/view/movie_poster_cover/lpst/public/p2281805159.jpg,王晶,1999-08-05(香港), 香港,周星驰 / 张家辉 / 吴君如 / 关秀媚 / 王晶 / 林熙蕾 / 八两金 / 刘以达 / ,6.7
还珠格格第二部,https://img3.doubanio.com/view/movie_poster_cover/lpst/public/p2220106072.jpg,李平,"1999-07-25(中国大陆),1999-04-21(台湾)", 中国大陆,赵薇 / 苏有朋 / 张铁林 / 周杰 / 林心如 / 范冰冰 / 刘丹 / 牟凤彬 / 王艳 / 赵敏芬 / 戴春荣 / 赵丽娟 / 李明启 / 朱宏嘉 / 陆诗雨 / 陈莹 / 薛严 / 刘伟 / 鱼梦洁 / ,7.4
诺丁山 Notting Hill,https://img1.doubanio.com/view/movie_poster_cover/lpst/public/p480943589.jpg,罗杰·米歇尔,1999-05-28, 英国 / 美国,朱莉娅·罗伯茨 / 休·格兰特 / 瑞斯·伊凡斯 / Richard McCabe / 詹姆斯·德雷福斯 / 艾米莉·莫迪默 / ,7.9
异次元骇客 The Thirteenth Floor,https://img1.doubanio.com/view/movie_poster_cover/lpst/public/p1932438619.jpg,约瑟夫·鲁斯纳克,1999-05-28(美国), 德国 / 美国,克雷格·比尔克 / 阿明·缪勒-斯塔尔 / 格瑞辰·摩尔 / 文森特·多诺费奥 / 丹尼斯·海斯伯特 / 斯蒂文·沙博 / 里夫·霍顿 / 珍妮特·麦克拉克伦 / 布拉德·威廉姆·亨克 / 蒂娅·德克萨达 / 莱昂·里皮 / Burt Bulos / ,8.3
数码宝贝 デジモンアドベンチャー,https://img3.doubanio.com/view/movie_poster_cover/lpst/public/p2326430871.jpg,角銅博之,1999-03-07(日本), 日本,藤田淑子 / 風間勇刀 / 水谷优子 / 天神有海 / 前田爱 / 菊池正美 / 小西寛子 / 荒木香惠 / 坂本千夏 / 山口眞弓 / 重松花鳥 / 樱井孝宏 / 溝脇しほみ / 竹内顺子 / 松本美和 / ,8.7
绿里奇迹 The Green Mile,https://img3.doubanio.com/view/movie_poster_cover/lpst/public/p767586451.jpg,弗兰克·德拉邦特,1999-12-10(美国), 美国,汤姆·汉克斯 / 大卫·摩斯 / 迈克·克拉克·邓肯 / 邦尼·亨特 / 詹姆斯·克伦威尔 / 迈克尔·杰特 / 格雷厄姆·格林 / 道格·休切逊 / 山姆·洛克威尔 / 巴里·佩珀 / 杰弗里·德曼 / 派翠西娅·克拉克森 / 哈利·戴恩·斯坦通 / 戴布思·格里尔 / ,8.7
西游记,https://img1.doubanio.com/view/movie_poster_cover/lpst/public/p2295097159.jpg,方润南,1999-07-23(中国大陆), 中国大陆,沈晓谦 / 乔榛 / 程玉珠 / 刘风 / ,8.5
枪火 鎗火,https://img3.doubanio.com/view/movie_poster_cover/lpst/public/p1538646661.jpg,杜琪峰,1999-11-19, 香港,吴镇宇 / 任达华 / 黄秋生 / 吕颂贤 / 张耀扬 / 林雪 / 王天林 / 施绮莲 / ,8.6
喜剧之王 喜劇之王,https://img3.doubanio.com/view/movie_poster_cover/lpst/public/p1043597424.jpg,周星驰,1999-02-13(香港), 香港,周星驰 / 张柏芝 / 莫文蔚 / 吴孟达 / 林子善 / 田启文 / 李兆基 / 成龙 / 李思捷 / ,8.4
名侦探柯南：世纪末的魔术师 名探偵コナン 世紀末の魔術師,https://img3.doubanio.com/view/movie_poster_cover/lpst/public/p453729256.jpg,儿玉兼嗣,1999-04-17(日本), 日本,高山南 / 山崎和佳奈 / 茶风林 / 神谷明 / 山口胜平 / 堀川亮 / 宫村优子 / 松井菜樱子 / 高木涉 / 岩居由希子 / 大谷育江 / ,8.4
小李飞刀,https://img1.doubanio.com/view/movie_poster_cover/lpst/public/p2266079627.jpg,袁和平,1999-08-03(台湾), 中国大陆 / 台湾,焦恩俊 / 贾静雯 / 俞飞鸿 / 萧蔷 / 吴京 / 范冰冰 / 林立洋 / 郑佳欣 / 陈凯 / 高雄 / ,7.4
