电影名,海报链接,导演,时间,地区,演员,评分
记忆碎片 Memento,https://img3.doubanio.com/view/movie_poster_cover/lpst/public/p641688453.jpg,克里斯托弗·诺兰,"2000-09-05(威尼斯电影节),2001-05-25(美国)", 美国,盖·皮尔斯 / 凯瑞-安·莫斯 / 乔·潘托里亚诺 / 小马克·布恩 / 拉什·费加 / 乔雅·福克斯 / 斯蒂芬·托布罗斯基 / 哈里特·桑塞姆·哈里斯 / 托马斯·列农 / 考乐姆·吉斯·雷尼 / 金伯利·坎贝尔 / 玛丽安妮·穆勒雷尔 / ,8.5
鬼子来了,https://img3.doubanio.com/view/movie_poster_cover/lpst/public/p1181775734.jpg,姜文,"2000-05-12(戛纳电影节),2002-04-27(日本)", 中国大陆,姜文 / 香川照之 / 袁丁 / 姜宏波 / 陈强 / 丛志军 / 喜子 / 李海滨 / 泽田谦也 / 蔡卫东 / 陈莲梅 / 宫路佳具 / 吴大维 / 梶冈润一 / ,9.1
爱情是狗娘 Amores perros,https://img1.doubanio.com/view/movie_poster_cover/lpst/public/p627345397.jpg,亚利桑德罗·冈萨雷斯·伊纳里图,2000-06-16(墨西哥), 墨西哥,盖尔·加西亚·贝纳尔 / Emilio Echevarría / Álvaro Guerrero / 瓦内莎·宝切 / 乔治·萨利纳斯 / Marco Pérez / 艾德里安娜·巴拉扎 / ,8.2
梦之安魂曲 Requiem for a Dream,https://img3.doubanio.com/view/movie_poster_cover/lpst/public/p884936202.jpg,达伦·阿伦诺夫斯基,2000-10-27, 美国,艾伦·伯斯汀 / 杰瑞德·莱托 / 詹妮弗·康纳利 / 马龙·韦恩斯 / 克里斯托弗·麦克唐纳 / 露易丝·拉塞尔 / 玛西娅·让·库尔茨 / 夏洛特·阿罗诺夫斯基 / 马克·马戈利斯 / Janet Sarno / ,8.7
黑暗中的舞者 Dancer in the Dark,https://img1.doubanio.com/view/movie_poster_cover/lpst/public/p1910830867.jpg,拉斯·冯·提尔,2000-09-08, 丹麦 / 西班牙 / 阿根廷 / 德国 / 荷兰 / 意大利 / 美国 / 英国 / 法国 / 瑞典 / 芬兰 / 冰岛 / 挪威,比约克 / 凯瑟琳·德纳芙 / 大卫·摩斯 / 彼得·斯特曼 / ,8.3
西西里的美丽传说 Malèna,https://img3.doubanio.com/view/movie_poster_cover/lpst/public/p792400696.jpg,朱塞佩·托纳多雷,2000-10-27(意大利), 意大利 / 美国,莫妮卡·贝鲁奇 / 圭塞佩·苏尔法罗 / Luciano Federico / Matilde Piana / ,8.7
入侵脑细胞 The Cell,https://img1.doubanio.com/view/movie_poster_cover/lpst/public/p1685867307.jpg,塔西姆·辛,2000-08-17(美国), 美国 / 德国,詹妮弗·洛佩兹 / 文斯·沃恩 / 文森特·多诺费奥 / ,7.4
角斗士 Gladiator,https://img3.doubanio.com/view/movie_poster_cover/lpst/public/p1601948450.jpg,雷德利·斯科特,2000-05-05, 英国 / 美国,罗素·克劳 / 杰昆·菲尼克斯 / 康妮·尼尔森 / 理查德·哈里斯 / 杰曼·翰苏 / 奥列佛·里德 / ,8.4
完美风暴 The Perfect Storm,https://img3.doubanio.com/view/movie_poster_cover/lpst/public/p2164583922.jpg,沃尔夫冈·彼德森,2000-06-30, 美国,乔治·克鲁尼 / 马克·沃尔伯格 / 约翰·C·赖利 / 戴安·琳恩 / 威廉·菲德内尔 / 约翰·浩克斯 / Allen Payne / 玛丽·伊丽莎白·马斯特兰托尼奥 / 凯伦·阿兰 / 切莉·琼斯 / 鲍勃·冈顿 / 克里斯托弗·麦克唐纳 / 迈克尔·艾恩塞德 / 拉丝蒂·休默 / ,7.5
偷听女人心 What Women Want,https://img3.doubanio.com/view/movie_poster_cover/lpst/public/p2184916871.jpg,南希·迈耶斯,2000-12-15, 美国,梅尔·吉布森 / 海伦·亨特 / 玛丽莎·托梅 / 阿伦·阿尔达 / 艾什莉·约翰逊 / 马克·费厄斯坦 / 罗伦·荷莉 / 德尔塔·伯克 / 瓦莱丽·佩莱恩 / 朱迪·格雷尔 / ,7.0
黑洞频率 Frequency,https://img3.doubanio.com/view/movie_poster_cover/lpst/public/p812857342.jpg,格里高利·霍布里特,2000-04-28(美国), 美国,丹尼斯·奎德 / 吉姆·卡维泽 / 肖恩·多伊尔 / 伊丽莎白·米切尔 / 诺亚·艾默里奇 / 梅利莎·埃里科 / 丹尼尔·汉森 / 约旦·布里奇斯 / 斯蒂芬·约菲 / 杰克·麦科马克 / 彼得·麦克内尔 / 迈克尔·塞拉 / ,8.3
荒岛余生 Cast Away,https://img1.doubanio.com/view/movie_poster_cover/lpst/public/p1341248319.jpg,罗伯特·泽米吉斯,2000-12-22(美国), 美国,汤姆·汉克斯 / 海伦·亨特 / 克里斯·诺斯 / ,8.4
二楼传来的歌声 Sånger från andra våningen,https://img3.doubanio.com/view/movie_poster_cover/lpst/public/p2163286030.jpg,罗伊·安德森,2000-10-06, 丹麦 / 挪威 / 瑞典,Lars Nordh / Stefan Larsson / ,8.2
业余小偷 Small Time Crooks,https://img3.doubanio.com/view/movie_poster_cover/lpst/public/p1757315926.jpg,伍迪·艾伦,2000-05-19, 美国,伍迪·艾伦 / 崔茜·尤玛 / 休·格兰特 / ,7.4
苏州河,https://img3.doubanio.com/view/movie_poster_cover/lpst/public/p1401219611.jpg,娄烨,2000-09-07(香港), 中国 / 德国,周迅 / 贾宏声 / 华仲凯 / 姚安濂 / ,7.8
死神来了 Final Destination,https://img1.doubanio.com/view/movie_poster_cover/lpst/public/p1332799477.jpg,黄毅瑜,2000-03-17(美国), 美国 / 加拿大,戴文·萨瓦 / 艾丽·拉特 / 科尔·史密斯 / 克里森·克拉克 / 丹尼尔·洛巴克 / 罗杰·格午埃文·史密斯 / 查德·多纳拉 / 西恩·威廉·斯科特 / 托尼·托德 / 阿曼达·达特曼 / 布兰登·费尔 / Forbes Angus / Lisa Marie Caruk / 克里斯汀·查特莱恩 / ,7.7
太空牛仔 Space Cowboys,https://img3.doubanio.com/view/movie_poster_cover/lpst/public/p843916460.jpg,克林特·伊斯特伍德,2000-08-04, 美国 / 澳大利亚,克林特·伊斯特伍德 / 汤米·李·琼斯 / 唐纳德·萨瑟兰 / 詹姆斯·加纳 / 詹姆斯·克伦威尔 / ,7.4
卧虎藏龙 臥虎藏龍,https://img3.doubanio.com/view/movie_poster_cover/lpst/public/p1507810991.jpg,李安,"2000-10-13(中国大陆),2000-05-16(戛纳电影节),2000-07-07(台湾),2000-07-13(香港),2001-01-12(美国)", 台湾 / 香港 / 美国 / 中国大陆,周润发 / 杨紫琼 / 章子怡 / 张震 / 郑佩佩 / 郎雄 / 黄素影 / 李法曾 / 高西安 / 王德明 / ,7.9
偷拐抢骗 Snatch,https://img1.doubanio.com/view/movie_poster_cover/lpst/public/p616753227.jpg,盖·里奇,2000-09-01, 英国 / 美国,布拉德·皮特 / 本尼西奥·德尔·托罗 / 杰森·斯坦森 / 丹尼斯·法里纳 / 维尼·琼斯 / 拉德·舍博德兹加 / 阿兰·福德 / 连尼·詹姆斯 / 艾文·布莱纳 / 杰森·弗莱明 / ,8.5
薄荷糖 박하사탕,https://img3.doubanio.com/view/movie_poster_cover/lpst/public/p457519794.jpg,李沧东,"1999-10-14(釜山电影节),2000-01-01(韩国)", 韩国 / 日本,薛耿求 / 文素丽 / 金汝珍 / 徐情 / 金仁权 / 高瑞熙 / 李代延 / ,8.1
火星任务 Mission to Mars,https://img3.doubanio.com/view/movie_poster_cover/lpst/public/p686618740.jpg,布莱恩·德·帕尔玛,2000-03-06(美国), 美国,加里·西尼斯 / 蒂姆·罗宾斯 / 唐·钱德尔 / 康妮·尼尔森 / ,7.5
东京攻略 東京攻略,https://img3.doubanio.com/view/movie_poster_cover/lpst/public/p2183311754.jpg,马楚成,2000-01-28(香港), 香港,梁朝伟 / 郑伊健 / 陈慧琳 / 张柏芝 / 仲村亨 / 阿部宽 / 任葆琳 / 远藤久美子 / 小松拓也 / 尾原真弓 / ,6.4
不死劫 Unbreakable,https://img1.doubanio.com/view/movie_poster_cover/lpst/public/p2199134149.jpg,M·奈特·沙马兰,2000-11-20(美国), 美国,布鲁斯·威利斯 / 塞缪尔·杰克逊 / 罗宾·怀特 / 斯宾塞·崔特·克拉克 / 查莱宁·伍德拉德 / 伊默恩·沃克 / 莱斯利·史蒂芬森 / 劳拉·里根 / 蔡斯·凯利 / ,6.7
十二夜,https://img1.doubanio.com/view/movie_poster_cover/lpst/public/p455938858.jpg,林爱华,2000-04-20(香港), 香港,张柏芝 / 陈奕迅 / 卢巧音 / 张燊悦 / 区淑贞 / 卓韵芝 / 谢霆锋 / 冯德伦 / ,8.0
江湖告急,https://img3.doubanio.com/view/movie_poster_cover/lpst/public/p2329367486.jpg,林超贤,2000-09-21(香港), 香港,梁家辉 / 吴君如 / 陈奕迅 / 黄秋生 / 张耀扬 / 谷祖琳 / 陈辉虹 / 彭敬慈 / 罗兰 / ,7.6
枪王 鎗王,https://img3.doubanio.com/view/movie_poster_cover/lpst/public/p1934400144.jpg,罗志良,2000-05-27(香港), 香港,张国荣 / 方中信 / 黄卓玲 / 陈法蓉 / 谷德昭 / ,8.1
池袋西口公园 池袋ウエストゲートパーク,https://img3.doubanio.com/view/movie_poster_cover/lpst/public/p813209945.jpg,堤幸彦,2000-04-14(日本), 日本,长濑智也 / 加藤爱 / 洼冢洋介 / 山下智久 / 渡边谦 / 佐藤隆太 / 妻夫木聪 / ,8.6
上车走吧,https://img3.doubanio.com/lpic/s3700711.jpg,管虎,2000, 中国大陆,高虎 / 黄渤 / 陈宁 / 姜彤 / 胡晓光 / ,7.9
少年包青天,https://img3.doubanio.com/view/movie_poster_cover/lpst/public/p2280129635.jpg,胡明凯,2000-09-04(香港), 中国大陆,周杰 / 释小龙 / 任泉 / 李冰冰 / 陈道明 / 刘怡君 / 刘晓虎 / 郑佩佩 / 王绘春 / ,7.9
春光灿烂猪八戒,https://img3.doubanio.com/view/movie_poster_cover/lpst/public/p2284464866.jpg,范小天,2000, 中国大陆,徐峥 / 陶虹 / 孙兴 / 李立群 / 陈红 / 翁虹 / 屈中恒 / 钮承泽 / 嘉玲 / 王伯昭 / 戴春荣 / ,7.2
西游记续集,https://img3.doubanio.com/view/movie_poster_cover/lpst/public/p2002149316.jpg,杨洁,2000-02-08(中国大陆), 中国大陆,六小龄童 / 徐少华 / 迟重瑞 / 崔景富 / ,7.5
青河绝恋 青河絕戀,https://img3.doubanio.com/view/movie_poster_cover/lpst/public/p2374840722.jpg,丁仰国,2000-04-18(中国大陆), 中国大陆,赵文卓 / 蒋勤勤 / 王艳 / 邢岷山 / 于莉 / 刘锡明 / 陈昭荣 / 胡佩莲 / 刘信义 / 董洋 / 岳跃利 / ,6.8
致命罗密欧 Romeo Must Die,https://img3.doubanio.com/view/movie_poster_cover/lpst/public/p1669830946.jpg,Andrzej Bartkowiak,2000-03-20, 美国,李连杰 / 阿丽雅 / ,5.9
幻想曲2000 Fantasia/2000,https://img3.doubanio.com/view/movie_poster_cover/lpst/public/p643090411.jpg,詹姆斯·阿尔格,1999-12-17(美国), 美国,史蒂夫·马丁 / 伊扎克·帕尔曼 / 昆西·琼斯 / 贝特·米德勒 / 詹姆斯·厄尔·琼斯 / 佩恩·吉列特 / Teller / James Levine / 安吉拉·兰斯伯瑞 / 韦恩·艾尔温 / Tony Anselmo / ,8.8
绅士联盟 第二季 The League of Gentlemen Season 2,https://img1.doubanio.com/lpic/s11220738.jpg,史蒂夫·班德莱克,2000-01-14(英国), 英国,马克·加蒂斯 / 史蒂夫·佩姆伯顿 / ,9.4
卖百科全书的女人 Le secret,https://img3.doubanio.com/view/movie_poster_cover/lpst/public/p1535637006.jpg,维吉尼·瓦贡,2005-06-21, 法国,安妮·考森斯 / Michel Bompoil / 托尼·托德 / ,6.4
邪恶之屋 The House of the Devil,https://img1.doubanio.com/view/movie_poster_cover/lpst/public/p1231496508.jpg,缇·威斯特,2009-02-06, 美国,乔赛琳·唐娜休 / 汤姆·诺南 / 玛丽·沃伦诺夫 / 格蕾塔·葛韦格 / AJ·鲍恩 / 迪·沃伦斯 / 希瑟·罗博 / 莉娜·邓纳姆 / 格雷厄姆·瑞斯尼克 / ,5.1
飞龙在天 飛龍在天,https://img1.doubanio.com/view/movie_poster_cover/lpst/public/p2197758797.jpg,冯凯,2000-11-23(台湾), 台湾,贾静雯 / 江宏恩 / ,6.3
解剖 Anatomie,https://img1.doubanio.com/view/movie_poster_cover/lpst/public/p1756451877.jpg,斯戴芬·卢佐维茨基,2000-02-03(德国), 德国,弗兰卡·波坦特 / 班诺·福曼 / Anna Loos / 塞巴斯蒂安·布罗伯格 / Holger Speckhahn / Traugott Buhre / Oliver Wnuk / 阿尔恩特·施韦林·索瑞 / Andreas Günther / 鲁迪格·福格勒 / Werner Dissel / ,6.7
天王状师,https://img3.doubanio.com/view/movie_poster_cover/lpst/public/p2307941184.jpg,周华宇,2000, 香港,张卫健 / 吴孟达 / ,6.8
真味小厨王,https://img1.doubanio.com/view/movie_poster_cover/lpst/public/p2266315809.jpg,夏秀轩,2000, 中国大陆,释小龙 / 吴孟达 / 关礼杰 / ,4.9
娱乐无极限,https://img1.doubanio.com/view/movie_poster_cover/lpst/public/p2196902209.jpg,,2000-05-01, 中国大陆,杨乐乐 / 赵子靓 / 李好 / 舒高 / 陆立 / YOYO / ,5.9
情迷翡冷翠 Up at the Villa,https://img3.doubanio.com/view/movie_poster_cover/lpst/public/p2336731664.jpg,Philip Haas,2000-04-14, 英国 / 美国,克里斯汀·斯科特·托马斯 / 西恩·潘 / 安妮·班克罗夫特 / 詹姆斯·福克斯 / ,6.9
挑战主持人,https://img1.doubanio.com/view/movie_poster_cover/lpst/public/p2271634447.jpg,,2000-12, 中国大陆,马东 / 任鲁豫 / 李思思 / 张绍刚 / 叮当 / 朱军 / 崔永元 / 徐俐 / 欧阳夏丹 / 杨少华 / 张金玲 / 尉迟琳嘉 / 高博 / 贺炜 / 杨林 / 王若麟 / 杨帆 / 郑毅 / 顾斌 / 李晓东 / 刘高扬 / 尼格买提·热合曼 / 张蕾 / 张宇 / 庄婧 / 石琼璘 / 王冠 / ,7.7
笨小孩,https://img1.doubanio.com/view/movie_poster_cover/lpst/public/p2235297818.jpg,王晶,1999-12-28(香港), 香港,叶德娴 / 谭耀文 / 关秀媚 / 柯受良 / ,7.5
狂情错爱 Trolösa,https://img3.doubanio.com/lpic/s3577403.jpg,丽芙·乌曼,2000-09-15, 瑞典 / 意大利 / 德国 / 芬兰 / 挪威,莱娜·恩卓 / 厄兰·约瑟夫森 / ,7.6
赎罪日 Kippur,https://img3.doubanio.com/view/movie_poster_cover/lpst/public/p2108372153.jpg,阿莫斯·吉泰,2000-09-07, 以色列 / 法国,,6.5
大公司小老板 In Good Company,https://img3.doubanio.com/view/movie_poster_cover/lpst/public/p725300224.jpg,克里斯·韦兹,2004-12-06, 美国,丹尼斯·奎德 / 托弗·戈瑞斯 / 斯嘉丽·约翰逊 / 玛格·海根柏格 / ,6.7
快嘴李翠莲,https://img3.doubanio.com/view/movie_poster_cover/lpst/public/p2371425211.jpg,张多福,2001-11(中国大陆), 中国,李湘 / 陈庭威 / 陆剑民 / ,5.3
哈拉上路 Road Trip,https://img1.doubanio.com/view/movie_poster_cover/lpst/public/p2056231088.jpg,托德·菲利普斯,2000-10-26, 美国,布瑞金·梅耶 / 艾米·斯马特 / ,6.8
"""The X Files"" SE 7.13 First Person Shooter",https://img3.doubanio.com/lpic/s3251711.jpg,Chris Carter,2000-02-27, 美国,David Duchovny / ,"
    "
达尔玛和格里格 第四季 Dharma & Greg Season 4,https://img3.doubanio.com/view/movie_poster_cover/lpst/public/p2328700584.jpg,,2000-10-10(美国), 美国,托马斯·吉布森 / ,9.0
"天使的约定 Monde de Marty, Le",https://img3.doubanio.com/view/movie_poster_cover/lpst/public/p1680621553.jpg,Denis Bardiau,2000-01-26, 法国,Michel Serrault / Jonathan Demurger / Annick Alane / Florence Hebbelynck / ,8.8
青春梦里人 Presque rien,https://img3.doubanio.com/view/movie_poster_cover/lpst/public/p2434456054.jpg,Sébastien Lifshitz,2000-06-07, 法国 / 比利时,杰瑞米·埃尔卡伊姆 / ,7.3
王牌罪犯 Ordinary Decent Criminal,https://img3.doubanio.com/view/movie_poster_cover/lpst/public/p1512608684.jpg,萨杜斯·奥沙利文,2000-01-07, 英国 / 德国 / 爱尔兰 / 美国,凯文·史派西 / 琳达·费奥伦蒂诺 / 彼得·穆兰 / 斯蒂芬·迪兰 / 海伦·巴克森代尔 / 大卫·海曼 / 帕特里克·麦拉海德 / 杰拉德·迈克索利 / 大卫·凯利 / 盖瑞·莱登 / 保罗·罗南 / 科林·法瑞尔 / 文森特·里根 / Tim Loane / ,7.1
国王不死 The King Is Alive,https://img3.doubanio.com/lpic/s1448971.jpg,克里斯蒂安·莱沃,2000-05-11, 丹麦 / 瑞典 / 美国,迈尔斯·安德森 / 罗曼娜·波琳热 / ,7.5
惊变28天 28 Days Later...,https://img1.doubanio.com/view/movie_poster_cover/lpst/public/p2191905718.jpg,丹尼·博伊尔,2002-11-01(英国), 英国,基里安·墨菲 / 娜奥米·哈里斯 / 克里斯托弗·埃克莱斯顿 / 梅根·伯恩斯 / 布莱丹·格里森 / 亚历克斯·帕尔墨 / 宾杜·德·斯图潘尼 / 大卫·施奈德 / 托比·塞奇威克 / ,7.1
当女人真好 About Adam,https://img1.doubanio.com/view/movie_poster_cover/lpst/public/p579052828.jpg,Gerard Stembridge,2000-01-28, 爱尔兰 / 英国 / 美国,凯特·哈德森 / 弗兰西丝·奥康纳 / ,6.6
27个遗失的吻 27 Missing Kisses,https://img3.doubanio.com/view/movie_poster_cover/lpst/public/p737077100.jpg,娜娜·裘杨兹,2001-04-16, 英国 / 法国 / 德国 / 格鲁吉亚,尼莎·库察尼婕 / 叶甫根尼·希迪金 / ,7.8
雪地里的魅影 La classe de neige,https://img1.doubanio.com/view/movie_poster_cover/lpst/public/p2378227957.jpg,克劳德 米勒 (Claude Miller),2000-04-20, 法国,,7.0
在一起 Tillsammans,https://img3.doubanio.com/view/movie_poster_cover/lpst/public/p794200000.jpg,鲁卡斯·穆迪森,2001-03-03, 瑞典 / 丹麦 / 意大利,Lisa Lindgren / 迈克尔·恩奎斯特 / Emma Samuelsson / Sam Kessel / 古斯塔夫·汉马斯顿 / Anja Lundkvist / Jessica Liedberg / 奥拉·拉佩斯 / Axel Zuber / 沙汀·罗尼 / Olle Sarri / Cecilia Frode / Lars Frode / Emil Moodysson / ,7.6
死里逃生 Python,https://img3.doubanio.com/lpic/s1886731.jpg,Richard Clabaugh,2000-08-09(美国), 美国,,4.2
小尼基 Little Nicky,https://img3.doubanio.com/view/movie_poster_cover/lpst/public/p1621352753.jpg,史蒂文·布里尔,2000-11-10, 美国,亚当·桑德勒 / 帕特丽夏·阿奎特 / 哈威·凯特尔 / 瑞斯·伊凡斯 / 瑞茜·威瑟斯彭 / 昆汀·塔伦蒂诺 / ,6.5
夜奔,https://img1.doubanio.com/view/movie_poster_cover/lpst/public/p1264103918.jpg,徐立功,2000-10-14(台湾), 台湾 / 中国大陆,黄磊 / 刘若英 / 尹昭德  / 戴立忍 / ,8.0
最后的吸血鬼 BLOOD THE LAST VAMPIRE,https://img1.doubanio.com/view/movie_poster_cover/lpst/public/p1692195249.jpg,北久保弘之,2000-07-28, 日本,工藤夕贵 / ,7.7
假面骑士空我 仮面ライダークウガ,https://img3.doubanio.com/lpic/s3908074.jpg,石田秀範,2000-01-30, 日本,小田切让 / 葛山信吾 / 村田和美 / 千崎若菜 / 七森美江 / ,9.3
生命的圆圈 دایره,https://img3.doubanio.com/view/movie_poster_cover/lpst/public/p2123421305.jpg,贾法·帕纳西,2000-09-08, 伊朗 / 意大利 / 瑞士,Nargess Mamizadeh / Maryiam Palvin Almani / ,7.6
剪影的艺术：007片头 Silhouettes: The James Bond Titles,https://img3.doubanio.com/lpic/s24520091.jpg,John Cork,, 美国,Ken Adam / Maurice Binder / Albert R. Broccoli / Robin Browne / ,"
    "
裸体漂流记 Naked States,https://img3.doubanio.com/lpic/s1431735.jpg,Arlene Donnelly Nelson,2000-10-25, 美国,,7.4
櫂,https://img3.doubanio.com/lpic/s2975301.jpg,大山胜美,2000-01-08(日本), 日本,松隆子 / 仲村亨 / 加賀真理子 / 千堂秋穗 / 井上真央 / 麻生久美子 / 藤谷美纪 / 长门裕之 / 室田日出男 / 中江有里 / ,8.5
我和僵尸有个约会2 我和僵尸有个约会II,https://img1.doubanio.com/view/movie_poster_cover/lpst/public/p2318184557.jpg,吴锦源,2000-03-06, 香港,尹天照 / 万绮雯 / 杨恭如 / 陈启泰 / 杜汶泽 / 谢君豪 / ,8.7
地球之心 The Heart of the World,https://img3.doubanio.com/lpic/s4204295.jpg,盖伊·马丁,2001-10-09, 加拿大,Leslie Bais / Caelum Vatnsdal / Shaun Balbar / ,7.6
行け行けイケメン！,https://img3.doubanio.com/lpic/s3842174.jpg,松田秀知,2000-01-09, 日本,横山裕 / 涩谷昴 / ,8.8
红色康乃馨,https://img3.doubanio.com/view/movie_poster_cover/lpst/public/p2375004756.jpg,包福明,1999, 中国大陆,奚美娟 / 刘蓓 / 王庆祥 / 李强 / 丁丹妮 / ,6.9
团子大家族 CLANNAD -クラナド-,https://img3.doubanio.com/view/movie_poster_cover/lpst/public/p2221186392.jpg,石原立也,2007-10-04(日本), 日本,中原麻衣 / 中村悠一 / 野中蓝 / 广桥凉 / 神田朱未 / 桑岛法子 / ,8.7
世界奇妙物语 10周年特别篇 世にも奇妙な物語 10周年,https://img1.doubanio.com/lpic/s4544657.jpg,三谷幸喜,2000年, 日本,丰川悦司 / 友坂理惠 / 广末凉子 / ,8.7
数码宝贝大电影：我们的战争游戏 デジモンアドベンチャー ぼくらのウォーゲーム!,https://img1.doubanio.com/view/movie_poster_cover/lpst/public/p2282580779.jpg,细田守,2000-03-04(日本), 日本,樱井孝宏 / 藤田淑子 / 山口真弓 / 风间勇刀 / 天神有海 / 小西宽子 / ,8.8
乞丐王子 온달 왕자들,https://img1.doubanio.com/lpic/s2758137.jpg,赵钟赫,2000-10-16(韩国), 韩国,许俊浩 / 张瑞希 / 李周贤 / 金智秀 / ,7.6
欢乐一家亲 第八季 Frasier Season 8,https://img3.doubanio.com/lpic/s24508960.jpg,,2000-10-24, 美国,凯尔希·格兰莫 Kelsey Grammer / 约翰·马奥尼 / 大卫·海德·皮尔斯 David Hyde Pierce / 佩里·吉普林 Peri Gilpin / ,9.3
翻译风波 The Interpreter,https://img3.doubanio.com/view/movie_poster_cover/lpst/public/p1910900170.jpg,西德尼·波拉克,"2005-04-22(中国大陆),2005-04-04(悉尼首映)", 美国 / 英国 / 法国,妮可·基德曼 / 西恩·潘 / 凯瑟琳·基纳 / 加斯帕·克里斯滕森 / 伊万·阿达勒 / ,6.6
第一神拳 间柴vs木村 死刑执行 はじめの一歩 OVA 間柴vs木村 死刑執行,https://img3.doubanio.com/view/movie_poster_cover/lpst/public/p2169818284.jpg,難波日登志,2003-09-05, 日本,藤原启治 / 田中正彦 / 小山力也 / 关智一 / 喜安浩平 / ,"
    "
雪岭传奇 The Claim,https://img1.doubanio.com/view/movie_poster_cover/lpst/public/p1518335819.jpg,迈克尔·温特伯顿,2000-12-29, 加拿大 / 法国 / 英国,彼得·穆兰 / 米拉·乔沃维奇 / 娜塔莎·金斯基 / 韦斯·本特利 / 萨拉·波莉 / ,6.9
音乐风云榜,https://img1.doubanio.com/view/movie_poster_cover/lpst/public/p2324409319.jpg,,2000-06-05(中国大陆), 中国大陆,,6.3
南极坚忍号 The Endurance: Shackleton's Legendary Antarctic Expedition,https://img3.doubanio.com/lpic/s1679370.jpg,George Butler,2000-12-30, 美国 / 英国 / 德国 / 瑞典,连姆·尼森 / ,8.7
"猪头，我的车咧？ Dude, Where's My Car?",https://img3.doubanio.com/view/movie_poster_cover/lpst/public/p923545783.jpg,Danny Leiner,2000-12-10, 美国,阿什顿·库彻 / 西恩·威廉·斯科特 / 詹妮弗·加纳 / 玛拉·索科洛芙 / ,6.2
夏日暖洋洋,https://img3.doubanio.com/view/movie_poster_cover/lpst/public/p2230960096.jpg,宁瀛,2001-01-29(鹿特丹国际电影节), 中国大陆,余皑磊 / 左百韬 / 陶红 / 盖奕 / 刘淼 / ,7.3
死亡录播 찍히면 죽는다,https://img3.doubanio.com/lpic/s2390262.jpg,Gi-hun Kim,2000-08-26(韩国), 韩国,韩彩英 / 朴恩惠 / ,4.8
家族情仇 The Yards,https://img3.doubanio.com/lpic/s4611711.jpg,詹姆士·格雷,2000-04-27, 美国,马克·沃尔伯格 / 杰昆·菲尼克斯 / 查理兹·塞隆 / 詹姆斯·肯恩 / 艾伦·伯斯汀 / 费·唐纳薇 / Steve Lawrence / ,6.5
撞车 Crash,https://img3.doubanio.com/view/movie_poster_cover/lpst/public/p2075132390.jpg,保罗·哈吉斯,"2004-09-10(多伦多电影节),2005-05-06(美国)", 美国 / 德国,桑德拉·布洛克 / 唐·钱德尔 / 马特·狄龙 / 布兰登·费舍 / 泰伦斯·霍华德 / 坦迪·牛顿 / 卢达克里斯 / 迈克尔·佩纳 / 珍妮弗·艾斯波西多 / ,8.6
旅程,https://img3.doubanio.com/view/movie_poster_cover/lpst/public/p664129253.jpg,杨超,2004-05-14(戛纳电影节), 中国大陆,耿乐 / ,7.0
护士贝蒂 Nurse Betty,https://img3.doubanio.com/view/movie_poster_cover/lpst/public/p873128344.jpg,尼尔·拉布特,2000-09-08, 美国 / 德国,摩根·弗里曼 / 蕾妮·齐薇格 / 克里斯·洛克 / 格雷戈·金尼尔 / ,7.4
暗潮汹涌 The Contender,https://img3.doubanio.com/view/movie_poster_cover/lpst/public/p2166962901.jpg,罗德·拉里,2000-10-13, 美国 / 德国 / 英国,加里·奥德曼 / 琼·艾伦 / 杰夫·布里吉斯 / 克里斯蒂安·史莱特 / ,6.9
山村老尸2：色之恶鬼 山村老屍II色之惡鬼,https://img3.doubanio.com/view/movie_poster_cover/lpst/public/p2377307235.jpg,蓝志伟,2000-09-21, 香港,王合喜 / 万绮雯 / 张慧仪 / ,5.7
不溶性侵犯 フリーズ・ミー,https://img3.doubanio.com/view/movie_poster_cover/lpst/public/p1350899501.jpg,石井隆,2000-05-27(日本), 日本,井上晴美 / 竹中直人 / 鹤见辰吾 / ,6.0
中国咖啡 Chinese Coffee,https://img3.doubanio.com/lpic/s8966385.jpg,阿尔·帕西诺,2000-09-02, 美国,阿尔·帕西诺 / 杰里·奥尔巴赫 / ,7.6
女人三部曲 روزی که زن شدم,https://img3.doubanio.com/view/movie_poster_cover/lpst/public/p1009640500.jpg,玛兹嫣·玛克玛尔巴夫,2000-09-01(威尼斯电影节), 伊朗,Fatemeh Cherag Akhar / Hassan Nebhan / ,8.1
美邻诱惑 Up Against Amanda,https://img3.doubanio.com/lpic/s1810321.jpg,Michael Rissi,2001-12-26, 美国,Justine Priestley / ,5.0
颜 顔,https://img3.doubanio.com/view/movie_poster_cover/lpst/public/p661072716.jpg,阪本顺治,2000-08-12(日本), 日本,藤山直美 / 佐藤浩市 / 丰川悦司 / 大楠道代 / 国村隼 / 牧濑里穗 / 渡边美佐子 / 中村勘九郎 / 岸部一德 / 早乙女爱 / 内田春菊 / ,8.2
哥斯拉大战超翔龙 ゴジラ×メガギラス G消滅作戦,https://img3.doubanio.com/view/movie_poster_cover/lpst/public/p2180197824.jpg,手塚昌明,2000-12-16, 日本,田中美里 / 谷原章介 / 伊武雅刀 / 星由里子 / ,6.0
午夜凶铃3：贞相大白 リング0 バースデイ,https://img3.doubanio.com/view/movie_poster_cover/lpst/public/p2437577673.jpg,鹤田法男,2000-01-22(日本), 日本,仲间由纪惠 / 麻生久美子 / 田边诚一 / ,6.6
相亲结婚 お見合い結婚,https://img1.doubanio.com/lpic/s6917279.jpg,木下高男,2000-01-11, 日本,松隆子 / ,7.7
幻想魔传 最游记 幻想魔伝 最遊記,https://img1.doubanio.com/view/movie_poster_cover/lpst/public/p2242703388.jpg,伊達勇登,2000-04-04(日本), 日本,关俊彦 / 保志总一朗 / 石田彰 / ,8.5
热得冒烟 The Up In Smoke Tour,https://img3.doubanio.com/lpic/s4178414.jpg,,2000-12-02, 美国,,9.6
犯罪现场调查 第一季 CSI: Crime Scene Investigation Season 1,https://img1.doubanio.com/view/movie_poster_cover/lpst/public/p1922983597.jpg,Chris Carter,2000-10-06(美国), 美国,威廉·彼德森 / 玛格·海根柏格 / 加里·杜尔丹 / 乔治·艾德斯 / ,9.0
中华英豪,https://img1.doubanio.com/lpic/s3356678.jpg,范秀明,2000, 中国大陆,邵兵 / ,7.0
毛骨悚然撞鬼经 2000年特别篇 ほんとにあった怖い話 スペシャル2,https://img3.doubanio.com/lpic/s6961030.jpg,鹤田法男,2000-08-25(日本), 日本,稲垣吾郎 / 黒澤優 / 浅野温子 / 窪塚洋介 / 石田ゆり子 / 仲村トオル / 酒井法子 / ,6.5
只是爱的问题 Juste une question d'amour,https://img3.doubanio.com/view/movie_poster_cover/lpst/public/p1741019741.jpg,克里斯蒂安·富尔,2000-01-26(法国), 法国 / 比利时,西里尔·索文尼 / 斯戴芬·古林-提列 / Eva Darlan / Caroline Veyt / Danièle Denie / 伊蒂格·斯特凡 / Laurence César / Jean-Pierre Valère / Raphaëlle Lubansu / Jean-Baptiste Lefèvre / Aurélie Godichal / Jonathan Fox / 马赛尔·多索涅 / 布鲁诺·若里斯 / ,7.7
沉默的未知 アルジェントソーマ,https://img3.doubanio.com/lpic/s1927642.jpg,片山一良,2000-10-05(日本), 日本,保志总一朗 / 桑岛法子 / 茶风林 / 中田让治 / 纱ゆり / 子安武人 / 井上喜久子 / 堀江由衣 / 高田佑司 / ,7.8
超级访问,https://img1.doubanio.com/view/movie_poster_cover/lpst/public/p2196900739.jpg,,2000-02, 中国大陆,李静 / ,6.7
"脱缰的生命 Erika und Klaus Mann Story, Die",https://img3.doubanio.com/view/movie_poster_cover/lpst/public/p2180101864.jpg,Andrea Weiss,2000-11-08, 英国 / 德国,,"
    "
澳门街 十月初五的月光,https://img3.doubanio.com/view/movie_poster_cover/lpst/public/p2292799492.jpg,徐遇安,2000-07-10(香港), 香港,张智霖 / 佘诗曼 / 薛家燕 / 马浚伟 / 唐文龙 / 郭峰 / ,8.6
无业楼民,https://img3.doubanio.com/lpic/s2759200.jpg,王心慰,2000, 香港,刘松仁 / 伍咏薇 / 江华 / 张燊悦 / 洪天明 / 廖启智 / ,6.8
下一件好事 The Next Best Thing,https://img3.doubanio.com/view/movie_poster_cover/lpst/public/p2396414101.jpg,约翰·施莱辛格,2000-04-06, 美国,,5.7
龙之心2 Dragonheart: A New Beginning,https://img1.doubanio.com/view/movie_poster_cover/lpst/public/p2115274317.jpg,Doug Lefler,2000-08-08, 美国,Christopher Masterson / Harry Van Gorkum / Rona Figueroa / Matt Hickey / ,5.8
成人童话系列1 令人恐怖的格林童话 オトナの童話シリーズI 世にも恐ろしいグリム童话,https://img1.doubanio.com/view/movie_poster_cover/lpst/public/p2382196918.jpg,增井壮一,2000-06-21(日本), 日本,,7.2
骇客追缉令 Takedown,https://img1.doubanio.com/view/movie_poster_cover/lpst/public/p2411984058.jpg,乔·施佩尔,2000-03-15, 美国,斯基特·乌尔里奇 / 王盛德 / ,7.4
女人那话儿,https://img3.doubanio.com/lpic/s7008416.jpg,黄真真,2004-01-19, 香港,许鞍华 / 邵音音 / 周美凤 / ,7.3
土豆工厂 The Potato Factory,https://img3.doubanio.com/view/movie_poster_cover/lpst/public/p2233036824.jpg,Robert Marchand,2000-07-17, 澳大利亚,Ben Cross / Lisa McCune / ,9.6
变鼠记 Rat,https://img1.doubanio.com/view/movie_poster_cover/lpst/public/p2336735478.jpg,Steve Barron,2000-10-06, 爱尔兰 / 英国 / 美国,Pete Postlethwaite / Imelda Staunton / ,6.5
耶稣基督万世巨星 Great Performances: Jesus Christ Superstar,https://img1.doubanio.com/lpic/s1987599.jpg,Gale Edwards,"2000-10-16(英国),2001-04-11(美国)", 英国,Rik Mayall / Jerome Pradon / ,8.3
红蜘蛛,https://img3.doubanio.com/lpic/s3113065.jpg,张军钊,, 中国大陆,李婷 / 史可 / ,6.8
九九归一,https://img3.doubanio.com/view/movie_poster_cover/lpst/public/p2374796552.jpg,沈好放,2000, 中国,陈刚 / 王同辉 / 王馥荔 / 郑铮 / 朱媛媛 / 米铁增 / 修宗迪 / 霍思燕 / 刘希媛 / 徐秀林 / 辛柏青 / 房斌 / ,8.8
追访有情人 인터뷰,https://img3.doubanio.com/view/movie_poster_cover/lpst/public/p970479054.jpg,边赫,2000-04-01, 韩国,李政宰 / 沈银河 / ,7.1
第一神拳 はじめの一歩,https://img1.doubanio.com/view/movie_poster_cover/lpst/public/p2141521339.jpg,西村聪,2000, 日本,喜安浩平 / ,9.0
让爱传出去 Pay It Forward,https://img3.doubanio.com/view/movie_poster_cover/lpst/public/p840638513.jpg,咪咪·莱德,2000-10-20, 美国,凯文·史派西 / 海伦·亨特 / 海利·乔·奥斯蒙 / 杰·摩尔 / 吉姆·卡维泽 / ,8.1
民谣搜集者 Songcatcher,https://img3.doubanio.com/lpic/s2757445.jpg,Maggie Greenwald,2001-02-08, 美国,,7.6
幸福街,https://img3.doubanio.com/view/movie_poster_cover/lpst/public/p2160146026.jpg,英达,2000, 中国大陆,刘烨 / 谢娜 / 嘉玲 / 蔡明 / 李成儒 / 李野萍 / ,6.0
乱世桃花,https://img3.doubanio.com/view/movie_poster_cover/lpst/public/p2113003361.jpg,陈剑波,, 中国大陆,俞飞鸿 / 吴孟达 / 吴京 / 马雅舒 / 叮当 / 卓凡 / 周野芒 / 秦焰 / 韩童生 / 邵峰 / 鲍国安 / 翁家明 / 黄达亮 / 聂雅亮 / ,6.3
穿越美国 Transamerica,https://img1.doubanio.com/view/movie_poster_cover/lpst/public/p2342279728.jpg,Duncan Tucker,2005-12-23, 美国,菲丽西提·霍夫曼 / 凯文·席格斯 / 菲奥纽拉·弗拉纳根 / 格雷厄姆·格林 / 伊丽莎白·佩纳 / ,8.2
阴谋与婚礼 Koshish - Ek Aashaa,https://img3.doubanio.com/lpic/s1477441.jpg,安努拉格·巴苏,2000-02(印度), 印度,桑德娅·姆瑞德尔--饰卡佳拉 / ,7.5
百集聊斋之人鬼情缘,https://img3.doubanio.com/lpic/s4421796.jpg,高力强,2000, 中国大陆,刘敏涛 / 刘奕君 / ,8.0
荣誉,https://img3.doubanio.com/view/movie_poster_cover/lpst/public/p2408275612.jpg,成浩,2000-07-08, 中国大陆,程煜 / 于小慧 / 牛振华 / 石兆琪 / 姚安濂 / 倪土 / 于娜 / 刘佳 / 慕菁 / 崔维宁 / 杨立山 / 何瑜 / 黄力 / 梅丽娜 / 游凌舒 / 毛玲萍 / 常小菱 / 杨本旺 / 张永生 / 石志杰 / 常哲涛 / 刘淑英 / 孙连久 / 赵成顺 / 于同云 / 张欣 / 林柯 / 马向阳 / 肖云飞 / ,8.0
大和抚子 やまとなでしこ,https://img3.doubanio.com/lpic/s4203685.jpg,若松节朗,2000-10-09(日本), 日本,松岛菜菜子 / 堤真一 / 矢田亚希子 / 须藤理彩 / 笕利夫 / 东干久 / 押尾学 / 森口瑶子 / 市毛良枝 / ,8.0
魔卡少女樱OVA：知世的活跃影像日记 すてきですわ、さくらちゃん! 知世のカードキャプターさくら活躍ビデオ日記!,https://img3.doubanio.com/lpic/s4412490.jpg,,2000, 日本,丹下樱 / 岩男润子 / ,8.5
悍女 Brimstone,https://img3.doubanio.com/view/movie_poster_cover/lpst/public/p2448526930.jpg,马丁·寇霍文,"2016-09-03(威尼斯电影节),2017-01-12(荷兰)", 荷兰 / 法国 / 德国 / 比利时 / 瑞典 / 英国,达科塔·范宁 / 盖·皮尔斯 / 基特·哈灵顿 / 卡里斯·范·侯登 / 保罗·安德森 / 艾米莉亚·琼斯 / 艾薇·乔治 / 薇拉·维塔利 / 威廉·休斯顿 / 卡拉·朱里 / 杰克·罗思 / 娜奥米·巴特里克 / 艾德里安·斯帕克斯 / 多里斯·洛夫 / ,6.5
生死拳 黑拳,https://img3.doubanio.com/view/movie_poster_cover/lpst/public/p2143892416.jpg,罗守耀,2006-10-05, 香港,吴京 / 郑中基 / 杨爱瑾 / 张兆辉 / 卢惠光 / ,6.6
起毛球了,https://img1.doubanio.com/view/movie_poster_cover/lpst/public/p2393279599.jpg,吴米森,2000-10-11, 台湾,张毓晨 / 蔡振良 / 易智言 / 张榕容 / ,6.7
豆蔻之歌 Our Song,https://img1.doubanio.com/lpic/s3112479.jpg,Jim McKay,2001-04-11, 美国,,"
    "
二千年之恋 二千年の恋,https://img3.doubanio.com/lpic/s1945860.jpg,河毛俊作,2000-01-10, 日本,中山美穗 / 金城武 / 宫泽和史 / Fayray / 东干久 / 仲间由纪惠 / ,7.3
葵 德川三代 葵 徳川三代,https://img3.doubanio.com/view/movie_poster_cover/lpst/public/p2385595801.jpg,重光亨彦,2000-01-09(日本), 日本,津川雅彦 / 西田敏行 / ,9.1
他人之子 Le fils,https://img3.doubanio.com/view/movie_poster_cover/lpst/public/p2183209196.jpg,让-皮埃尔·达内,2002-10-23, 比利时 / 法国,奥利弗·古尔迈 / 摩根·马林 / ,8.1
世界奇妙物语 电影特别篇 世にも奇妙な物語 映画の特別編,https://img3.doubanio.com/view/movie_poster_cover/lpst/public/p912715405.jpg,小椋久雄,2000-11-03(日本), 日本,中井贵一 / 山本耕史 / 柏原崇 / 稻森泉 / 奥菜惠 / 冈元夕纪子 / 武田真治 / 森田一义 / 矢田亚希子 / 铃木一真 / 石桥莲司 / 佐藤隆太 Ryûta Satô / 相岛一之 / 谷津勋 / ,8.2
命案十三宗,https://img3.doubanio.com/view/movie_poster_cover/lpst/public/p2375020580.jpg,高群书,, 中国大陆,刘威葳 / ,8.5
沙之下 Sous le sable,https://img1.doubanio.com/view/movie_poster_cover/lpst/public/p2200192199.jpg,弗朗索瓦·欧容,2000-09-11, 法国,夏洛特·兰普林 / 布鲁诺·克雷默 / ,7.7
笑傲江湖,https://img1.doubanio.com/view/movie_poster_cover/lpst/public/p1602170059.jpg,杨佩佩,2000-01-03, 台湾,任贤齐 / ,5.7
疯狂星期一 ＭＯＮＤＡＹ　マンデイ,https://img3.doubanio.com/lpic/s1431133.jpg,萨布,2000-04-29, 日本,堤真一 / 松雪泰子 / 西田尚美 / 安藤政信 / 寺岛进 / ,7.8
灵动：鬼影实录 Paranormal Activity,https://img3.doubanio.com/view/movie_poster_cover/lpst/public/p1758221404.jpg,Oren Peli,"2007-10-14(洛杉矶尖叫电影节),2009-09-25(美国)", 美国,凯蒂·菲德斯通 / Micah Sloat / ,6.4
中关村风云,https://img1.doubanio.com/lpic/s3594748.jpg,邵方,, 中国大陆,范冰冰 / 刘红雨 / 刘栋 / ,5.7
小美人鱼2：重返大海 The Little Mermaid II: Return to the Sea,https://img3.doubanio.com/view/movie_poster_cover/lpst/public/p2278175861.jpg,Jim Kammerud,2000-08-31, 美国 / 加拿大 / 澳大利亚,,7.0
致命的邂逅 Franck Spadone,https://img1.doubanio.com/lpic/s3332798.jpg,Richard Bean,2000-07-19, 法国,Stanislas Merhar / Monica Bellucci 莫妮卡·贝鲁琪 / ,5.5
萨满 Sanam,https://img3.doubanio.com/view/movie_poster_cover/lpst/public/p1941464620.jpg,Rafi Pitts,2000, 伊朗,,7.2
欲火狂情,https://img3.doubanio.com/view/movie_poster_cover/lpst/public/p2358665936.jpg,胡家勤,, 台湾,夏晓虹 / 陈露 / 巩丽 / 甘露 / 袁志明 / 陈建一 / ,"
    "
伊甸园 Big Eden,https://img1.doubanio.com/view/movie_poster_cover/lpst/public/p2374325827.jpg,托马斯·伯祖查,2000-04-18, 美国,阿尔耶·格罗斯 / 埃里克·施维克 / ,7.1
开心就好,https://img3.doubanio.com/lpic/s4693976.jpg,张一白,2000-02-07, 中国大陆,刘佩琦 / 斯琴高娃 / 李亚鹏 / 朱茵 / 耿乐 / 周迅 / ,7.9
卢金的防守 The Luzhin Defence,https://img3.doubanio.com/view/movie_poster_cover/lpst/public/p1127814903.jpg,玛琳·格里斯,2000-09-08, 法国 / 英国,约翰·特托罗 / 艾米丽·沃森 / 杰拉丁妮·詹姆斯 / ,7.3
女子特警队,https://img3.doubanio.com/lpic/s2611912.jpg,陈胜利,2000-04-21(中国大陆), 中国大陆,罗斌 / 梁静 / 颜红君 / 雷敏 / ,7.8
做我太太一百天,https://img3.doubanio.com/lpic/s2950800.jpg,凌云,2000, 中国大陆,林芳兵 / 赵亮 / 王馥荔 / 陈晓乐 / 何睛 / 刘涛 / ,7.1
笑傲江湖,https://img1.doubanio.com/lpic/s2406228.jpg,霍志揩,2000-05-18, 新加坡,马景涛 / 范文芳 / 郑秀珍 / 陈秀丽 / 李锦梅 / ,5.9
肥猫寻亲记,https://img3.doubanio.com/lpic/s3269736.jpg,陈文宽,, 中国大陆,郑则仕 / 斯琴高娃 / 郝蕾 / 李可妮 / 陈莹 / 关礼杰 / 蒋恺 / 刘梦珂 / ,6.8
稻草人 Пугало,https://img3.doubanio.com/lpic/s5333841.jpg,Alexander Kott,2001, 俄罗斯,蒂尔·施威格 / ,8.1
临阵软脚 第三季 Cold Feet Season 3,https://img3.doubanio.com/view/movie_poster_cover/lpst/public/p2174757444.jpg,西蒙·德兰尼,2000-11-12(英国), 英国,海伦·巴克森代尔 / 詹姆斯·内斯比特 / 罗伯特·巴瑟斯特 / 约翰·汤姆森 / 赫米奥娜·诺里斯 / ,"
    "
双子的天空 Twin Falls Idaho,https://img3.doubanio.com/lpic/s2757373.jpg,麦克·鲍力施,2000-11-02, 美国,马克·鲍力施 / 麦克·鲍力施 / ,8.4
紧急迫降,https://img3.doubanio.com/view/movie_poster_cover/lpst/public/p2218414892.jpg,张建亚,2000, 中国,邵兵 / 尤勇 / 徐帆 / 池华琼 / 张康尔 / 魏宗万 / 丁嘉元 / ,6.2
我盛大的希腊婚礼 My Big Fat Greek Wedding,https://img1.doubanio.com/view/movie_poster_cover/lpst/public/p1461669339.jpg,乔尔·兹维克,2002-08-02, 美国 / 加拿大,妮娅·瓦达拉斯 / 迈克尔·康斯坦丁 / 莱妮·卡赞 / 安德列·马丁 / 路易·曼迪勒 / ,6.8
心灵访客 Finding Forrester,https://img1.doubanio.com/lpic/s6887549.jpg,格斯·范·桑特,2000-12-19, 美国,肖恩·康纳利 / Rob Brown / F·默里·亚伯拉罕 / 安娜·帕奎因 / ,8.0
巧克力男孩 Drôle de Félix,https://img1.doubanio.com/lpic/s4561057.jpg,Jacques Martineau,2000-04-19, 法国,,7.0
神偷次世代,https://img3.doubanio.com/lpic/s4149386.jpg,叶伟信,2000-11-24, 香港,黎明 / 舒淇 / 陈小春 / 李灿森 / 郑雪儿 / 尹子维 / 龙刚 / 杜德伟 / ,5.8
哆啦A梦：大雄的太阳王传说 ドラえもん のび太の太陽王伝説,https://img3.doubanio.com/view/movie_poster_cover/lpst/public/p2190703656.jpg,芝山努,"2000-03-11(日本),2001-08-09(香港)", 日本,大山信代 / 小原乃梨子 / 野村道子 / 立壁和也 / 肝付兼太 / ,8.0
美丽人生 ビューティフルライフ,https://img1.doubanio.com/lpic/s2414049.jpg,生野慈朗,2000-01-16(日本), 日本,木村拓哉 / 常盘贵子 / 水野美纪 / 池内博之 / 渡部笃郎 / 原千晶 / 小雪 / 茂吕师冈 / 的场浩司 / 大森晓美 Akemi Ohmori / 河原崎建三 / ,8.3
拯救格雷斯 Saving Grace,https://img1.doubanio.com/view/movie_poster_cover/lpst/public/p794190927.jpg,奈吉·柯尔,2000-05-19, 英国,布兰达·布莱斯 / 克雷格·费格森 / 马丁·克鲁勒斯 / ,7.5
辣椒教室,https://img1.doubanio.com/lpic/s4665907.jpg,陈勋奇,2000-01-06, 香港,陈勋奇 / 杨恭如 / 雷颂德 / 陈逸宁 / 方子璇 / ,7.5
漂亮妈妈,https://img3.doubanio.com/view/movie_poster_cover/lpst/public/p1330477780.jpg,孙周,2000-02-13(柏林电影节), 中国大陆,巩俐 / 施京明 / 吕丽萍 / 雷恪生 / 林清 / 高鑫 / ,7.2
出口 Exit,https://img3.doubanio.com/lpic/s1483175.jpg,Olivier Megaton,2000-07-12, 法国,Patrick Fontana / Féodor Atkine / ,7.1
21世纪的起源 De l'origine du XXIe siècle,https://img1.doubanio.com/lpic/s1662067.jpg,让-吕克·戈达尔,2000-05-10, 法国,Pierre Guyotat / ,8.3
一见钟情 一見鐘情,https://img1.doubanio.com/lpic/s3955857.jpg,刘伟强,2000-04-20, 香港 / 美国,张曼玉 / 黎明 / 葛民辉 / 吴耀汉 / 关秀媚 / 周嘉玲 / ,7.2
老地方 The Old Place,https://img3.doubanio.com/lpic/s1662076.jpg,Jean-Luc Godard,2002-04-19, 法国 / 美国,让-吕克·戈达尔 / ,8.5
铃兰：少女萌的故事 すずらん 少女萌の物語,https://img3.doubanio.com/view/movie_poster_cover/lpst/public/p2195973053.jpg,黛りんたろう,2000-06-17, 日本,桥爪功 / 柊瑠美 / 黑木瞳 / ,9.4
蓝色爱情,https://img3.doubanio.com/view/movie_poster_cover/lpst/public/p2328615810.jpg,霍建起,2000, 中国,潘粤明 / 袁泉 / ,7.4
一见先生 いちげんさん,https://img3.doubanio.com/view/movie_poster_cover/lpst/public/p1879784715.jpg,森本功,2000-01-29, 日本,铃木保奈美 / 中田喜子 / 渡边哲 / 藤田宗 / ,7.3
三亿日元抢劫案 三億円事件,https://img3.doubanio.com/view/movie_poster_cover/lpst/public/p2346400596.jpg,藤田明二,2000-12-30, 日本,北野武 / 长濑智也 / 松田龙平 / 渡部笃郎 / 濑户朝香 / 夏八木勋 / ,7.4
X档案 第八季 The X-Files Season 8,https://img1.doubanio.com/lpic/s3304559.jpg,Kim Manners,2000-11-05, 美国,David Duchovny / Gillian Anderson / ,8.5
苦儿流浪记 Sans famille,https://img3.doubanio.com/lpic/s1662032.jpg,Jean-Daniel Verhaeghe,2000-12-18, 法国,Jules Sitruk / Pierre Richard / Stefano Dionisi / ,8.8
成龙历险记 第一季 Jackie Chan Adventures Season 1,https://img3.doubanio.com/lpic/s4231660.jpg,Frank Squillace,2000-09-09(美国), 美国 / 香港,成龙 / James Sie / ,7.4
白宫风云  第二季 The West Wing Season 2,https://img3.doubanio.com/lpic/s3692432.jpg,托马斯·施拉梅,2000-10-04, 美国,艾莉森·珍妮 / 马丁·辛 / 约翰·斯宾塞 / ,9.3
酒是故乡醇,https://img3.doubanio.com/view/movie_poster_cover/lpst/public/p1928876832.jpg,刘仕裕,2001-10-29, 香港,林家栋 / 佘诗曼 / ,7.4
贫嘴张大民的幸福生活,https://img3.doubanio.com/view/movie_poster_cover/lpst/public/p2374805885.jpg,沈好放,2000-02-15(中国大陆), 中国大陆,梁冠华 / 朱媛媛 / 霍思燕 / 徐秀林 / 岳秀清 / 潘粤明 / 鲍大志 / 王同辉 / 刘桦 / ,8.1
冷战 冷戰,https://img1.doubanio.com/lpic/s3783308.jpg,梁家仁,2000-06-17(香港), 香港,任达华 / 钟丽缇 / ,4.6
新鲜人,https://img3.doubanio.com/lpic/s3214682.jpg,曾谨昌,, 香港,林保怡 / 蒙嘉慧 / 冯德伦 / 容祖儿 / 徐子淇 / 许绍雄 / ,8.2
北广场 North Square,https://img1.doubanio.com/view/movie_poster_cover/lpst/public/p2171989488.jpg,蒂姆·费威尔,2000-10-18(英国), 英国,菲尔·戴维斯 / 鲁伯特·彭利-琼斯 / 海伦·麦克洛瑞 / 凯文·麦克基德 / 詹姆斯·莫瑞 / ,8.9
Eminem: E,https://img3.doubanio.com/lpic/s4351851.jpg,Philip G. Atwell,19 December 2000, 美国,Eminem / Kon Artis / ,9.4
2000年中央电视台春节联欢晚会,https://img3.doubanio.com/view/movie_poster_cover/lpst/public/p2263262324.jpg,张晓海,2000-02-04, 中国大陆,朱军 / 周涛 / 倪萍 / 赵忠祥 / 水均益 / 罗京 / 崔永元 / 李瑞英 / 鞠萍 / 文清 / 海霞 / 杨澜 / 姜昆 / ,6.1
尚方宝剑,https://img1.doubanio.com/lpic/s4388168.jpg,靳德茂,2000, 中国大陆,李雪健 / 斯琴高娃 / 杨若兮 / 陈道明 / 张永琪 / 张谦 / ,5.9
高谭妹子 第一季 Gotham Girls Season 1,https://img3.doubanio.com/view/movie_poster_cover/lpst/public/p2313023385.jpg,,2000-07-27(美国), 美国,Arleen Sorkin / Diane Pershing / 塔拉·斯特朗 / ,8.7
中央舞台 Center Stage,https://img3.doubanio.com/view/movie_poster_cover/lpst/public/p783126245.jpg,尼古拉斯·希特纳,2000-05-12, 美国,彼得·盖勒 / Ilia Kulik / 佐伊·索尔达娜 / 阿曼达·舒尔 / Susan May / 戴布拉·莫克 / Ethan Stiefel / 萨沙·拉德斯基 / 唐纳·墨菲 / Julie Kent / 艾恩·贝利 / Shakiem Evans / ,8.2
枪火 鎗火,https://img3.doubanio.com/view/movie_poster_cover/lpst/public/p1538646661.jpg,杜琪峰,1999-11-19, 香港,吴镇宇 / 任达华 / 黄秋生 / 吕颂贤 / 张耀扬 / 林雪 / 王天林 / 施绮莲 / ,8.6
奇迹小子 Wonder Boys,https://img3.doubanio.com/view/movie_poster_cover/lpst/public/p2166946816.jpg,柯蒂斯·汉森,2000-02-25, 英国 / 德国 / 美国 / 日本,迈克尔·道格拉斯 / 托比·马奎尔 / 弗兰西斯·麦克多蒙德 / 小罗伯特·唐尼 / ,7.4
五星级杀人夜 Dinner Rush,https://img3.doubanio.com/view/movie_poster_cover/lpst/public/p2240305506.jpg,鲍勃·吉拉尔迪,2000-09-01, 美国,丹尼·爱罗 / 约翰·罗斯曼 / ,7.8
驯鹿游戏 Reindeer Games,https://img3.doubanio.com/view/movie_poster_cover/lpst/public/p2188484314.jpg,约翰·弗兰克海默,2000-06-15, 美国,本·阿弗莱克 / 查理兹·塞隆 / ,6.5
两个人的游戏 Two Can Play That Game,https://img3.doubanio.com/lpic/s3076110.jpg,马克 布朗 (Mark Brown),2001-09-07, 美国,,6.5
歪星撞地球  第六季 3rd rock from the sun Season 6,https://img3.doubanio.com/lpic/s4655051.jpg,Bonnie Turner,2000-10-24(美国), 美国,约翰·利特高 / 克莉丝汀·约翰斯顿 / 弗伦奇·斯图尔特 / ,9.1
女生出拳 Girlfight,https://img1.doubanio.com/lpic/s1435528.jpg,卡瑞恩·库萨马,2000-11-23, 美国,米歇尔·罗德里格兹 / 杰姆·蒂尼 / Paul Calderon / Santiago Douglas / ,6.8
干柴烈火 Gouttes d'eau sur pierres brûlantes,https://img3.doubanio.com/view/movie_poster_cover/lpst/public/p2003916414.jpg,弗朗索瓦·欧容,2000-03-15(法国), 法国,贝纳·纪欧多 / 马立克·兹迪 / ,7.2
生命的证据 Proof of Life,https://img1.doubanio.com/view/movie_poster_cover/lpst/public/p2197177529.jpg,泰勒·海克福德,2000-12-08, 美国,梅格·瑞恩 / 罗素·克劳 / 大卫·摩斯 / 帕梅拉·里德 / ,7.0
戒烟25法 25 Ways to Quit Smoking,https://img3.doubanio.com/lpic/s1794040.jpg,比尔·普莱姆顿,2000-11-22(法国), 美国,,7.4
披头四外传 Two of Us (TV),https://img3.doubanio.com/lpic/s3867866.jpg,迈克尔 林赛-霍格 (Michael Lindsay-Hogg),2000-02-01, 美国,艾丹·奎因 / ,8.1
夏之雪 Summer Snow,https://img3.doubanio.com/lpic/s1498725.jpg,松原浩,2000-07-07(日本), 日本,堂本刚 / 广末凉子 / 今井翼 / 池胁千鹤 / 小栗旬 / 中村俊介 / ,8.4
谁的谁心疼,https://img3.doubanio.com/lpic/s1681411.jpg,孙皓 孟瑶,, 中国大陆,瞿颖 / 邵峰 / 李乃文 / ,7.7
漂流街,https://img3.doubanio.com/lpic/s1514032.jpg,三池崇史,2000-09-15(日本), 日本,李嘉欣 / 吉川晃司 / ,5.9
小提琴家的艺术之旷世通鉴 The Art of Violin,https://img1.doubanio.com/lpic/s1723887.jpg,Bruno Monsaingeon,2000-12-04, 法国,Ivry Gitlis / Ida Haendel / Hilary Hahn / Laurent Korcia / Yehudi Menuhin / Itzhak Perlman / ,9.5
女人置上 Woman on Top,https://img1.doubanio.com/view/movie_poster_cover/lpst/public/p1440457868.jpg,芬娜·托雷斯,2000-09-22(美国/希腊), 美国,佩内洛普·克鲁兹 / 莫里奥·本尼西奥 / ,6.7
庙街妈兄弟,https://img3.doubanio.com/lpic/s2750016.jpg,潘嘉德,, 香港,叶璇 / 梁汉文 / 黄淑仪 / 李克勤 / ,6.8
挞出爱火花 撻出愛火花,https://img1.doubanio.com/view/movie_poster_cover/lpst/public/p776786228.jpg,庄伟建,, 香港,谢霆锋 / 张燊悦 / 元华 / 梁艺龄 / 刘恺威 / 韦家雄 / 李珊珊 / 欧倩怡 / ,7.2
野花 Kytice,https://img3.doubanio.com/view/movie_poster_cover/lpst/public/p2359892261.jpg,F.A.布拉贝克,2000-12-07, 捷克,玛蒂娜·贝兹斯科娃 / Sylvie Kraslová / Sára Vorisková / ,8.0
候车大厅,https://img3.doubanio.com/view/movie_poster_cover/lpst/public/p2432576423.jpg,英达,, 中国大陆,方青卓 / 英壮 / ,7.6
铁路沿线,https://img3.doubanio.com/view/movie_poster_cover/lpst/public/p1731414772.jpg,杜海滨,2000, 中国大陆,,8.2
通天塔 Babel,https://img3.doubanio.com/view/movie_poster_cover/lpst/public/p792233816.jpg,亚利桑德罗·冈萨雷斯·伊纳里图,"2007-03-13(中国大陆),2006-11-10(美国)", 法国 / 美国 / 墨西哥,布拉德·皮特 / 凯特·布兰切特 / 盖尔·加西亚·贝纳尔 / 艾德里安娜·巴拉扎 / 菊地凛子 / 役所广司 / ,8.0
离天国最近的男人 天国に一番近い男,https://img3.doubanio.com/lpic/s1507494.jpg,生野慈朗,1999-01-08, 日本,松冈昌宏 / 奥菜惠 / 池内博之 / 阵内孝则 / ,8.1
纺织姑娘,https://img3.doubanio.com/view/movie_poster_cover/lpst/public/p1231569814.jpg,王全安,2010-11-26(中国大陆), 中国大陆,余男 / 程正武 / ,7.2
唐吉诃德 Don Quixote,https://img3.doubanio.com/lpic/s2873780.jpg,彼得·叶茨,2000-04-09, 美国,约翰·利特高 / 鲍勃·霍斯金斯 / 伊莎贝拉·罗西里尼 / ,7.2
考试一家亲,https://img3.doubanio.com/lpic/s1478760.jpg,阿甘,, 中国大陆,宋丹丹 / 傅彪 / 王汝刚 / 肖博 / ,6.5
小亲亲 小親親,https://img3.doubanio.com/view/movie_poster_cover/lpst/public/p2283607482.jpg,奚仲文,2000-06-30, 香港,郭富城 / 陈慧琳 / 陈辉虹 / 陈逸宁 / 张智霖 / 张国荣 / 张达明 / 宣萱 / 雷颂德 / 毛舜筠 / 曾志伟 / ,6.9
百万美元酒店 The Million Dollar Hotel,https://img1.doubanio.com/view/movie_poster_cover/lpst/public/p1369054338.jpg,维姆·文德斯,2000-02-10, 德国 / 英国 / 美国,米拉·乔沃维奇 / 杰瑞米·戴维斯 / 梅尔·吉布森 / 吉米·斯密茨 / 彼得·斯特曼 / ,7.9
侠骨仁心,https://img3.doubanio.com/lpic/s2660344.jpg,邓特希,2001-02-12(香港), 香港,梁朝伟 / 李嘉欣 / 钟镇涛 / 关咏荷 / 冯德伦 / 杨恭如 / 周嘉玲 / 张文慈 / 吕颂贤 / ,6.7
"两杆大烟枪 续篇 Lock, Stock...",https://img3.doubanio.com/view/movie_poster_cover/lpst/public/p2216270382.jpg,大卫·萨克尔,2000-06-06, 英国,Daniel Caltagirone / Scott Maslen / Shaun Parkes / Del Synnott / ,9.0
随心所遇,https://img3.doubanio.com/lpic/s2749870.jpg,姜宁,2000年, 新加坡,郑斌辉 / 傅芳玲 / 程笛 / ,8.8
妙手仁心2,https://img3.doubanio.com/view/movie_poster_cover/lpst/public/p2314385274.jpg,戚其义,2000-11-20, 香港,吴启华 / 林保怡 / 陈慧珊 / 蔡少芬 / 蒙嘉慧 / 陈洁仪 / 陈豪 / 曹永廉 / 邵美琪 / ,7.9
称心如意,https://img1.doubanio.com/view/movie_poster_cover/lpst/public/p2329321317.jpg,梁天,, 中国大陆,莫岐 / 何冰 / 范伟 / 谢园 / 景岗山 / 李永波 / ,"
    "
雷霆第一关,https://img3.doubanio.com/lpic/s24591942.jpg,张乾文,, 香港,宣萱 / 王喜 / 汪明荃 / 李修贤 / 吴美珩 / 梁琤 / ,7.4
SK状元榜,https://img3.doubanio.com/view/movie_poster_cover/lpst/public/p2322281391.jpg,,2000-01, 中国大陆,徐春妮 / 蔡紫 / ,8.2
小宝与康熙 小寶與康熙,https://img3.doubanio.com/view/movie_poster_cover/lpst/public/p2285670902.jpg,潘文杰,"2000-07-25(台湾),2001-02-12(香港)", 香港 / 台湾,张卫健 / 林心如 / 朱茵 / 舒淇 / 陈法蓉 / 吴辰君 / 张茜 / 麦家琪 / 谭耀文 / 郑伊健 / 吴孟达 / 梁家仁 / 徐锦江 / 黄一飞 / ,6.9
天下足球,https://img3.doubanio.com/view/movie_poster_cover/lpst/public/p2264941730.jpg,,2000-11-27, 中国大陆,段暄 / ,9.4
怒海潜将 Men of Honor,https://img3.doubanio.com/view/movie_poster_cover/lpst/public/p854347722.jpg,小乔治·提尔曼,2000-11-16, 美国,罗伯特·德尼罗 / 小库珀·古丁 / ,8.2
生化特警之丧尸任务 生化特警之喪屍任務,https://img3.doubanio.com/lpic/s1786890.jpg,郑伟文,2000-12-01, 香港,冯德伦 / 李灿森 / 陈蕙明 / 陈炜 / 黎骏 / 许绍雄 / 吴志雄 / ,5.0
女狼俱乐部 Coyote Ugly,https://img1.doubanio.com/lpic/s1947219.jpg,David McNally,2000-07-31, 美国,派珀·佩拉博 / 亚当·加西亚 / 玛丽亚·贝罗 / 约翰·古德曼 / ,6.9
婚礼 Свадьба,https://img3.doubanio.com/view/movie_poster_cover/lpst/public/p2174118272.jpg,帕维·龙根,2000-09-27, 俄罗斯 / 法国 / 德国,马拉特·巴沙罗夫 / 玛丽亚·米罗诺娃 / ,8.2
巴黎春梦 Vatel,https://img3.doubanio.com/view/movie_poster_cover/lpst/public/p2158918111.jpg,罗兰·约菲,2000-05-10, 法国 / 英国 / 比利时,杰拉尔·德帕迪约 / 乌玛·瑟曼 / ,7.3
机票情缘 Bounce,https://img3.doubanio.com/view/movie_poster_cover/lpst/public/p1580686070.jpg,唐·罗斯,2000-11-15, 美国,本·阿弗莱克 / 格温妮斯·帕特洛 / 亚历克斯·D·林兹 / 詹妮弗·格雷 / ,6.3
鹅毛笔 Quills,https://img3.doubanio.com/view/movie_poster_cover/lpst/public/p701820725.jpg,菲利普·考夫曼,2000-12-15, 美国 / 德国 / 英国,杰弗里·拉什 / 凯特·温丝莱特 / 杰昆·菲尼克斯 / 迈克尔·凯恩 / 帕特里克·麦拉海德 / 阿梅丽娅·华纳 / ,7.4
战争存亡录 Into the Arms of Strangers: Stories of the Kindertransport,https://img1.doubanio.com/view/movie_poster_cover/lpst/public/p2172071387.jpg,Mark Jonathan Harris,2000-09-10, 英国 / 美国,,8.6
变身国王 The Emperor's New Groove,https://img1.doubanio.com/view/movie_poster_cover/lpst/public/p1033686627.jpg,Mark Dindal,2000-12-15(美国), 美国,大卫·斯佩德 / 约翰·古德曼 / 艾萨·凯特 / ,7.9
月光提琴手 Το φως που σβήνει,https://img3.doubanio.com/lpic/s1441521.jpg,Vasilis Douros,2000-12-15, 希腊,Alekos Alexandrakis / Vladimiros Golosinski / ,7.6
亡情朱古力 Merci pour le chocolat,https://img3.doubanio.com/view/movie_poster_cover/lpst/public/p2304541935.jpg,克劳德·夏布洛尔,2000-10-25, 法国 / 瑞士,伊莎贝尔·于佩尔 / 雅克·迪特隆 / 安娜·莫格拉莉丝 / ,7.1
侠女闯天关,https://img3.doubanio.com/view/movie_poster_cover/lpst/public/p2338947536.jpg,朱延平,2000, 香港 / 中国大陆 / 台湾,赵薇 / 吴奇隆 / 顾宝明 / 郝劭文 / 曹骏 / 岳跃利 / ,6.4
王子与公主 Princes et princesses,https://img3.doubanio.com/view/movie_poster_cover/lpst/public/p812841916.jpg,米歇尔·欧斯洛,2000年1月26日, 法国,Arlette Mirapeu（voice） / Philippe Cheytion（voice） / ,8.6
生命宛如致命恶疾 Życie jako śmiertelna choroba przenoszona drogą płciową,https://img3.doubanio.com/lpic/s1446996.jpg,克日什托夫·扎努西,2000-09-08, 法国 / 波兰,Zbigniew Zapasiewicz / 克里斯提娜·杨达 / ,7.8
碧血剑 碧血劍,https://img3.doubanio.com/view/movie_poster_cover/lpst/public/p1928871095.jpg,李添胜,2000-11-20(香港), 香港,江华 / 欧子欣 / 吴美珩 / 林家栋 / 关宝慧 / 佘诗曼 / ,6.6
顺流逆流,https://img1.doubanio.com/view/movie_poster_cover/lpst/public/p744743348.jpg,徐克,2000-10-19, 香港,谢霆锋 / 伍佰 / 卢巧音 / 徐子淇 / 黄秋生 / 恭硕良 / ,7.5
咒怨2 录像带版 呪怨2 ビデオオリジナル版,https://img1.doubanio.com/view/movie_poster_cover/lpst/public/p2230105669.jpg,清水崇 Takashi Shimizu,2000-04-14, 日本,大家由祐子 / 芦川诚 / 藤井香织 / 柳忧怜 / 小山僚太 / 藤贵子 / ,7.4
川流不息 川の流れのように,https://img1.doubanio.com/view/movie_poster_cover/lpst/public/p918988257.jpg,秋元康,2000-04-29, 日本,森光子 / 田中邦卫 / 泷泽秀明 / 西村雅彦 / 久我美子 / ,8.3
冤家成双对 第一季 Coupling Season 1,https://img3.doubanio.com/view/movie_poster_cover/lpst/public/p2375152434.jpg,Martin Dennis,2000-05-12(英国), 英国,杰克·达文波特 / 吉娜·贝尔曼 / ,9.0
黑衣人：异形入侵 Men in Black Alien Attack,https://img3.doubanio.com/view/movie_poster_cover/lpst/public/p2431514300.jpg,David C. Cobb,2000-04-08(美国), 美国,威尔·史密斯 / 雷普·汤恩 / ,8.2
卡麦拉疑云 Shutterspeed,https://img1.doubanio.com/view/movie_poster_cover/lpst/public/p2448413047.jpg,Mark Sobel,2000-02-11, 加拿大,Steve Borden / 大卫洛夫格伦 / ,"
    "
圈套 トリック,https://img3.doubanio.com/view/movie_poster_cover/lpst/public/p2339493712.jpg,堤幸彦,2000-07-07(日本), 日本,仲间由纪惠 / 阿部宽 / 生濑胜久 / 前原一辉 / 野际阳子 / 大岛蓉子 / 菅井琴 / ,8.6
阴阳路7：撞到正,https://img3.doubanio.com/view/movie_poster_cover/lpst/public/p2220637285.jpg,南燕,2000-01-15, 香港,古天乐 / 雷宇扬 / 李蕙敏 / 陈松伶 / 黎耀祥 / 吴志雄 / 罗冠兰 / 施念慈 / ,5.5
一脚定江山,https://img3.doubanio.com/lpic/s3133041.jpg,娄楠,, 中国大陆,任泉 / 李宗翰 / 李冰冰 / 姜武 / 魏宗万 / 唐群 / ,6.6
吉尔莫女孩 第一季 Gilmore Girls Season 1,https://img3.doubanio.com/view/movie_poster_cover/lpst/public/p2375130666.jpg,Amy Sherman,2000-10-05(美国), 美国,阿丽克西斯·布莱德尔 / ,8.8
幸存者：婆罗洲 第一季 Survivor: Borneo Season 1,https://img3.doubanio.com/view/movie_poster_cover/lpst/public/p2222430506.jpg,马克·布奈特,2000-05-31(美国), 美国,杰夫·普罗斯特 / 理查德·哈奇 / 珂伦·哈斯凯 / 哲维斯·皮特森 / ,8.3
惊声尖叫3 Scream 3,https://img3.doubanio.com/view/movie_poster_cover/lpst/public/p2178430161.jpg,韦斯·克雷文,2000-02-04, 美国,内芙·坎贝尔 / 列维·施瑞博尔 / 柯特妮·考克斯 / 大卫·阿奎特 / ,6.2
小鸡快跑 Chicken Run,https://img1.doubanio.com/view/movie_poster_cover/lpst/public/p1925042778.jpg,Peter Lord,"2001-02-01(中国大陆),2000-06-30(英国)", 英国 / 美国,梅尔·吉布森 / 菲尔·丹尼尔斯 / 简·霍洛克斯 / 蒂莫西·斯波 / 艾美达·斯丹顿 / ,7.5
28天 28 Days,https://img3.doubanio.com/view/movie_poster_cover/lpst/public/p2169345750.jpg,Betty Thomas,2000-02-08, 美国,Sandra Bullock / Viggo Mortensen / ,6.5
幸福时光,https://img3.doubanio.com/view/movie_poster_cover/lpst/public/p2183481605.jpg,张艺谋,2000-12-31, 中国大陆,董洁 / 赵本山 / 傅彪 / 李雪健 / 董立范 / 牛犇 / 张洪杰 / 孙红雷 / 陶虹 / 范伟 / ,6.8
毒品网络 Traffic,https://img3.doubanio.com/view/movie_poster_cover/lpst/public/p817029842.jpg,史蒂文·索德伯格,2000-12-27, 美国 / 德国,迈克尔·道格拉斯 / 本尼西奥·德尔·托罗 / 唐·钱德尔 / 凯瑟琳·泽塔-琼斯 / 丹尼斯·奎德 / 阿尔伯特·芬尼 / 贾克波·瓦格斯 / 路易斯·古兹曼 / 米盖尔·弗尔 / ,7.6
纽约的秋天 Autumn in New York,https://img1.doubanio.com/view/movie_poster_cover/lpst/public/p2383273169.jpg,陈冲,2000-08-11, 美国,薇诺娜·瑞德 / 理查·基尔 / 安东尼·拉帕格利亚 / Jamie Harrold / 雪莉·斯蒂琳费尔德 / ,6.3
102真狗 102 Dalmatians,https://img3.doubanio.com/view/movie_poster_cover/lpst/public/p1686549296.jpg,凯文·利玛,2000-09-22(美国), 美国 / 英国,格伦·克洛斯 / 杰拉尔·德帕迪约 / 艾恩·格拉法德 / 爱丽丝·伊万斯 / 蒂姆·麦克纳尼 / ,7.0
暗流 Les rivières pourpres,https://img1.doubanio.com/view/movie_poster_cover/lpst/public/p2193639589.jpg,马修·卡索维茨,2000-09-27, 法国,让·雷诺 / 文森特·卡索 / 娜迪亚·法尔丝 / 让-皮埃尔·卡塞尔 / ,7.4
重返荣耀 The Legend of Bagger Vance,https://img3.doubanio.com/view/movie_poster_cover/lpst/public/p972360206.jpg,罗伯特·雷德福,2000-11-03, 美国,威尔·史密斯 / 马特·达蒙 / 查理兹·塞隆 / 布鲁斯·麦克吉尔 / ,7.5
当黑夜降临 Before Night Falls,https://img3.doubanio.com/view/movie_poster_cover/lpst/public/p2166946423.jpg,朱利安·施纳贝尔,2000-09-03, 美国,哈维尔·巴登 / 奥利维·马丁内兹 / 约翰尼·德普 / Olatz Lopez Garmendia / Sebastian Silva / 迭戈·鲁纳 / 西恩·潘 / 耶日·斯科利莫夫斯基 / 海科特·巴班克 / 纳瓦·尼姆利 / ,7.6
圣诞怪杰 How the Grinch Stole Christmas,https://img3.doubanio.com/view/movie_poster_cover/lpst/public/p2195571925.jpg,朗·霍华德,2000-11-17, 美国 / 德国,金·凯瑞 / 泰勒·摩森 / 杰弗里·塔伯 / 莫莉·香侬 / ,6.6
波洛克 Pollock,https://img1.doubanio.com/view/movie_poster_cover/lpst/public/p2191667658.jpg,艾德·哈里斯,"2000-09-06(威尼斯电影节),2001-03-23(美国)", 美国,艾德·哈里斯 / 马西娅·盖伊·哈登 / 汤姆·鲍尔 / 詹妮弗·康纳利 / 巴德·库特 / 约翰·赫德 / 方·基默 / Robert Knott / David Leary / 埃米·马迪根 / Sally Murphy / Molly Regan / 斯蒂芬妮·赛默尔 / Matthew Sussman / 杰弗里·塔伯 / Norbert Weisser / Everett Quinton / Annabelle Gurwitch / 约翰·罗斯曼 / Kenny Scharf / Sada Thompson / ,7.5
等候董建华发落 等候董建華發落,https://img1.doubanio.com/view/movie_poster_cover/lpst/public/p2219325797.jpg,邱礼涛,2001-05-10(香港), 香港,邓树荣 / 艾敬 / 李尚文 / ,7.3
纵情四海 The Man Who Cried,https://img3.doubanio.com/view/movie_poster_cover/lpst/public/p511382643.jpg,莎莉·波特,2000-12-08, 英国 / 法国,克里斯蒂娜·里奇 / 凯特·布兰切特 / 约翰·特托罗 / ,7.6
成长的烦恼：电影版 The Growing Pains Movie,https://img3.doubanio.com/view/movie_poster_cover/lpst/public/p2193510453.jpg,Alan Metter,2000-11-05, 美国,Alan Thicke / Joanna Kerns / Kirk Cameron / Tracey Gold / Jeremy Miller / Ashley Johnson / Chelsea Noble / Brandon Douglas / ,7.3
初恋 はつ恋,https://img3.doubanio.com/view/movie_poster_cover/lpst/public/p2164275472.jpg,筱原哲雄,2000-04-01, 日本,田中丽奈 / 真田广之 / 原田美枝子 / ,7.6
细路祥 細路祥,https://img3.doubanio.com/view/movie_poster_cover/lpst/public/p1889086570.jpg,陈果,2000-01-13, 香港,姚月明 / 麦惠芬 / 麦雪雯 / 张醒超 / 徐天佑 / ,8.5
钱之所在 Where the Money Is,https://img1.doubanio.com/view/movie_poster_cover/lpst/public/p2336732178.jpg,Marek Kanievska,2000-04-14, 德国 / 美国 / 英国,保罗·纽曼 / 琳达·费奥伦蒂诺 / ,"
    "
为你钟情2 If These Walls Could Talk 2,https://img1.doubanio.com/view/movie_poster_cover/lpst/public/p2324165968.jpg,安·海切,2000-03-05, 美国,瓦妮莎·雷德格瑞夫 / 米歇尔·威廉姆斯 / 科洛·塞维尼 / 莎朗·斯通 / 艾伦·德杰尼勒斯 / 雷吉娜·金 / 雪莉·麦克雷恩 / 保罗·吉亚玛提 / ,8.2
咒怨 录像带版 呪怨 ビデオオリジナル版,https://img1.doubanio.com/view/movie_poster_cover/lpst/public/p2230107928.jpg,清水崇,2000-03-18, 日本,柳忧怜 / 栗山千明 / 三轮瞳 / 三轮明日美 / 小山僚太 / 藤贵子 / ,7.7
王勃之死,https://img1.doubanio.com/lpic/s1789099.jpg,郑大圣,2000, 中国,刘小锋 / 池华琼 / ,7.7
跑马地的月光,https://img3.doubanio.com/view/movie_poster_cover/lpst/public/p2096806212.jpg,钟澍佳,2000-12-07, 香港,张智霖 / 佘诗曼 / 江希文 / 苏永康 / 蔡一智 / 姚乐怡 / 李蕙敏 / 李卓颖 / 黄百鸣 / 吴文忻 / 王合喜 / 林志豪 / ,6.8
帽子梦魇 Le Chapeau,https://img1.doubanio.com/view/movie_poster_cover/lpst/public/p2231268129.jpg,米歇尔·康诺耶尔,2000, 加拿大,,8.5
平衡,https://img3.doubanio.com/lpic/s1978780.jpg,彭辉,2000, 中国大陆,奇卡·扎巴多杰 / ,9.4
像雾像雨又像风,https://img3.doubanio.com/view/movie_poster_cover/lpst/public/p501745164.jpg,赵宝刚,"2001-02-17(中国大陆),2001-02-12(台湾)", 中国大陆,陈坤 / 陆毅 / 周迅 / 罗海琼 / 李小冉 / 孙红雷 / 寇世勋 / 刘瑞琪 / 许还幻 / ,7.9
"女人之痛 Victoire, ou la douleur des femmes",https://img3.doubanio.com/lpic/s2631065.jpg,纳迪娜·特兰蒂尼昂,2000-03-06(法国), 法国,玛丽·特兰蒂尼昂 / 玛丽那·维拉迪 / 塞吉·卡斯特里图 / 弗朗索瓦·贝利昂 / ,8.9
人气歌谣 인기가요,https://img3.doubanio.com/view/movie_poster_cover/lpst/public/p2208538422.jpg,,2000-02-01(韩国), 韩国,李知恩 / 李玹雨 / 金俊勉 / 黄光熙 / 具荷拉 / 崔雪莉 / 赵权 / 郑容和 / 金希澈 / 宋智孝 / 殷志源 / 金裕贞 / 王嘉尔 / 陆星材 / 洪宗玄 / 边伯贤 / 李钟硕 / 李侑菲 / 方敏雅 / 郑妮可 / 李起光 / 张祐荣 / 玉泽演 / 河延珠 / 李弘基 / 金素妍 / 许伊在 / 张根硕 / 李先镐 / 韩孝周 / 具惠善 / 朴寒星 / 韩艺瑟 / 金烔完 / 安七炫 / 笛木优子 / 金静华 / 金桢勋 / 金载沅 / 苏有珍 / 安在模 / 金敏喜 / 孙泰英 / 李东健 / 金圭丽 / 全智贤 / 金喜善 / 裴哲秀 / 徐世源 / 金玟锡 / 孔升妍 / 俞定延 / 李勋 / ,8.1
怀玉公主,https://img3.doubanio.com/view/movie_poster_cover/lpst/public/p2373066184.jpg,李朝永,2000-04-05(台湾), 台湾,郑家榆 / 孙耀威 / 王皓 / 张凤书 / 于佳卉 / 施羽 / 杨宝玮 / 陈莎莉 / 林建寰 / 周召栋 / 黄维德 / 李欣 / 许文馨 / 刘克勉 / 高有伦 / 马惠珍 / 李艺民 / 李志坚 / 刘婉慈 / 陈志朋 / ,6.5
包豪斯尚在 Bauhaus lebt!,https://img1.doubanio.com/view/movie_poster_cover/lpst/public/p2425880127.jpg,Thomas Niemann,, 德国,,"
    "
聊斋·席方平,https://img3.doubanio.com/lpic/s3162313.jpg,谢铁骊,2000年, 中国大陆,沙溢 / ,6.8
奈欧斯奥特曼 ウルトラマンネオス,https://img3.doubanio.com/lpic/s4386494.jpg,神澤信一,2000-11-22, 日本,高槻純 / 嶋田久作 / 影丸茂樹 / 森田猛虎 / 瑠川あつこ / 坂本三佳 / ,7.3
南方公园  第四季 South Park Season 4,https://img1.doubanio.com/view/movie_poster_cover/lpst/public/p2172276049.jpg,崔·帕克,2000-04-05(美国), 美国,崔·帕克 / ,9.5
运转手之恋 運転手之恋,https://img3.doubanio.com/lpic/s1354343.jpg,张华坤,2000-11-11, 台湾,宫泽理惠 / 屈中恒 / 太保 / 戴立忍 / ,8.1
情欲写真 La fidélité,https://img1.doubanio.com/view/movie_poster_cover/lpst/public/p1277365907.jpg,安德烈·祖拉斯基,2000-04-05(法国), 法国 / 葡萄牙,苏菲·玛索 / 吉约姆·卡内 / 帕斯卡·格里高利 / 米歇尔·索博 / 玛加丽·诺尔 / 爱迪丝·斯考博 / ,7.1
胜者为王 勝者為王,https://img3.doubanio.com/view/movie_poster_cover/lpst/public/p1355179246.jpg,刘伟强,2000-07-21, 香港,郑伊健 / 陈小春 / 舒淇 / 黎姿 / 千叶真一 / 何润东 / 柯受良 / 安雅 / 林晓峰 / 谢天华 / 钱嘉乐 / 朱永棠 / 张耀扬 / 金士杰 / 陈松勇 / 屈中恒 / 吴君如 / 万梓良 / ,7.3
生死抉择,https://img3.doubanio.com/view/movie_poster_cover/lpst/public/p1255898342.jpg,于本正,2000-07-18(中国大陆), 中国大陆,王庆祥 / 廖京生 / 左翎 / 王振荣 / 雷明 / 张弘 / 孙毓才 / ,6.2
父与女 Father and Daughter,https://img1.doubanio.com/view/movie_poster_cover/lpst/public/p2318217897.jpg,迈克尔·度德威特,2001-05-27, 英国 / 比利时 / 荷兰,,9.2
垂直极限 Vertical Limit,https://img1.doubanio.com/view/movie_poster_cover/lpst/public/p601924899.jpg,马丁·坎贝尔,2000-12-08, 美国 / 德国,克里斯·奥唐纳 / 罗宾·汤尼 / 尼古拉斯·李 / 斯科特·格伦 / 伊沙贝拉·斯科鲁普科 / 比尔·帕克斯顿 / 本·门德尔森 / ,7.7
特工佳丽 Miss Congeniality,https://img3.doubanio.com/view/movie_poster_cover/lpst/public/p852997683.jpg,唐纳德·佩特瑞,2000-12-22(美国), 美国 / 澳大利亚,桑德拉·布洛克 / 迈克尔·凯恩 / 本杰明·布拉特 / 坎迪斯·伯根 / 威廉·夏特纳 / 埃涅·赫德森 / 希瑟·伯恩斯 / 梅丽莎·德索萨 / 斯蒂夫·蒙罗埃 / 温蒂·拉奎尔·罗宾逊 / 肯托马斯 / ,6.8
阿虎,https://img3.doubanio.com/view/movie_poster_cover/lpst/public/p1182322093.jpg,李仁港,2000-12-21(香港), 香港,刘德华 / 常盘贵子 / Intira Jaroenpura / 陈荣宗 / 潘源良 / 陈文义 / ,6.7
献给阿尔吉侬的花束 Flowers for Algernon,https://img3.doubanio.com/lpic/s6942224.jpg,杰夫·布莱克纳,2000-02-20(美国), 美国 / 加拿大,马修·莫迪恩 / 邦妮·比蒂丽娅 / 凯利·威廉姆斯 / 朗·瑞弗金 / ,8.3
当男人看上男人 Une affaire de goût,https://img1.doubanio.com/view/movie_poster_cover/lpst/public/p596777558.jpg,Bernard Rapp,2000-04-26, 法国,贝纳·纪欧多 / 让-皮耶·罗利特 / 佛洛伦丝·托马辛 / 查尔斯·贝尔林 / 让-皮埃尔·利奥德 / 艾特·迪·彭吉云 / Laurent Spielvogel / Elisabeth Macocco / Anne-Marie Philipe / Delphine Zingg / David D'Ingeo / Frédéric De Goldfiem / Patrick Zimmermann / Claude Lesko / ,7.3
绑架门口狗 플란다스의 개,https://img3.doubanio.com/view/movie_poster_cover/lpst/public/p2172361766.jpg,奉俊昊,2000-02-19(韩国), 韩国,李成宰 / 裴斗娜 / 金雷河 / 边熙峰 / ,7.4
友情岁月山鸡故事,https://img3.doubanio.com/view/movie_poster_cover/lpst/public/p953388440.jpg,叶伟民,2000-03-31(香港), 香港,陈小春 / 梁咏琪 / 林晓峰 / 谢天华 / 朱永棠 / 黄秋生 / 吴君如 / 杨恭如 / 尹扬明 / ,7.3
真爱永存 Mohabbatein,https://img1.doubanio.com/view/movie_poster_cover/lpst/public/p2224392197.jpg,阿迪提亚·乔普拉,2000-10-27, 印度,阿米达普·巴强 / 沙鲁克·汗 / ,8.3
决战紫禁之巅,https://img1.doubanio.com/view/movie_poster_cover/lpst/public/p1316664618.jpg,刘伟强,"2000-05-01(中国大陆),2000-02-03(香港)", 中国大陆 / 香港,刘德华 / 郑伊健 / 张家辉 / 赵薇 / 杨恭如 / 谭耀文 / 徐锦江 / 天心 / 徐少强 / 林晓峰 / 李炜尚 / 吴志雄 / ,5.6
特别的她 FLCL,https://img3.doubanio.com/view/movie_poster_cover/lpst/public/p2191369606.jpg,鹤卷和哉,2000-04-26(日本), 日本,水树洵  / 新谷真弓 / 笠木泉 / 福井裕佳梨  / 伊藤实华 / 宫岛章 / ,8.8
恋爱症候群 Love Complex,https://img3.doubanio.com/lpic/s2092860.jpg,泽田镰作 Kensaku Sawada,2000-10-12, 日本,唐泽寿明 / 反町隆史 / 木村佳乃 / 加濑亮 / 小雪 / 西田尚美 / ,8.1
第一次的亲密接触,https://img3.doubanio.com/view/movie_poster_cover/lpst/public/p2225875815.jpg,金国钊,"2001-02-09(中国大陆),2000-11-25(台湾)", 台湾 / 中国大陆,张震 / 陈小春 / 舒淇 / 田海蓉 / 马千珊 / ,5.4
降灵 降霊,https://img3.doubanio.com/view/movie_poster_cover/lpst/public/p1319812792.jpg,黑泽清,2001-05-12(日本), 日本,役所广司 / 风吹淳 / 草剪刚 / 石田光 / 古关安广 / 岸部一德 / 大杉涟 / 哀川翔 / 磯部詩織 / 井上肇 / 清水大敬 / 戸田昌宏 / 山本竜二 / 柏谷みちすけ / 堀口一也 / 若林めぐみ / ,6.7
十五岁：学校4 十五才 学校IV,https://img1.doubanio.com/view/movie_poster_cover/lpst/public/p833215817.jpg,山田洋次,2000-11-11, 日本,金井勇太 / 麻实丽 / 赤井英和 / 秋野畅子 / 笹野高史 / ,9.0
欲望都市 第三季 Sex and the City Season 3,https://img3.doubanio.com/view/movie_poster_cover/lpst/public/p2364248834.jpg,迈克尔·帕特里克·金,2000-06-04, 美国,莎拉·杰茜卡·帕克 / 金·凯特罗尔 / 克里斯汀·戴维斯 / 辛西娅·尼克松 / ,9.0
拽妹黛薇儿之暑假要结束了没 Daria: The Movie - Is It Fall Yet?,https://img1.doubanio.com/lpic/s2373108.jpg,Karen Disher,2000-08-27, USA,Rachel Anton / Brett Barsky / ,9.1
重案六组,https://img3.doubanio.com/view/movie_poster_cover/lpst/public/p2375023570.jpg,徐庆东,2001-09-05(中国大陆), 中国大陆,李成儒 / 王茜 / 张潮 / 董勇 / 高蓉 / 张博 / ,8.0
蓝猫淘气3000问,https://img3.doubanio.com/lpic/s2988140.jpg,王宏,2000, 中国大陆,葛平 / 付以琳 / 俞涛 / 曾令 / ,6.5
皇嫂田桂花,https://img3.doubanio.com/view/movie_poster_cover/lpst/public/p2328905495.jpg,张辉,2000, 中国大陆,方青卓 / 陈征 / 姬晨牧 / 周璐 / 李洪涛 / 赵彦民 / 傅晶 / ,6.0
新赌国仇城 新賭國仇城,https://img3.doubanio.com/view/movie_poster_cover/lpst/public/p2370015766.jpg,叶鸿伟,2000-11-03, 香港,张铁林 / 林心如 / 吴奇隆 / 萧蔷 / 蓝正龙 / 王道 / ,4.4
魔卡少女樱剧场版：被封印的卡片 劇場版カードキャプターさくら 封印されたカード,https://img3.doubanio.com/view/movie_poster_cover/lpst/public/p2361566531.jpg,浅香守生,2000-07-15(日本), 日本,丹下樱 / 熊井统子 / 岩男润子 / 久川绫 / 绪方惠美 / 野上尤加奈 / 关智一 / ,8.6
杨贵妃,https://img1.doubanio.com/lpic/s2760549.jpg,庄伟建,2000-02-21, 香港,向海岚 / 江华 / 吴美珩 / 曾伟权 / 郭少芸 / 杨怡 / 袁彩云 / 冯晓文 / 赵静仪 / ,6.4
绅士联盟 圣诞特辑 The League of Gentlemen Christmas Special,https://img1.doubanio.com/lpic/s23126429.jpg,Steve Bendelack,2000-12-27, 英国,史蒂夫·佩姆伯顿 / 马克·加蒂斯 / ,9.2
鸭子侦探 A Miss Mallard Mystery,https://img3.doubanio.com/lpic/s3955035.jpg,徐坚平,, 中国大陆 / 加拿大,,9.0
同一首歌,https://img3.doubanio.com/view/movie_poster_cover/lpst/public/p2395249105.jpg,孟欣,2000-01-27(中国大陆), 中国大陆,梁永斌 / 曾宝仪 / ,7.1
薰衣草,https://img3.doubanio.com/view/movie_poster_cover/lpst/public/p614733852.jpg,叶锦鸿,2001-02-08(马来西亚), 香港,金城武 / 陈慧琳 / 陈奕迅 / 郑佩佩 / 谷德昭 / ,6.7
拽妹黛薇儿 第四季 Daria Season 4,https://img1.doubanio.com/view/movie_poster_cover/lpst/public/p2260228739.jpg,Karen Disher,2000-02-25(美国), 美国,Tracy Grandstaff / 温迪胡普斯 / ,9.1
抢钱大作战 Boiler Room,https://img1.doubanio.com/view/movie_poster_cover/lpst/public/p1915615527.jpg,本·杨格尔,2000-02-18, 美国,乔瓦尼·瑞比西 / 范·迪塞尔 / 尼娅·朗 / 尼基·凯特 / 本·阿弗莱克 / ,7.5
"逃狱三王 O Brother, Where Art Thou?",https://img1.doubanio.com/view/movie_poster_cover/lpst/public/p794606009.jpg,伊桑·科恩,2000-12-22(美国), 英国 / 法国 / 美国,乔治·克鲁尼 / 约翰·特托罗 / 蒂姆·布雷克·尼尔森 / 约翰·古德曼 / ,7.9
上海正午 Shanghai Noon,https://img3.doubanio.com/view/movie_poster_cover/lpst/public/p900363862.jpg,汤姆·戴伊,"2000-05-26(美国),2000-06-01(香港)", 美国 / 香港,成龙 / 欧文·威尔逊 / 刘玉玲 / Brandon Merrill / ,6.3
海滩 The Beach,https://img3.doubanio.com/view/movie_poster_cover/lpst/public/p461627296.jpg,丹尼·博伊尔,2000-02-11(美国), 美国 / 英国,莱昂纳多·迪卡普里奥 / Daniel York / 维吉妮·拉朵嫣 / 吉约姆·卡内 / 蒂尔达·斯文顿 / ,7.6
惊爆十三天 Thirteen Days,https://img3.doubanio.com/view/movie_poster_cover/lpst/public/p1548103425.jpg,罗杰·唐纳森,2000-12-16, 美国,凯文·科斯特纳 / 布鲁斯·格林伍德 / 斯蒂芬尼·罗曼诺夫 / Shawn Driscoll / ,7.9
人造天堂 ユリイカ,https://img3.doubanio.com/view/movie_poster_cover/lpst/public/p1709502996.jpg,青山真治,"2000-05-18(戛纳电影节),2001-01-20(日本)", 日本,役所广司 / 宫崎葵 / 宫崎将 / 齐藤阳一郎 / 国生小百合 / 光石研 / 利重刚 / 松重丰 / 盐见三省 / 真行寺君枝  / 绪方义博 / 椎名英姬 / 中村有志 / 江角英明 / ,8.3
极速60秒 Gone in 60 Seconds,https://img3.doubanio.com/view/movie_poster_cover/lpst/public/p952878894.jpg,多米尼克·塞纳,2000-06-08(美国), 美国,尼古拉斯·凯奇 / 乔瓦尼·瑞比西 / 安吉丽娜·朱莉 / T.J. Cross / 威廉姆·李·斯科特 / 斯科特·凯恩 / 詹姆斯·杜瓦尔 / 威尔·帕顿 / 戴尔里·林多 / 蒂莫西·奥利芬特 / 齐·麦克布赖德 / 罗伯特·杜瓦尔 / 克里斯托弗·埃克莱斯顿 / 维尼·琼斯 / ,7.3
天王流氓 Gangster No. 1,https://img3.doubanio.com/view/movie_poster_cover/lpst/public/p2230442640.jpg,保罗·麦奎根,2000-06-09, 德国 / 爱尔兰 / 英国,马尔科姆·麦克道威尔 / 大卫·休里斯 / 保罗·贝坦尼 / 萨弗蓉·布罗斯 / ,7.7
在七月 Im Juli.,https://img3.doubanio.com/view/movie_poster_cover/lpst/public/p1237873785.jpg,法提赫·阿金,2000-08-24, 德国,莫里兹·布雷多 / 克里斯蒂安妮·保罗 / Mehmet Kurtulus / ,8.1
让风带着我起飞 بيد و باد,https://img1.doubanio.com/view/movie_poster_cover/lpst/public/p2350704677.jpg,Mohammad-Ali Talebi,2000-04-21, 伊朗 / 日本,Hadi Alipour / Amir Janfada / Majid Alipour / ,8.7
正午显影 ดอกฟ้าในมือมาร,https://img3.doubanio.com/view/movie_poster_cover/lpst/public/p2390018335.jpg,阿彼察邦·韦拉斯哈古,2000-10-02, 泰国,,7.4
恐龙 Dinosaur,https://img3.doubanio.com/view/movie_poster_cover/lpst/public/p1006533162.jpg,埃里克·莱顿,2000-05-19, 美国,D·B·斯威尼 / 阿尔法·伍达德 / ,7.3
吸血鬼猎人D Vampire Hunter D: Bloodlust,https://img3.doubanio.com/view/movie_poster_cover/lpst/public/p453851762.jpg,川尻善昭,2000-10-31(香港), 美国 / 日本,田中秀幸 / 永井一郎 / 山寺宏一 / 林原惠美 / ,8.6
黑板 تخته سیاه: خانه,https://img1.doubanio.com/view/movie_poster_cover/lpst/public/p2306121408.jpg,莎米拉·玛克玛尔巴夫,2000-09-01, 伊朗 / 意大利 / 日本,Said Mohamadi / Behnaz Jafari / ,8.1
同志亦凡人 第一季 Queer as Folk Season 1,https://img3.doubanio.com/view/movie_poster_cover/lpst/public/p2324807124.jpg,Michael DeCarlo,2000-12-03(美国), 美国 / 加拿大,哈尔·斯帕克斯 / 葛尔·哈罗德 / 兰迪·哈里森 / 斯科特·洛威尔 / 彼得·派格 / 克里斯·波特 / 米歇尔·科鲁尼 / 西娅·吉尔 / 莎朗·格拉斯 / ,8.9
英版同志亦凡人 第二季 Queer as Folk Season 2,https://img3.doubanio.com/lpic/s21864096.jpg,查尔斯·麦克道格,2000-02-15(英国), 英国,艾丹·吉伦 / 克雷格·凯利 / ,9.2
我是你爸爸,https://img3.doubanio.com/view/movie_poster_cover/lpst/public/p2220667165.jpg,王朔,2000-08-11(洛迦诺电影节), 中国大陆,冯小刚 / 胡小培 / 徐帆 / ,7.9
男亲女爱,https://img3.doubanio.com/lpic/s4130124.jpg,徐正康,2000-02-21, 香港,郑裕玲 / 黄子华 / 原子鏸 / 陈彦行 / 蒋志光 / 萧亮 / 邓健泓 / 阮小仪 / 苑琼丹 / 胡枫 / ,9.1
九个皇后 Nueve reinas,https://img3.doubanio.com/view/movie_poster_cover/lpst/public/p2337735935.jpg,法比安·别林斯基,2000-08-31, 阿根廷,加斯顿·保尔斯 / 里卡杜·达林 / 蕾蒂西亚·布雷戴斯 / Tomás Fonzi / Graciela Tenenbaum / María Mercedes Villagra / ,7.5
陀枪师姐2 陀槍師姐II,https://img3.doubanio.com/view/movie_poster_cover/lpst/public/p2379128075.jpg,邝业生,2000-09-08(香港), 香港,关咏荷 / 欧阳震华 / 魏骏杰 / 滕丽名 / 朱咪咪 / 姚乐怡 / ,7.9
夏娃的诱惑 이브의 모든것,https://img3.doubanio.com/view/movie_poster_cover/lpst/public/p2374139861.jpg,李振石,2000-04-26(韩国), 韩国,张东健 / 蔡琳 / 韩在硕 / 金素妍 / 金晶恩 / 甄美里 / ,8.5
大明宫词,https://img3.doubanio.com/view/movie_poster_cover/lpst/public/p1973875381.jpg,李少红,2000-03-30, 中国大陆,陈红 / 归亚蕾 / 周迅 / 赵文瑄 / 傅彪 / 申军谊 / 贾妮 / 刘栋 / 吴军忱 / 孙斌 / 李昊翰 / 高冬平 / 李冰冰 / ,8.9
康熙微服私访记3,https://img3.doubanio.com/view/movie_poster_cover/lpst/public/p2361553190.jpg,张国立,, 中国大陆,张国立 / 邓婕 / 赵亮 / 刘淼 / 侯堃 / 俞立文 / 龚蓓苾 / 杨俊勇 / 高虎 / 杨若兮 / 陈创 / 刘园园 / 张少华 / 张默 / ,6.7
少年梁祝,https://img3.doubanio.com/view/movie_poster_cover/lpst/public/p2226239033.jpg,徐进良,, 台湾,梁小冰 / 罗志祥 / 陈嘉辉 / 江祖平 / 欧弟 / 蔡君茹 / 吴孟达 / 沈海蓉 / 刘瑞琪 / ,6.6
金装四大才子 金裝四大才子,https://img1.doubanio.com/view/movie_poster_cover/lpst/public/p1928866539.jpg,罗永贤,2000-08-07(香港), 香港,张家辉 / 林家栋 / 欧阳震华 / 魏骏杰 / 关咏荷 / 陈松伶 / 翁虹 / 文颂娴 / 向海岚 / 高雄 / 卢海鹏 / ,7.5
游戏王：怪兽之决斗 遊☆戯☆王デュエルモンスターズ,https://img3.doubanio.com/view/movie_poster_cover/lpst/public/p2253506802.jpg,杉島邦久,"2000-04-18(日本),2015-02-07(20周年纪念重制版)", 日本,小嶋一成 / 大浦冬華 / ,9.2
威尔和格蕾丝  第三季 Will & Grace Season 3,https://img3.doubanio.com/lpic/s2952920.jpg,詹姆斯·伯罗斯,2000-10-12(美国), 美国,艾瑞克·麦柯马克 / 黛博拉·梅辛 / 梅根·莫拉莉 / ,9.3
外来媳妇本地郎,https://img3.doubanio.com/view/movie_poster_cover/lpst/public/p1351565883.jpg,王岗,2000-11-04(中国大陆), 中国大陆,龚锦堂 / 黄锦裳 / 苏志丹 / 郭昶 / 彭新智 / 徐若琪 / 虎艳芬 / 丁玲 / ,7.9
金星小姐,https://img1.doubanio.com/view/movie_poster_cover/lpst/public/p2252750668.jpg,张元,2000, 中国大陆,,7.6
开心辞典,https://img3.doubanio.com/view/movie_poster_cover/lpst/public/p2322281530.jpg,王小丫,2000-07-07(中国大陆), 中国大陆,李佳明 / 王小丫 / ,7.2
迪迦奥特曼最终圣战 ウルトラマンティガ THE FINAL ODYSSEY,https://img3.doubanio.com/lpic/s3955575.jpg,村石宏實,2000-03-11, 日本,Hiroshi Nagano / Takami Yoshimoto / Mio Takaki / ,8.1
关于我母亲的一切 Todo sobre mi madre,https://img3.doubanio.com/view/movie_poster_cover/lpst/public/p1910922962.jpg,佩德罗·阿莫多瓦,2000-01-20, 西班牙 / 法国,丝莉亚·洛芙 / 玛丽莎·佩雷德斯 / 佩内洛普·克鲁兹 / 坎德拉·佩娜 / ,8.5
三星智力快车,https://img1.doubanio.com/view/movie_poster_cover/lpst/public/p2229187387.jpg,,2000-07-16(中国大陆), 中国大陆,方琼 / 樊登 / 况皓 / 李瑾 / ,7.7
爱国者 The Patriot,https://img3.doubanio.com/view/movie_poster_cover/lpst/public/p887123150.jpg,罗兰·艾默里奇,2000-06-28(美国), 美国 / 德国,梅尔·吉布森 / 希斯·莱杰 / 乔莉·理查德森 / 詹森·艾萨克 / 克里斯·库珀 / 丽莎·布瑞纳 / ,8.1
站台,https://img3.doubanio.com/view/movie_poster_cover/lpst/public/p1910910474.jpg,贾樟柯,2000-09-04(威尼斯电影节), 中国大陆 / 香港 / 日本 / 法国,王宏伟 / 赵涛 / 梁景东 / 杨天乙 / ,8.2
光辉岁月 Remember the Titans,https://img3.doubanio.com/view/movie_poster_cover/lpst/public/p858717623.jpg,鲍兹·亚金,2000-09-29(美国), 美国,丹泽尔·华盛顿 / 威尔·帕顿 / 伍德·哈里斯 / 瑞恩·赫斯特 / 唐纳德·法森 / 伊桑·苏普利 / 琦普·帕杜 / 海顿·潘妮蒂尔 / 妮可·阿丽·帕克 / 凯特·波茨沃斯 / 瑞恩·高斯林 / 布鲁格斯·詹金斯 / Craig Kirkwood / ,8.6
第六日 The 6th Day,https://img3.doubanio.com/view/movie_poster_cover/lpst/public/p1437934412.jpg,罗杰·斯波蒂伍德,2000-11-17, 美国,阿诺·施瓦辛格 / 迈克尔·拉帕波特 / 托尼·戈德温 / 迈克尔·鲁克 / 莎拉·温特 / ,6.8
星际传奇 Pitch Black,https://img3.doubanio.com/view/movie_poster_cover/lpst/public/p1104457435.jpg,大卫·杜西,2000-02-18, 美国,范·迪塞尔 / 拉妲·米契尔 / 科尔·豪瑟 / 凯斯·大卫 / ,7.1
巴黎浮世绘 Code inconnu: Récit incomplet de divers voyages,https://img3.doubanio.com/view/movie_poster_cover/lpst/public/p2264087666.jpg,迈克尔·哈内克,2000-11-15(法国), 法国 / 德国 / 罗马尼亚,朱丽叶·比诺什 / 蒂埃里·钮维 / 约瑟夫·贝尔比奇 / 亚历山大·哈米迪 / ,7.7
霹雳娇娃 Charlie's Angels,https://img3.doubanio.com/view/movie_poster_cover/lpst/public/p2220858644.jpg,约瑟夫·麦克金提·尼彻,"2001-02-13(中国大陆),2000-11-03(美国)", 美国 / 德国,卡梅隆·迪亚茨 / 德鲁·巴里摩尔 / 刘玉玲 / 比尔·默瑞 / 山姆·洛克威尔 / 凯莉·林奇 / 克里斯平·格洛弗 / 马特·勒布朗 / ,6.7
夏天的滋味 Mùa hè chiều thẳng đứng,https://img3.doubanio.com/view/movie_poster_cover/lpst/public/p2390018064.jpg,陈英雄,2000-05-24, 越南 / 法国 / 德国,陈女燕溪 / 黎卿 / 吴光海 / ,7.7
贪吃树 Otesánek,https://img3.doubanio.com/view/movie_poster_cover/lpst/public/p657084355.jpg,杨·史云梅耶,2000-09-07, 捷克 / 日本 / 英国,Veronika Zilková / Jan Hartl / ,7.9
猎杀U-571 U-571,https://img3.doubanio.com/view/movie_poster_cover/lpst/public/p734370021.jpg,乔纳森·莫斯托,2000-04-21, 美国 / 法国,马修·麦康纳 / 比尔·帕克斯顿 / 哈威·凯特尔 / 托马斯·克莱舒曼 / ,7.9
"一个头两个大 Me, Myself & Irene",https://img3.doubanio.com/view/movie_poster_cover/lpst/public/p853041170.jpg,鲍比·法拉利,2000-06-30, 美国,金·凯瑞 / 蕾妮·齐薇格 / 安东尼·安德森 / 克里斯·库珀 / ,7.0
太空游侠 スペーストラベラーズ,https://img3.doubanio.com/view/movie_poster_cover/lpst/public/p912683684.jpg,本广克行,2000-04-08(日本), 日本,金城武 / 深津绘里 / 安藤政信 / 池内博之 / ,7.5
拜见岳父大人 Meet the Parents,https://img1.doubanio.com/view/movie_poster_cover/lpst/public/p1435970119.jpg,杰伊·罗奇,2000-10-06(美国), 美国,罗伯特·德尼罗 / 本·斯蒂勒 / 特莉·保罗 / 布莱思·丹纳 / ,7.1
夏日么么茶 夏日的嬷嬷茶,https://img3.doubanio.com/view/movie_poster_cover/lpst/public/p482172556.jpg,马楚成,2000-08-12(香港), 香港,郑秀文 / 任贤齐 / 谷德昭 / 阿牛 / 王凯蒂 / 王光良 / ,6.7
居家男人 The Family Man,https://img3.doubanio.com/view/movie_poster_cover/lpst/public/p622619176.jpg,布莱特·拉特纳,2000-12-22, 美国,尼古拉斯·凯奇 / 蒂娅·里欧妮 / 唐·钱德尔 / 杰里米·皮文 / 绍尔·鲁宾内克 / ,8.0
一声叹息,https://img3.doubanio.com/view/movie_poster_cover/lpst/public/p2415041576.jpg,冯小刚,2000-09-20(中国大陆), 中国大陆,张国立 / 刘蓓 / 徐帆 / 傅彪 / 李成儒 / 吴旭 / 修宗迪 / 高明 / 徐秀林 / 李文玲 / 王小柱 / 马军骧 / 赵毅维 / ,7.3
处女心经 오! 수정,https://img3.doubanio.com/view/movie_poster_cover/lpst/public/p606117883.jpg,洪尚秀,2000-05-27, 韩国,李恩珠 / 文成根 / 韩明求 / 郑宝石 / ,6.9
的士速递2 Taxi 2,https://img3.doubanio.com/view/movie_poster_cover/lpst/public/p1339506474.jpg,热拉尔·克瓦兹克,2000-03-29, 法国,萨米·纳塞利 / 佛瑞德瑞克·迪分索 / 玛丽昂·歌迪亚 / ,7.8
人间四月天,https://img1.doubanio.com/view/movie_poster_cover/lpst/public/p2371404618.jpg,丁亚民,"2000-01-10(台湾),2000-06-04(新加坡)", 台湾,黄磊 / 周迅 / 刘若英 / 伊能静 / 郎雄 / 吴军忱 / 马跃 / 冯雷 / 王斑 / 刘牧 / ,7.9
朱丽叶与梁山伯,https://img3.doubanio.com/view/movie_poster_cover/lpst/public/p826794784.jpg,叶伟信,2000-03-02, 香港,吴君如 / 任达华 / 吴镇宇 / 葛民辉 / 刘以达 / 汤盈盈 / ,8.3
烟飞烟灭 煙飛煙滅,https://img3.doubanio.com/view/movie_poster_cover/lpst/public/p2246985060.jpg,张国荣,2000-09-26, 香港,张国荣 / 梅艳芳 / 莫文蔚 / 王力宏 / 陈冠希 / 容祖儿 / 梁咏琪 / 毛舜筠 / 琦琦 / ,8.1
烈焰焚币 Plata quemada,https://img3.doubanio.com/view/movie_poster_cover/lpst/public/p1741119681.jpg,马西路·品尼路,2000-05-11, 阿根廷 / 西班牙 / 乌拉圭,莱昂纳多·斯巴拉格利亚 / 爱德华多·诺列加 / 帕布罗·伊查瑞 / 蕾蒂西亚·布雷戴斯 / Ricardo Bartis / 多洛莉丝·房兹 / Carlos Roffé / Daniel Valenzuela / 赫克多·艾戴里欧 / Claudio Rissi / Luis Ziembrowski / Harry Havilio / Roberto Vallejos / Adriana Varela / ,8.5
闲人马大姐,https://img1.doubanio.com/view/movie_poster_cover/lpst/public/p2375046407.jpg,英达,2000-08-01(中国大陆), 中国大陆,蔡明 / 李建华 / 虞梦 / 吕小品 / 刘金山 / 金雅琴 / 金昭 / 马羚 / ,7.2
榴莲飘飘 榴槤飄飄,https://img3.doubanio.com/view/movie_poster_cover/lpst/public/p582402700.jpg,陈果,2000-11-16, 中国大陆 / 香港 / 法国,秦海璐 / 麦惠芬 / 麦雪雯 / 杨美金 / ,7.6
数码宝贝2 デジモンアドベンチャー02,https://img1.doubanio.com/view/movie_poster_cover/lpst/public/p2282580019.jpg,角銅博之,2000-4-2, 日本,木内玲子 / 夏树莉绪 / 浦和惠 / 山本泰辅 / 荒木香惠 / 朴璐美 / 野田顺子 / 远近孝一 / 松本美和 / 徳光由禾 / ,7.8
孤男寡女,https://img3.doubanio.com/view/movie_poster_cover/lpst/public/p2440378793.jpg,杜琪峰,2000-06-23(香港), 香港,刘德华 / 郑秀文 / 梁艺龄 / 黄浩然 / 许绍雄 / 海俊杰 / 郭少芸 / ,6.8
老友记  第七季 Friends Season 7,https://img3.doubanio.com/view/movie_poster_cover/lpst/public/p2375151765.jpg,Kevin Bright,2000-10-12(美国), 美国,詹妮弗·安妮斯顿 / 柯特妮·考克斯 / 丽莎·库卓 / 马特·勒布朗 / 马修·派瑞 / ,9.7
创世纪2：天地有情 創世紀2：天地有情,https://img3.doubanio.com/lpic/s8995881.jpg,戚其义,2000-03-13(香港), 香港,罗嘉良 / 郭晋安 / 陈锦鸿 / 古天乐 / 吴奇隆 / 蔡少芬 / 陈慧珊 / 汪明荃 / 秦沛 / 刘恺威 / 叶佩雯 / 惠英红 / ,8.7
蓝色生死恋 가을동화,https://img3.doubanio.com/view/movie_poster_cover/lpst/public/p2374140273.jpg,尹锡湖,2000-09-18(韩国), 韩国,宋承宪 / 宋慧乔 / 元斌 / 韩彩英 / 文根英 / 崔宇革 / 韩娜娜 / 崔佑赫 / 郑栋焕 / 金海淑 / ,8.1
鲸鱼马戏团 Werckmeister harmóniák,https://img3.doubanio.com/view/movie_poster_cover/lpst/public/p726224656.jpg,贝拉·塔尔,2000-07-12, 匈牙利 / 意大利 / 德国 / 法国,拉尔斯·鲁道夫 / Peter Fitz / 汉娜·许古拉 / 雅诺斯·德兹斯 / Djoko Rosic / ,8.7
几近成名 Almost Famous,https://img3.doubanio.com/view/movie_poster_cover/lpst/public/p548058804.jpg,卡梅伦·克罗,2000-09-13(美国), 美国,比利·克鲁德普 / 弗兰西斯·麦克多蒙德 / 凯特·哈德森 / 杰森·李 / 派屈克·福吉特 / 佐伊·丹斯切尔 / 安娜·帕奎因 / 菲利普·塞默·霍夫曼 / 吉米·法伦 / ,8.1
永不妥协 Erin Brockovich,https://img1.doubanio.com/view/movie_poster_cover/lpst/public/p643400568.jpg,史蒂文·索德伯格,2000-03-17, 美国,朱莉娅·罗伯茨 / 阿尔伯特·芬尼 / 康查塔·费雷尔 / 艾伦·艾克哈特 / ,8.3
天地传说之鱼美人,https://img3.doubanio.com/view/movie_poster_cover/lpst/public/p1101860073.jpg,卫翰韬,2000, 香港 / 台湾,徐怀钰 / 郭晋安 / 张智尧 / 孙莉 / 郑嘉颖 / 梁家仁 / 何嘉文 / 杨旻娜 / 刘牧 / 葛蕾 / ,7.1
花样年华 花樣年華,https://img3.doubanio.com/view/movie_poster_cover/lpst/public/p1910828286.jpg,王家卫,"2000-05-20(戛纳电影节),2000-09-29(香港)", 香港 / 法国,梁朝伟 / 张曼玉 / 潘迪华 / 萧炳林 / 张耀扬 / 孙佳君 / 钱似莺 / ,8.4
透明人 Hollow Man,https://img1.doubanio.com/view/movie_poster_cover/lpst/public/p593948317.jpg,保罗·范霍文,2000-08-04, 美国 / 德国,凯文·贝肯 / 伊丽莎白·苏 / 乔什·布洛林 / 金·迪肯斯 / 格雷戈·格伦伯格 / ,6.6
一一,https://img1.doubanio.com/view/movie_poster_cover/lpst/public/p2119675128.jpg,杨德昌,"2000-05-14(戛纳电影节),2000-12-16(日本),2009-11-06(台湾)", 台湾 / 日本,吴念真 / 李凯莉 / 金燕玲 / 张洋洋 / 萧淑慎 / ,8.9
X战警 X-Men,https://img3.doubanio.com/view/movie_poster_cover/lpst/public/p918381401.jpg,布莱恩·辛格,2000-07-14(美国), 美国 / 加拿大,休·杰克曼 / 帕特里克·斯图尔特 / 伊恩·麦克莱恩 / 法米克·詹森 / 詹姆斯·麦斯登 / 哈莉·贝瑞 / 安娜·帕奎因 / 雷·帕克 / 丽贝卡·罗梅恩 / ,7.5
大佬 Brother,https://img3.doubanio.com/view/movie_poster_cover/lpst/public/p1543377075.jpg,北野武,"2000-09-09(威尼斯电影节),2001-01-27(日本)", 日本 / 英国 / 美国,北野武 / 欧玛·艾普斯 / 真木藏人 / 加藤雅也 / ,8.3
惊声尖笑 Scary Movie,https://img3.doubanio.com/view/movie_poster_cover/lpst/public/p1231134565.jpg,基伦·埃弗瑞·韦恩斯,2000-07-07, 美国,安娜·法瑞丝 / 乔·阿布拉汉姆斯 / 马龙·韦恩斯 / 戴夫·谢里登 / 莎诺·伊丽莎白 / 洛奇林·莫罗 / 肖恩·韦恩斯 / 雷吉娜·赫尔 / ,6.9
跳出我天地 Billy Elliot,https://img1.doubanio.com/view/movie_poster_cover/lpst/public/p531278288.jpg,史蒂芬·戴德利,"2000-05-19(戛纳电影节),2000-09-29(英国)", 英国 / 法国,杰米·贝尔 / 朱丽·沃特斯 / Gary Lewis / Jean Heywood / ,8.7
碟中谍2 Mission: Impossible II,https://img3.doubanio.com/view/movie_poster_cover/lpst/public/p970492205.jpg,吴宇森,2000-05-24, 美国 / 德国,汤姆·克鲁斯 / 多格雷·斯科特 / 坦迪·牛顿 / 文·瑞姆斯 / 理查德·劳斯伯格 / 约翰·波尔森 / 布莱丹·格里森 / 拉德·舍博德兹加 / 威廉·麦鲍瑟 / 多米尼克·珀塞尔 / Mathew Wilkinson / 尼古拉斯·贝尔 / Cristina Brogeras / Kee Chan / ,7.0
共同警备区 공동 경비구역JSA,https://img3.doubanio.com/view/movie_poster_cover/lpst/public/p1603485241.jpg,朴赞郁,2000-09-09(韩国), 韩国,李英爱 / 宋康昊 / 李秉宪 / 申河均 / ,8.6
名侦探柯南：瞳孔中的暗杀者 名探偵コナン 瞳の中の暗殺者,https://img3.doubanio.com/view/movie_poster_cover/lpst/public/p453729514.jpg,儿玉兼嗣,2000-04-22(日本), 日本,茶风林 / 千叶一伸 / 百々麻子 / 江川央生 / 深见梨加 / 林原惠美 / 井上和彦 / 岩居由希子 / 神谷明 / 加濑康之 / 小池亚希子 / 松井菜樱子 / 森川智之 / 长嶝高士 / 中田浩二 / 绪方贤一 / 大原沙耶香 / 大谷育江 / 斋贺光希 / 盐泽兼人 / 高木涉 Wataru Takagi / 高岛雅罗 / 高山南 / 山口胜平 / 山崎和佳奈 / 山野井仁 / ,8.2
美国精神病人 American Psycho,https://img3.doubanio.com/view/movie_poster_cover/lpst/public/p887623643.jpg,玛丽·哈伦,"2000-01-21(圣丹斯电影节),2000-04-14(美国)", 美国,克里斯蒂安·贝尔 / 贾斯汀·塞洛克斯 / 乔什·卢卡斯 / 比尔·萨奇 / 科洛·塞维尼 / 瑞茜·威瑟斯彭 / 萨曼莎·玛西丝 / 杰瑞德·莱托 / 威廉·达福 / ,7.7
浓情巧克力 Chocolat,https://img3.doubanio.com/view/movie_poster_cover/lpst/public/p703826185.jpg,拉斯·霍尔斯道姆,2000-12-15, 英国 / 美国,约翰尼·德普 / 朱丽叶·比诺什 / 阿尔弗雷德·莫里纳 / 凯瑞-安·莫斯 / 盖南·科内尔 / 休·奥康纳 / 约翰·伍德 / 莉娜·奥琳 / 彼得·斯特曼 / 莱斯利·卡伦 Leslie Caron / 朱迪·丹奇 / 薇朵儿·希维索 / 阿诺德·亚当 / ,8.0
触不到的恋人 시월애,https://img1.doubanio.com/view/movie_poster_cover/lpst/public/p701320928.jpg,李铉升,2000-09-09(韩国), 韩国,全智贤 / 李政宰 / 崔允英 / ,7.9
恋战冲绳 戀戰沖繩,https://img3.doubanio.com/view/movie_poster_cover/lpst/public/p482168903.jpg,陈嘉上,2000-07-28(香港), 香港,张国荣 / 王菲 / 梁家辉 / 黎姿 / 谷德昭 / 车婉婉 / 樋口明日嘉 / ,7.2
犬夜叉 いぬやしゃ,https://img3.doubanio.com/view/movie_poster_cover/lpst/public/p1973870186.jpg,池田成,2000-10-16(日本), 日本,山口胜平 / 雪野五月 / 辻谷耕史 / 桑岛法子 / 渡边久美子 / 日高法子 / 成田剑 / 能登麻美子 / 长岛雄一 / 森川智之 / 矢岛晶子 / 松野太纪 / 京田尚子 / 绪方贤一 / 野上尤加奈 / 大神泉 / 小林爱 / 草尾毅 / 杉田智和 / 平田广明 / 折笠爱 / 家中宏 / ,8.7
鸟！鸟！鸟！ For the Birds,https://img3.doubanio.com/view/movie_poster_cover/lpst/public/p860503542.jpg,拉夫·埃格尔斯顿,2000-06-05(法国安锡国际动画电影节), 美国,,8.7
上错花轿嫁对郎,https://img1.doubanio.com/view/movie_poster_cover/lpst/public/p2284593139.jpg,张子恩,2001-01-02(中国大陆), 中国大陆,黄奕 / 李佳璘 / 聂远 / 沙溢 / 师小红 / 郑毓芝  / ,7.3
布莱克书店 第一季 Black Books Season 1,https://img3.doubanio.com/view/movie_poster_cover/lpst/public/p2375152332.jpg,Martin Dennis,2000-09-29, 英国,迪兰·莫兰 / 比尔·贝利 / ,9.0
铁齿铜牙纪晓岚,https://img3.doubanio.com/view/movie_poster_cover/lpst/public/p2326879822.jpg,刘家成,2001-01-08(中国大陆), 中国大陆,张国立 / 王刚 / 张铁林 / 袁立 / 赵敏芬 / ,7.8
都是天使惹的祸,https://img3.doubanio.com/view/movie_poster_cover/lpst/public/p2374985950.jpg,梦继,, 中国大陆,李小璐 / 任泉 / 张延 / 郭涛 / 佟大为 / 周笑莉 / 张芝华 / ,6.9
